{"parameters/conv1.weight": {"_type": "histogram", "values": [1.0, 1.0, 0.0, 0.0, 0.0, 2.0, 2.0, 1.0, 3.0, 3.0, 1.0, 5.0, 6.0, 6.0, 7.0, 6.0, 4.0, 11.0, 6.0, 9.0, 7.0, 7.0, 7.0, 6.0, 9.0, 16.0, 10.0, 6.0, 7.0, 6.0, 13.0, 8.0, 3.0, 5.0, 6.0, 12.0, 8.0, 4.0, 5.0, 12.0, 9.0, 14.0, 12.0, 12.0, 5.0, 5.0, 9.0, 9.0, 9.0, 7.0, 6.0, 8.0, 12.0, 8.0, 7.0, 8.0, 7.0, 8.0, 5.0, 2.0, 3.0, 0.0, 2.0, 2.0], "bins": [-0.2944091558456421, -0.2860080599784851, -0.2776069939136505, -0.26920589804649353, -0.26080480217933655, -0.25240373611450195, -0.24400264024734497, -0.23560155928134918, -0.2272004783153534, -0.2187993973493576, -0.21039830148220062, -0.20199722051620483, -0.19359613955020905, -0.18519505858421326, -0.17679396271705627, -0.16839288175106049, -0.1599917858839035, -0.15159070491790771, -0.14318960905075073, -0.13478852808475494, -0.12638744711875916, -0.11798635870218277, -0.10958527028560638, -0.1011841893196106, -0.09278310090303421, -0.08438201248645782, -0.07598093152046204, -0.06757984310388565, -0.059178758412599564, -0.05077767372131348, -0.04237658530473709, -0.033975500613451004, -0.025574415922164917, -0.01717333123087883, -0.008772244676947594, -0.0003711581230163574, 0.00802992656826973, 0.016431011259555817, 0.024832099676132202, 0.03323318436741829, 0.041634269058704376, 0.05003535374999046, 0.05843643844127655, 0.06683752685785294, 0.07523861527442932, 0.08363969624042511, 0.0920407846570015, 0.10044187307357788, 0.10884295403957367, 0.11724404245615005, 0.12564513087272644, 0.13404621183872223, 0.14244729280471802, 0.150848388671875, 0.1592494696378708, 0.16765055060386658, 0.17605164647102356, 0.18445272743701935, 0.19285382330417633, 0.20125490427017212, 0.2096559852361679, 0.2180570662021637, 0.22645816206932068, 0.23485924303531647, 0.24326032400131226]}, "parameters/conv1.bias": {"_type": "histogram", "values": [1.0, 0.0, 0.0, 1.0, 0.0, 0.0, 0.0, 0.0, 0.0, 0.0, 0.0, 0.0, 0.0, 0.0, 1.0, 0.0, 2.0, 0.0, 0.0, 0.0, 0.0, 1.0, 0.0, 0.0, 0.0, 0.0, 0.0, 1.0, 0.0, 1.0, 0.0, 0.0, 0.0, 0.0, 1.0, 0.0, 0.0, 0.0, 0.0, 0.0, 0.0, 1.0, 0.0, 0.0, 0.0, 0.0, 1.0, 1.0, 0.0, 0.0, 0.0, 1.0, 0.0, 1.0, 0.0, 0.0, 0.0, 0.0, 0.0, 0.0, 0.0, 0.0, 0.0, 2.0], "bins": [-0.3217194378376007, -0.31263023614883423, -0.30354100465774536, -0.2944518029689789, -0.2853626012802124, -0.2762733995914459, -0.26718419790267944, -0.2580949664115906, -0.2490057647228241, -0.23991656303405762, -0.23082734644412994, -0.22173812985420227, -0.2126489281654358, -0.2035597264766693, -0.19447050988674164, -0.18538129329681396, -0.17629209160804749, -0.167202889919281, -0.15811367332935333, -0.14902445673942566, -0.13993525505065918, -0.1308460533618927, -0.12175683677196503, -0.11266762763261795, -0.10357841849327087, -0.0944892093539238, -0.08540000021457672, -0.07631079107522964, -0.06722158193588257, -0.05813237279653549, -0.049043163657188416, -0.03995395451784134, -0.030864745378494263, -0.021775536239147186, -0.01268632709980011, -0.0035971179604530334, 0.005492091178894043, 0.01458130031824112, 0.023670509457588196, 0.03275971859693527, 0.04184892773628235, 0.050938136875629425, 0.0600273460149765, 0.06911655515432358, 0.07820576429367065, 0.08729497343301773, 0.09638418257236481, 0.10547339171171188, 0.11456260085105896, 0.12365180999040604, 0.1327410191297531, 0.1418302357196808, 0.15091943740844727, 0.16000863909721375, 0.16909785568714142, 0.1781870722770691, 0.18727627396583557, 0.19636547565460205, 0.20545469224452972, 0.2145439088344574, 0.22363311052322388, 0.23272231221199036, 0.24181152880191803, 0.2509007453918457, 0.2599899470806122]}, "parameters/conv2.weight": {"_type": "histogram", "values": [1.0, 0.0, 1.0, 0.0, 1.0, 3.0, 0.0, 1.0, 0.0, 1.0, 0.0, 5.0, 3.0, 0.0, 7.0, 3.0, 6.0, 7.0, 8.0, 8.0, 10.0, 13.0, 20.0, 23.0, 17.0, 34.0, 35.0, 36.0, 41.0, 46.0, 45.0, 43.0, 56.0, 45.0, 58.0, 58.0, 62.0, 60.0, 50.0, 46.0, 54.0, 41.0, 45.0, 32.0, 31.0, 28.0, 27.0, 18.0, 19.0, 8.0, 9.0, 5.0, 9.0, 3.0, 4.0, 1.0, 1.0, 4.0, 2.0, 1.0, 2.0, 1.0, 1.0, 1.0], "bins": [-0.17223624885082245, -0.16726848483085632, -0.1623007357120514, -0.15733297169208527, -0.15236522257328033, -0.1473974585533142, -0.14242970943450928, -0.13746194541454315, -0.13249418139457703, -0.1275264173746109, -0.12255866825580597, -0.11759091168642044, -0.11262315511703491, -0.10765539109706879, -0.10268763452768326, -0.09771987795829773, -0.0927521288394928, -0.08778437227010727, -0.08281661570072174, -0.07784885913133621, -0.07288110256195068, -0.06791333854198456, -0.06294558197259903, -0.0579778254032135, -0.05301006883382797, -0.048042312264442444, -0.043074555695056915, -0.03810679540038109, -0.03313903883099556, -0.02817128226161003, -0.023203523829579353, -0.018235765397548676, -0.013267993927001953, -0.00830023642629385, -0.0033324789255857468, 0.0016352785751223564, 0.00660303607583046, 0.011570792645215988, 0.016538551077246666, 0.021506309509277344, 0.026474066078662872, 0.0314418226480484, 0.03640957921743393, 0.041377339512109756, 0.046345096081495285, 0.051312852650880814, 0.05628061294555664, 0.06124836951494217, 0.0662161260843277, 0.07118388265371323, 0.07615163922309875, 0.08111939579248428, 0.08608715236186981, 0.09105491638183594, 0.09602267295122147, 0.100990429520607, 0.10595818608999252, 0.11092594265937805, 0.11589369922876358, 0.12086145579814911, 0.12582921981811523, 0.13079696893692017, 0.1357647329568863, 0.14073249697685242, 0.14570024609565735]}, "parameters/conv2.bias": {"_type": "histogram", "values": [1.0, 0.0, 0.0, 0.0, 0.0, 0.0, 0.0, 0.0, 0.0, 0.0, 0.0, 0.0, 0.0, 0.0, 0.0, 0.0, 0.0, 0.0, 0.0, 0.0, 0.0, 0.0, 0.0, 0.0, 0.0, 0.0, 0.0, 0.0, 0.0, 0.0, 1.0, 0.0, 0.0, 0.0, 0.0, 0.0, 0.0, 0.0, 0.0, 0.0, 0.0, 0.0, 0.0, 0.0, 0.0, 0.0, 0.0, 0.0, 0.0, 0.0, 0.0, 0.0, 0.0, 0.0, 0.0, 0.0, 0.0, 0.0, 0.0, 0.0, 0.0, 0.0, 0.0, 1.0], "bins": [-0.20977361500263214, -0.20357385277748108, -0.19737407565116882, -0.19117431342601776, -0.1849745512008667, -0.17877477407455444, -0.17257501184940338, -0.16637524962425232, -0.16017547249794006, -0.153975710272789, -0.14777593314647675, -0.14157617092132568, -0.13537640869617462, -0.12917663156986237, -0.1229768693447113, -0.11677709966897964, -0.11057733744382858, -0.10437756776809692, -0.09817780554294586, -0.0919780358672142, -0.08577826619148254, -0.07957850396633148, -0.07337873429059982, -0.06717896461486816, -0.060979198664426804, -0.05477943271398544, -0.048579663038253784, -0.042379897087812424, -0.03618013113737106, -0.029980361461639404, -0.023780595511198044, -0.017580825835466385, -0.011381059885025024, -0.005181292537599802, 0.0010184748098254204, 0.0072182416915893555, 0.013418009504675865, 0.019617777317762375, 0.025817543268203735, 0.032017312943935394, 0.038217078894376755, 0.044416844844818115, 0.050616614520549774, 0.056816380470991135, 0.0630161464214325, 0.06921591609716415, 0.07541568577289581, 0.08161544799804688, 0.08781521767377853, 0.09401498734951019, 0.10021474957466125, 0.10641451925039291, 0.11261428892612457, 0.11881405115127563, 0.1250138282775879, 0.13121359050273895, 0.13741335272789001, 0.14361311495304108, 0.14981289207935333, 0.1560126543045044, 0.16221241652965546, 0.1684121936559677, 0.17461195588111877, 0.18081173300743103, 0.1870114952325821]}, "gradients/conv2.bias": {"_type": "histogram", "values": [1.0, 0.0, 0.0, 0.0, 0.0, 0.0, 0.0, 0.0, 0.0, 0.0, 0.0, 0.0, 0.0, 0.0, 0.0, 0.0, 0.0, 0.0, 0.0, 0.0, 0.0, 0.0, 0.0, 0.0, 0.0, 0.0, 0.0, 0.0, 0.0, 0.0, 0.0, 0.0, 0.0, 0.0, 0.0, 0.0, 0.0, 0.0, 0.0, 0.0, 0.0, 0.0, 0.0, 0.0, 0.0, 0.0, 0.0, 0.0, 0.0, 0.0, 0.0, 1.0, 0.0, 0.0, 0.0, 0.0, 0.0, 0.0, 0.0, 0.0, 0.0, 0.0, 0.0, 1.0],