{"parameters/conv1.weight": {"_type": "histogram", "values": [2.0, 3.0, 3.0, 0.0, 6.0, 3.0, 2.0, 4.0, 4.0, 6.0, 6.0, 3.0, 2.0, 1.0, 2.0, 0.0, 8.0, 0.0, 7.0, 3.0, 6.0, 1.0, 2.0, 5.0, 3.0, 1.0, 4.0, 4.0, 5.0, 6.0, 7.0, 6.0, 1.0, 5.0, 3.0, 0.0, 2.0, 4.0, 5.0, 3.0, 6.0, 1.0, 4.0, 4.0, 2.0, 2.0, 1.0, 0.0, 3.0, 5.0, 2.0, 4.0, 1.0, 0.0, 2.0, 7.0, 4.0, 3.0, 4.0, 0.0, 3.0, 2.0, 1.0, 1.0], "bins": [-0.20195619761943817, -0.19549308717250824, -0.1890299767255783, -0.18256688117980957, -0.17610377073287964, -0.1696406602859497, -0.16317754983901978, -0.15671443939208984, -0.1502513438463211, -0.14378823339939117, -0.13732512295246124, -0.1308620274066925, -0.12439891695976257, -0.11793580651283264, -0.11147269606590271, -0.10500959306955338, -0.09854648262262344, -0.09208337217569351, -0.08562026917934418, -0.07915715873241425, -0.07269405573606491, -0.06623094528913498, -0.059767838567495346, -0.05330473184585571, -0.04684162512421608, -0.04037851840257645, -0.03391541168093681, -0.02745230309665203, -0.020989196375012398, -0.014526087790727615, -0.008062981069087982, -0.001599874347448349, 0.004863232374191284, 0.011326339095830917, 0.01778944581747055, 0.024252554401755333, 0.030715661123394966, 0.03717876970767975, 0.04364187642931938, 0.050104983150959015, 0.05656808987259865, 0.06303119659423828, 0.06949430704116821, 0.07595741003751755, 0.08242052048444748, 0.08888362348079681, 0.09534673392772675, 0.10180984437465668, 0.10827294737100601, 0.11473605781793594, 0.12119916081428528, 0.1276622712612152, 0.13412538170814514, 0.14058849215507507, 0.1470515877008438, 0.15351469814777374, 0.15997780859470367, 0.1664409190416336, 0.17290402948856354, 0.17936712503433228, 0.1858302354812622, 0.19229334592819214, 0.19875645637512207, 0.205219566822052, 0.21168266236782074]}, "parameters/conv1.bias": {"_type": "histogram", "values": [1.0, 0.0, 0.0, 0.0, 0.0, 0.0, 1.0, 0.0, 0.0, 0.0, 0.0, 0.0, 0.0, 0.0, 0.0, 0.0, 0.0, 0.0, 0.0, 0.0, 0.0, 0.0, 0.0, 0.0, 0.0, 0.0, 0.0, 0.0, 0.0, 0.0, 0.0, 0.0, 0.0, 0.0, 0.0, 0.0, 0.0, 0.0, 0.0, 0.0, 0.0, 0.0, 0.0, 0.0, 0.0, 1.0, 1.0, 0.0, 0.0, 0.0, 0.0, 0.0, 1.0, 0.0, 0.0, 0.0, 0.0, 1.0, 1.0, 0.0, 0.0, 0.0, 0.0, 1.0], "bins": [-0.105994813144207, -0.10094769299030304, -0.09590058028697968, -0.09085346013307571, -0.08580633997917175, -0.08075921982526779, -0.07571209967136383, -0.07066498696804047, -0.0656178668141365, -0.060570746660232544, -0.05552363023161888, -0.05047651380300522, -0.04542939364910126, -0.040382273495197296, -0.03533515706658363, -0.03028804063796997, -0.02524092048406601, -0.020193802192807198, -0.015146683901548386, -0.010099565610289574, -0.005052447319030762, -5.329027771949768e-06, 0.005041789263486862, 0.010088905692100525, 0.015136025846004486, 0.020183144137263298, 0.02523026242852211, 0.030277380719780922, 0.035324499011039734, 0.040371619164943695, 0.04541873559355736, 0.05046585202217102, 0.055512964725494385, 0.060560084879398346, 0.06560720503330231, 0.07065431773662567, 0.07570143789052963, 0.0807485580444336, 0.08579567074775696, 0.09084279090166092, 0.09588991105556488, 0.10093703120946884, 0.1059841513633728, 0.11103126406669617, 0.11607838422060013, 0.12112550437450409, 0.12617261707782745, 0.131219744682312, 0.13626685738563538, 0.14131397008895874, 0.1463610976934433, 0.15140821039676666, 0.15645533800125122, 0.16150245070457458, 0.16654956340789795, 0.1715966761112213, 0.17664380371570587, 0.18169091641902924, 0.1867380440235138, 0.19178515672683716, 0.19683226943016052, 0.20187939703464508, 0.20692650973796844, 0.211973637342453, 0.21702075004577637]}, "parameters/conv2.weight": {"_type": "histogram", "values": [3.0, 7.0, 3.0, 6.0, 4.0, 6.0, 10.0, 14.0, 12.0, 8.0, 8.0, 10.0, 9.0, 8.0, 20.0, 15.0, 10.0, 9.0, 6.0, 18.0, 15.0, 16.0, 14.0, 11.0, 8.0, 5.0, 11.0, 9.0, 17.0, 17.0, 12.0, 18.0, 9.0, 12.0, 7.0, 13.0, 20.0, 15.0, 8.0, 15.0, 7.0, 12.0, 12.0, 14.0, 14.0, 8.0, 14.0, 13.0, 4.0, 13.0, 10.0, 7.0, 7.0, 8.0, 3.0, 5.0, 1.0, 2.0, 1.0, 0.0, 2.0, 2.0, 1.0, 2.0], "bins": [-0.08644729107618332, -0.08357201516628265, -0.08069673925638199, -0.07782146334648132, -0.07494618743658066, -0.07207091152667999, -0.06919562816619873, -0.06632035970687866, -0.0634450763463974, -0.060569800436496735, -0.05769452452659607, -0.054819248616695404, -0.05194397270679474, -0.049068696796894073, -0.04619341716170311, -0.043318141251802444, -0.04044286906719208, -0.03756759315729141, -0.03469231724739075, -0.03181704133749008, -0.028941763564944267, -0.026066487655043602, -0.023191209882497787, -0.020315933972597122, -0.017440658062696457, -0.014565382152795792, -0.011690105311572552, -0.008814828470349312, -0.0059395525604486465, -0.0030642766505479813, -0.00018899887800216675, 0.0026862770318984985, 0.005561545491218567, 0.008436821401119232, 0.011312098242342472, 0.014187375083565712, 0.017062650993466377, 0.019937926903367043, 0.022813204675912857, 0.025688480585813522, 0.028563756495714188, 0.03143903240561485, 0.03431430831551552, 0.03718958795070648, 0.04006486386060715, 0.04294013977050781, 0.04581541568040848, 0.04869069159030914, 0.05156596750020981, 0.054441243410110474, 0.05731651932001114, 0.060191795229911804, 0.06306707113981247, 0.06594234704971313, 0.0688176304101944, 0.07169289886951447, 0.07456818222999573, 0.07744345813989639, 0.08031873404979706, 0.08319400995969772, 0.08606928586959839, 0.08894456177949905, 0.09181983768939972, 0.09469512104988098, 0.09757038950920105]}, "parameters/conv2.bias": {"_type": "histogram", "values": [1.0, 0.0, 0.0, 0.0, 0.0, 0.0, 0.0, 0.0, 0.0, 0.0, 0.0, 1.0, 0.0, 0.0, 0.0, 0.0, 0.0, 0.0, 0.0, 0.0, 0.0, 0.0, 0.0, 0.0, 0.0, 0.0, 0.0, 0.0, 0.0, 0.0, 0.0, 0.0, 0.0, 0.0, 0.0, 0.0, 0.0, 0.0, 0.0, 0.0, 0.0, 0.0, 0.0, 0.0, 0.0, 0.0, 0.0, 0.0, 0.0, 0.0, 0.0, 0.0, 0.0, 0.0, 0.0, 0.0, 0.0, 0.0, 0.0, 0.0, 0.0, 0.0, 0.0, 1.0], "bins": [0.011258898302912712, 0.014386627823114395, 0.017514357343316078, 0.02064208686351776, 0.023769818246364594, 0.026897547766566277, 0.03002527728676796, 0.03315300494432449, 0.036280736327171326, 0.03940846771001816, 0.04253619536757469, 0.045663926750421524, 0.04879165440797806, 0.05191938579082489, 0.05504711717367172, 0.058174844831228256, 0.06130257248878479, 0.06443030387163162, 0.06755803525447845, 0.07068575918674469, 0.07381349056959152, 0.07694122195243835, 0.08006895333528519, 0.08319668471813202, 0.08632440865039825, 0.08945214003324509, 0.09257987141609192, 0.09570759534835815, 0.09883532673120499, 0.10196305811405182, 0.10509078949689865, 0.10821852087974548, 0.11134625226259232, 0.11447398364543915, 0.11760171502828598, 0.12072943896055222, 0.12385717034339905, 0.12698489427566528, 0.1301126331090927, 0.13324035704135895, 0.13636809587478638, 0.1394958198070526, 0.14262355864048004, 0.14575128257274628, 0.1488790214061737, 0.15200674533843994, 0.15513446927070618, 0.1582622081041336, 0.16138993203639984, 0.16451765596866608, 0.1676453948020935, 0.17077311873435974, 0.17390085756778717, 0.1770285815000534, 0.18015630543231964, 0.18328404426574707, 0.1864117681980133, 0.18953949213027954, 0.19266723096370697, 0.1957949548959732, 0.19892269372940063, 0.20205041766166687, 0.2051781415939331, 0.20830588042736053, 0.21143360435962677]}, "gradients/conv2.bias": {"_type": "histogram", "values": [1.0, 0.0, 0.0, 0.0, 0.0, 0.0, 0.0, 0.0, 0.0, 0.0, 0.0, 0.0, 0.0, 0.0, 0.0, 0.0, 0.0, 0.0, 0.0, 0.0, 0.0, 0.0, 0.0, 0.0, 0.0, 0.0, 0.0, 0.0, 0.0, 0.0, 0.0, 0.0, 0.0, 0.0, 0.0, 0.0, 0.0, 0.0, 0.0, 0.0, 0.0, 0.0, 0.0, 0.0, 0.0, 0.0, 0.0, 0.0, 0.0, 0.0, 0.0, 1.0, 0.0, 0.0, 0.0, 0.0, 0.0, 0.0, 0.0, 0.0, 0.0, 0.0, 0.0, 1.0],