{"parameters/conv1.weight": {"_type": "histogram", "values": [1.0, 1.0, 0.0, 0.0, 0.0, 0.0, 0.0, 0.0, 1.0, 1.0, 3.0, 3.0, 2.0, 4.0, 5.0, 5.0, 7.0, 10.0, 6.0, 10.0, 8.0, 10.0, 6.0, 18.0, 11.0, 9.0, 11.0, 17.0, 7.0, 14.0, 15.0, 14.0, 10.0, 13.0, 8.0, 12.0, 12.0, 11.0, 14.0, 8.0, 14.0, 21.0, 14.0, 17.0, 12.0, 3.0, 10.0, 7.0, 7.0, 5.0, 1.0, 1.0, 0.0, 0.0, 0.0, 0.0, 0.0, 0.0, 0.0, 0.0, 0.0, 0.0, 0.0, 1.0], "bins": [-0.37544724345207214, -0.3635425567626953, -0.3516378700733185, -0.33973318338394165, -0.3278285264968872, -0.3159238398075104, -0.30401915311813354, -0.2921144664287567, -0.2802097797393799, -0.26830509305000305, -0.2564004063606262, -0.24449573457241058, -0.23259106278419495, -0.22068637609481812, -0.20878168940544128, -0.19687700271606445, -0.18497234582901, -0.17306765913963318, -0.16116298735141754, -0.1492583006620407, -0.13735362887382507, -0.12544894218444824, -0.11354425549507141, -0.10163957625627518, -0.08973489701747894, -0.07783021777868271, -0.06592553853988647, -0.054020851850509644, -0.04211617261171341, -0.030211493372917175, -0.018306806683540344, -0.00640212744474411, 0.005502581596374512, 0.017407262697815895, 0.02931194379925728, 0.04121662676334381, 0.053121306002140045, 0.06502598524093628, 0.07693067193031311, 0.08883535116910934, 0.10074003040790558, 0.11264470964670181, 0.12454938888549805, 0.13645407557487488, 0.1483587622642517, 0.16026343405246735, 0.17216812074184418, 0.18407279253005981, 0.19597747921943665, 0.20788216590881348, 0.2197868376970291, 0.23169152438640594, 0.24359619617462158, 0.2555008828639984, 0.26740556955337524, 0.2793102562427521, 0.2912149429321289, 0.30311962962150574, 0.31502431631088257, 0.326928973197937, 0.33883365988731384, 0.3507383465766907, 0.3626430332660675, 0.37454771995544434, 0.3864523768424988]}, "parameters/conv1.bias": {"_type": "histogram", "values": [1.0, 0.0, 0.0, 0.0, 0.0, 0.0, 0.0, 0.0, 0.0, 1.0, 0.0, 0.0, 0.0, 0.0, 0.0, 0.0, 0.0, 1.0, 0.0, 0.0, 0.0, 1.0, 0.0, 0.0, 0.0, 0.0, 0.0, 1.0, 0.0, 1.0, 1.0, 0.0, 0.0, 1.0, 0.0, 0.0, 0.0, 0.0, 0.0, 1.0, 0.0, 1.0, 0.0, 0.0, 0.0, 0.0, 0.0, 0.0, 0.0, 0.0, 0.0, 0.0, 0.0, 2.0, 1.0, 0.0, 0.0, 0.0, 0.0, 2.0, 0.0, 0.0, 0.0, 1.0], "bins": [-0.41148367524147034, -0.40157338976860046, -0.3916631042957306, -0.3817528188228607, -0.37184253334999084, -0.36193227767944336, -0.3520219922065735, -0.3421117067337036, -0.33220142126083374, -0.32229113578796387, -0.312380850315094, -0.3024705648422241, -0.29256027936935425, -0.2826499938964844, -0.2727397084236145, -0.262829452753067, -0.25291913747787476, -0.24300885200500488, -0.233098566532135, -0.22318828105926514, -0.21327801048755646, -0.20336772501468658, -0.1934574395418167, -0.18354716897010803, -0.17363688349723816, -0.1637265980243683, -0.1538163125514984, -0.14390602707862854, -0.13399575650691986, -0.12408547103404999, -0.11417518556118011, -0.10426490753889084, -0.09435462951660156, -0.08444434404373169, -0.07453406602144241, -0.06462378054857254, -0.054713498800992966, -0.04480321705341339, -0.03489293158054352, -0.024982653558254242, -0.015072368085384369, -0.00516208540648222, 0.0047481972724199295, 0.014658480882644653, 0.024568762630224228, 0.0344790443778038, 0.044389329850673676, 0.05429960787296295, 0.06420989334583282, 0.0741201788187027, 0.08403045684099197, 0.09394074231386185, 0.10385102033615112, 0.113761305809021, 0.12367159128189087, 0.13358187675476074, 0.14349216222763062, 0.1534024477005005, 0.16331273317337036, 0.17322301864624023, 0.1831332892179489, 0.1930435746908188, 0.20295386016368866, 0.21286413073539734, 0.2227744162082672]}, "parameters/conv2.weight": {"_type": "histogram", "values": [2.0, 0.0, 0.0, 1.0, 0.0, 2.0, 0.0, 0.0, 1.0, 1.0, 0.0, 3.0, 1.0, 0.0, 1.0, 2.0, 3.0, 6.0, 3.0, 12.0, 6.0, 9.0, 12.0, 16.0, 29.0, 25.0, 33.0, 31.0, 62.0, 49.0, 70.0, 52.0, 74.0, 94.0, 61.0, 89.0, 92.0, 59.0, 45.0, 45.0, 43.0, 33.0, 46.0, 17.0, 13.0, 23.0, 9.0, 4.0, 1.0, 2.0, 6.0, 4.0, 2.0, 1.0, 1.0, 1.0, 1.0, 0.0, 0.0, 1.0, 0.0, 0.0, 0.0, 1.0], "bins": [-0.23034809529781342, -0.2234448343515396, -0.2165415734052658, -0.209638312458992, -0.2027350515127182, -0.1958317905664444, -0.1889285147190094, -0.1820252537727356, -0.1751219928264618, -0.168218731880188, -0.16131547093391418, -0.15441220998764038, -0.14750894904136658, -0.14060568809509277, -0.13370242714881897, -0.12679916620254517, -0.11989590525627136, -0.11299264430999756, -0.10608938336372375, -0.09918612241744995, -0.09228286147117615, -0.08537960052490234, -0.07847633212804794, -0.07157307118177414, -0.06466981023550034, -0.05776654928922653, -0.05086328834295273, -0.043960023671388626, -0.03705676272511482, -0.03015350177884102, -0.023250237107276917, -0.016346976161003113, -0.009443730115890503, -0.0025404682382941246, 0.004362793639302254, 0.011266056448221207, 0.01816931739449501, 0.025072578340768814, 0.031975843012332916, 0.03887910395860672, 0.045782364904880524, 0.05268562585115433, 0.05958888679742813, 0.06649215519428253, 0.07339541614055634, 0.08029867708683014, 0.08720193803310394, 0.09410519897937775, 0.10100845992565155, 0.10791172087192535, 0.11481498181819916, 0.12171824276447296, 0.12862150371074677, 0.13552476465702057, 0.14242804050445557, 0.14933130145072937, 0.15623456239700317, 0.16313782334327698, 0.17004108428955078, 0.17694434523582458, 0.1838476061820984, 0.1907508671283722, 0.197654128074646, 0.2045573890209198, 0.2114606499671936]}, "parameters/conv2.bias": {"_type": "histogram", "values": [1.0, 0.0, 0.0, 0.0, 0.0, 0.0, 0.0, 0.0, 0.0, 0.0, 0.0, 0.0, 0.0, 0.0, 0.0, 0.0, 0.0, 0.0, 0.0, 0.0, 0.0, 0.0, 0.0, 0.0, 0.0, 0.0, 0.0, 0.0, 0.0, 1.0, 0.0, 0.0, 0.0, 0.0, 0.0, 0.0, 0.0, 0.0, 0.0, 0.0, 0.0, 0.0, 0.0, 0.0, 0.0, 0.0, 0.0, 0.0, 0.0, 0.0, 0.0, 0.0, 0.0, 0.0, 0.0, 0.0, 0.0, 0.0, 0.0, 0.0, 0.0, 0.0, 0.0, 1.0], "bins": [-0.2588723301887512, -0.2522803544998169, -0.24568836390972137, -0.23909638822078705, -0.23250441253185272, -0.2259124219417572, -0.21932044625282288, -0.21272847056388855, -0.20613649487495422, -0.1995445191860199, -0.19295252859592438, -0.18636055290699005, -0.17976857721805573, -0.1731765866279602, -0.16658461093902588, -0.15999263525009155, -0.15340064465999603, -0.1468086689710617, -0.1402166783809662, -0.13362470269203186, -0.12703272700309753, -0.12044074386358261, -0.11384876072406769, -0.10725678503513336, -0.10066480189561844, -0.09407281875610352, -0.08748084306716919, -0.08088885992765427, -0.07429687678813934, -0.06770490109920502, -0.061112917959690094, -0.05452093854546547, -0.047928959131240845, -0.04133697971701622, -0.034745000302791595, -0.028153017163276672, -0.021561037749052048, -0.014969058334827423, -0.0083770751953125, -0.0017850957810878754, 0.004806883633136749, 0.011398863978683949, 0.017990844324231148, 0.02458282560110092, 0.031174805015325546, 0.03776678442955017, 0.044358767569065094, 0.05095074698328972, 0.05754272639751434, 0.06413470953702927, 0.07072668522596359, 0.07731866836547852, 0.08391064405441284, 0.09050262719392776, 0.09709461033344269, 0.10368658602237701, 0.11027856916189194, 0.11687055230140686, 0.12346252799034119, 0.1300545036792755, 0.13664649426937103, 0.14323846995830536, 0.14983046054840088, 0.1564224362373352, 0.16301441192626953]}, "gradients/conv2.bias": {"_type": "histogram", "values": [1.0, 0.0, 0.0, 0.0, 0.0, 0.0, 0.0, 0.0, 0.0, 0.0, 0.0, 0.0, 0.0, 0.0, 1.0, 0.0, 0.0, 0.0, 0.0, 0.0, 0.0, 0.0, 0.0, 0.0, 0.0, 0.0, 0.0, 0.0, 0.0, 0.0, 0.0, 0.0, 0.0, 0.0, 0.0, 0.0, 0.0, 0.0, 0.0, 0.0, 0.0, 0.0, 0.0, 0.0, 0.0, 0.0, 0.0, 0.0, 0.0, 0.0, 0.0, 0.0, 0.0, 0.0, 0.0, 0.0, 0.0, 0.0, 0.0, 0.0, 0.0, 0.0, 0.0, 1.0],