{"parameters/conv1.weight": {"_type": "histogram", "values": [1.0, 0.0, 0.0, 1.0, 2.0, 2.0, 2.0, 3.0, 8.0, 4.0, 7.0, 7.0, 8.0, 5.0, 15.0, 8.0, 13.0, 8.0, 8.0, 8.0, 12.0, 16.0, 7.0, 11.0, 11.0, 8.0, 11.0, 3.0, 4.0, 11.0, 9.0, 8.0, 8.0, 5.0, 18.0, 8.0, 10.0, 12.0, 13.0, 9.0, 7.0, 5.0, 10.0, 6.0, 6.0, 8.0, 3.0, 7.0, 9.0, 4.0, 4.0, 6.0, 4.0, 3.0, 3.0, 2.0, 2.0, 2.0, 2.0, 1.0, 0.0, 0.0, 0.0, 2.0], "bins": [-0.27773022651672363, -0.26855286955833435, -0.25937551259994507, -0.2501981854438782, -0.2410208284854889, -0.2318434715270996, -0.22266612946987152, -0.21348878741264343, -0.20431143045425415, -0.19513407349586487, -0.18595673143863678, -0.1767793893814087, -0.1676020324230194, -0.15842467546463013, -0.14924733340740204, -0.14006999135017395, -0.13089263439178467, -0.12171528488397598, -0.1125379353761673, -0.10336058586835861, -0.09418323636054993, -0.08500588685274124, -0.07582853734493256, -0.06665118783712387, -0.057473838329315186, -0.0482964888215065, -0.039119139313697815, -0.02994178980588913, -0.020764440298080444, -0.011587090790271759, -0.0024097412824630737, 0.006767608225345612, 0.015944987535476685, 0.02512233704328537, 0.034299686551094055, 0.04347703605890274, 0.052654385566711426, 0.06183173507452011, 0.0710090845823288, 0.08018643409013748, 0.08936378359794617, 0.09854113310575485, 0.10771848261356354, 0.11689583212137222, 0.1260731816291809, 0.1352505385875702, 0.14442788064479828, 0.15360522270202637, 0.16278257966041565, 0.17195993661880493, 0.18113727867603302, 0.1903146207332611, 0.1994919776916504, 0.20866933465003967, 0.21784667670726776, 0.22702401876449585, 0.23620137572288513, 0.24537873268127441, 0.2545560598373413, 0.2637334167957306, 0.2729107737541199, 0.28208813071250916, 0.29126548767089844, 0.30044281482696533, 0.3096201717853546]}, "parameters/conv1.bias": {"_type": "histogram", "values": [1.0, 0.0, 0.0, 0.0, 0.0, 1.0, 0.0, 0.0, 0.0, 0.0, 0.0, 0.0, 0.0, 0.0, 0.0, 1.0, 0.0, 0.0, 0.0, 0.0, 0.0, 0.0, 1.0, 0.0, 0.0, 0.0, 0.0, 0.0, 0.0, 0.0, 0.0, 0.0, 0.0, 0.0, 1.0, 0.0, 1.0, 0.0, 0.0, 1.0, 0.0, 0.0, 0.0, 0.0, 0.0, 1.0, 1.0, 0.0, 1.0, 0.0, 0.0, 1.0, 1.0, 0.0, 0.0, 0.0, 1.0, 1.0, 0.0, 0.0, 0.0, 1.0, 0.0, 1.0], "bins": [-0.4322982132434845, -0.42190104722976685, -0.4115038812160492, -0.40110671520233154, -0.3907095491886139, -0.38031238317489624, -0.3699152171611786, -0.35951805114746094, -0.3491208851337433, -0.33872371912002563, -0.328326553106308, -0.31792938709259033, -0.3075322210788727, -0.29713505506515503, -0.2867378890514374, -0.2763407230377197, -0.2659435272216797, -0.25554636120796204, -0.24514919519424438, -0.23475202918052673, -0.22435486316680908, -0.21395769715309143, -0.20356053113937378, -0.19316336512565613, -0.18276619911193848, -0.17236903309822083, -0.16197186708450317, -0.15157470107078552, -0.14117753505706787, -0.13078036904335022, -0.12038319557905197, -0.10998602956533432, -0.09958885610103607, -0.08919169008731842, -0.07879452407360077, -0.06839735805988312, -0.05800018832087517, -0.047603022307157516, -0.03720585256814957, -0.026808686554431915, -0.016411520540714264, -0.006014353595674038, 0.004382813349366188, 0.014779981225728989, 0.02517714723944664, 0.03557431325316429, 0.04597148299217224, 0.05636864900588989, 0.06676581501960754, 0.0771629810333252, 0.08756014704704285, 0.0979573130607605, 0.10835447907447815, 0.1187516450881958, 0.12914881110191345, 0.1395459771156311, 0.14994314312934875, 0.1603403091430664, 0.17073747515678406, 0.1811346411705017, 0.19153180718421936, 0.201928973197937, 0.21232613921165466, 0.22272330522537231, 0.23312048614025116]}, "parameters/conv2.weight": {"_type": "histogram", "values": [2.0, 2.0, 0.0, 1.0, 0.0, 0.0, 1.0, 2.0, 1.0, 1.0, 1.0, 5.0, 6.0, 9.0, 9.0, 12.0, 11.0, 22.0, 24.0, 22.0, 33.0, 36.0, 42.0, 56.0, 55.0, 55.0, 43.0, 54.0, 63.0, 73.0, 57.0, 60.0, 62.0, 61.0, 34.0, 50.0, 55.0, 29.0, 27.0, 26.0, 21.0, 14.0, 18.0, 7.0, 3.0, 6.0, 4.0, 3.0, 1.0, 6.0, 2.0, 1.0, 0.0, 2.0, 1.0, 1.0, 1.0, 4.0, 0.0, 0.0, 0.0, 0.0, 1.0, 2.0], "bins": [-0.17073339223861694, -0.1649150848388672, -0.15909677743911743, -0.15327847003936768, -0.14746016263961792, -0.14164185523986816, -0.1358235478401184, -0.13000524044036865, -0.1241869330406189, -0.11836862564086914, -0.11255031824111938, -0.10673201084136963, -0.10091370344161987, -0.09509539604187012, -0.08927708864212036, -0.0834587812423706, -0.07764047384262085, -0.0718221664428711, -0.06600385904312134, -0.06018555164337158, -0.054367244243621826, -0.04854893684387207, -0.042730629444122314, -0.03691232204437256, -0.031094014644622803, -0.025275707244873047, -0.01945739984512329, -0.013639092445373535, -0.00782078504562378, -0.0020024776458740234, 0.0038158297538757324, 0.009634137153625488, 0.01545242965221405, 0.021270737051963806, 0.027089044451713562, 0.03290735185146332, 0.038725659251213074, 0.04454396665096283, 0.050362274050712585, 0.05618058145046234, 0.0619988888502121, 0.06781719624996185, 0.07363550364971161, 0.07945381104946136, 0.08527211844921112, 0.09109042584896088, 0.09690873324871063, 0.10272704064846039, 0.10854534804821014, 0.1143636554479599, 0.12018196284770966, 0.1260002702474594, 0.13181857764720917, 0.13763688504695892, 0.14345519244670868, 0.14927349984645844, 0.1550918072462082, 0.16091011464595795, 0.1667284220457077, 0.17254672944545746, 0.17836503684520721, 0.18418334424495697, 0.19000165164470673, 0.19581995904445648, 0.20163826644420624]}, "parameters/conv2.bias": {"_type": "histogram", "values": [1.0, 0.0, 0.0, 0.0, 0.0, 0.0, 0.0, 0.0, 0.0, 0.0, 0.0, 0.0, 0.0, 0.0, 0.0, 0.0, 0.0, 0.0, 0.0, 0.0, 0.0, 0.0, 0.0, 1.0, 0.0, 0.0, 0.0, 0.0, 0.0, 0.0, 0.0, 0.0, 0.0, 0.0, 0.0, 0.0, 0.0, 0.0, 0.0, 0.0, 0.0, 0.0, 0.0, 0.0, 0.0, 0.0, 0.0, 0.0, 0.0, 0.0, 0.0, 0.0, 0.0, 0.0, 0.0, 0.0, 0.0, 0.0, 0.0, 0.0, 0.0, 0.0, 0.0, 1.0], "bins": [-0.29424747824668884, -0.2871881425380707, -0.2801288068294525, -0.27306944131851196, -0.2660101056098938, -0.25895076990127563, -0.25189143419265747, -0.2448320984840393, -0.23777276277542114, -0.23071342706680298, -0.22365407645702362, -0.21659474074840546, -0.2095354050397873, -0.20247605443000793, -0.19541671872138977, -0.1883573830127716, -0.18129803240299225, -0.17423869669437408, -0.16717934608459473, -0.16012001037597656, -0.1530606746673584, -0.14600133895874023, -0.13894198834896088, -0.1318826526403427, -0.12482330948114395, -0.11776396632194519, -0.11070463061332703, -0.10364528745412827, -0.0965859442949295, -0.08952660858631134, -0.08246726542711258, -0.07540792226791382, -0.06834858655929565, -0.06128924712538719, -0.05422990769147873, -0.04717056453227997, -0.040111225098371506, -0.03305188566446304, -0.025992542505264282, -0.01893320307135582, -0.011873863637447357, -0.00481452327221632, 0.002244817093014717, 0.009304158389568329, 0.01636349782347679, 0.023422837257385254, 0.030482180416584015, 0.03754151985049248, 0.04460085928440094, 0.0516601987183094, 0.058719538152217865, 0.06577888131141663, 0.07283821702003479, 0.07989756017923355, 0.08695690333843231, 0.09401623904705048, 0.10107558220624924, 0.108134925365448, 0.11519426107406616, 0.12225360423326492, 0.12931294739246368, 0.13637228310108185, 0.1434316337108612, 0.15049096941947937, 0.15755030512809753]}, "gradients/conv2.bias": {"_type": "histogram", "values": [1.0, 0.0, 0.0, 0.0, 0.0, 0.0, 0.0, 0.0, 0.0, 0.0, 0.0, 0.0, 0.0, 0.0, 0.0, 0.0, 0.0, 0.0, 0.0, 0.0, 0.0, 0.0, 0.0, 0.0, 0.0, 0.0, 0.0, 0.0, 0.0, 1.0, 0.0, 0.0, 0.0, 0.0, 0.0, 0.0, 0.0, 0.0, 0.0, 0.0, 0.0, 0.0, 0.0, 0.0, 0.0, 0.0, 0.0, 0.0, 0.0, 0.0, 0.0, 0.0, 0.0, 0.0, 0.0, 0.0, 0.0, 0.0, 0.0, 0.0, 0.0, 0.0, 0.0, 1.0],