{"parameters/conv1.weight": {"_type": "histogram", "values": [1.0, 0.0, 0.0, 0.0, 0.0, 0.0, 0.0, 1.0, 2.0, 0.0, 1.0, 0.0, 2.0, 0.0, 8.0, 8.0, 4.0, 10.0, 4.0, 8.0, 10.0, 9.0, 18.0, 10.0, 7.0, 12.0, 10.0, 8.0, 11.0, 7.0, 14.0, 8.0, 15.0, 16.0, 10.0, 10.0, 17.0, 11.0, 15.0, 13.0, 11.0, 8.0, 13.0, 12.0, 14.0, 15.0, 11.0, 7.0, 10.0, 6.0, 4.0, 3.0, 1.0, 2.0, 1.0, 0.0, 0.0, 0.0, 0.0, 1.0, 0.0, 0.0, 0.0, 1.0], "bins": [-0.37146493792533875, -0.3602907955646515, -0.34911665320396423, -0.337942510843277, -0.3267683982849121, -0.31559425592422485, -0.3044201135635376, -0.29324597120285034, -0.2820718288421631, -0.27089768648147583, -0.2597235441207886, -0.2485494166612625, -0.23737527430057526, -0.226201131939888, -0.21502700448036194, -0.20385286211967468, -0.19267871975898743, -0.18150457739830017, -0.17033043503761292, -0.15915630757808685, -0.1479821652173996, -0.13680802285671234, -0.12563389539718628, -0.11445975303649902, -0.10328561067581177, -0.09211146831512451, -0.08093733340501785, -0.0697631984949112, -0.05858905613422394, -0.04741491749882698, -0.03624077886343002, -0.025066643953323364, -0.013892501592636108, -0.002718362957239151, 0.008455775678157806, 0.019629914313554764, 0.03080405294895172, 0.04197819158434868, 0.053152330219745636, 0.0643264651298523, 0.07550060749053955, 0.0866747498512268, 0.09784888476133347, 0.10902301967144012, 0.12019716203212738, 0.13137130439281464, 0.1425454318523407, 0.15371957421302795, 0.1648937165737152, 0.17606785893440247, 0.18724200129508972, 0.19841612875461578, 0.20959027111530304, 0.2207644134759903, 0.23193854093551636, 0.2431126832962036, 0.25428682565689087, 0.2654609680175781, 0.2766351103782654, 0.28780925273895264, 0.2989833950996399, 0.31015750765800476, 0.321331650018692, 0.3325057923793793, 0.34367993474006653]}, "parameters/conv1.bias": {"_type": "histogram", "values": [1.0, 0.0, 1.0, 0.0, 0.0, 0.0, 0.0, 1.0, 0.0, 0.0, 1.0, 1.0, 0.0, 0.0, 0.0, 0.0, 0.0, 0.0, 0.0, 0.0, 0.0, 0.0, 0.0, 0.0, 0.0, 0.0, 0.0, 1.0, 0.0, 0.0, 1.0, 1.0, 0.0, 0.0, 1.0, 0.0, 1.0, 0.0, 0.0, 0.0, 0.0, 0.0, 0.0, 0.0, 0.0, 0.0, 0.0, 0.0, 0.0, 0.0, 0.0, 0.0, 1.0, 1.0, 0.0, 0.0, 1.0, 0.0, 1.0, 1.0, 0.0, 0.0, 0.0, 1.0], "bins": [-0.36966806650161743, -0.36053115129470825, -0.35139426589012146, -0.3422573506832123, -0.3331204354763031, -0.3239835500717163, -0.31484663486480713, -0.30570971965789795, -0.29657283425331116, -0.287435919046402, -0.2782990336418152, -0.269162118434906, -0.2600252032279968, -0.25088831782341003, -0.24175140261650085, -0.23261450231075287, -0.2234775871038437, -0.2143406867980957, -0.20520377159118652, -0.19606687128543854, -0.18692997097969055, -0.17779305577278137, -0.1686561554670334, -0.1595192551612854, -0.15038233995437622, -0.14124543964862823, -0.13210852444171906, -0.12297162413597107, -0.11383472383022308, -0.1046978160738945, -0.09556090831756592, -0.08642400801181793, -0.07728710770606995, -0.06815019994974136, -0.05901329964399338, -0.049876391887664795, -0.04073948785662651, -0.031602583825588226, -0.022465676069259644, -0.013328775763511658, -0.004191868007183075, 0.004945036955177784, 0.014081941917538643, 0.023218847811222076, 0.03235575184226036, 0.041492655873298645, 0.05062956362962723, 0.059766463935375214, 0.0689033716917038, 0.07804027944803238, 0.08717717975378036, 0.09631408751010895, 0.10545098781585693, 0.11458789557218552, 0.1237248033285141, 0.13286170363426208, 0.14199861884117126, 0.15113551914691925, 0.16027243435382843, 0.16940933465957642, 0.1785462349653244, 0.1876831352710724, 0.19682005047798157, 0.20595695078372955, 0.21509385108947754]}, "parameters/conv2.weight": {"_type": "histogram", "values": [1.0, 0.0, 1.0, 0.0, 0.0, 0.0, 0.0, 1.0, 0.0, 0.0, 1.0, 1.0, 0.0, 0.0, 3.0, 2.0, 7.0, 10.0, 7.0, 10.0, 8.0, 6.0, 13.0, 17.0, 22.0, 27.0, 38.0, 39.0, 56.0, 66.0, 68.0, 55.0, 64.0, 76.0, 84.0, 64.0, 76.0, 60.0, 51.0, 50.0, 38.0, 44.0, 26.0, 19.0, 15.0, 16.0, 10.0, 9.0, 10.0, 8.0, 3.0, 5.0, 5.0, 2.0, 3.0, 0.0, 2.0, 0.0, 0.0, 0.0, 0.0, 0.0, 0.0, 1.0], "bins": [-0.22848033905029297, -0.22171857953071594, -0.21495682001113892, -0.2081950604915619, -0.20143330097198486, -0.19467154145240784, -0.187909796833992, -0.18114803731441498, -0.17438627779483795, -0.16762451827526093, -0.1608627587556839, -0.15410099923610687, -0.14733925461769104, -0.140577495098114, -0.133815735578537, -0.12705397605895996, -0.12029221653938293, -0.11353045701980591, -0.10676869750022888, -0.10000694543123245, -0.09324518591165543, -0.0864834263920784, -0.07972167432308197, -0.07295991480350494, -0.06619815528392792, -0.05943639576435089, -0.05267463997006416, -0.045912884175777435, -0.03915112465620041, -0.03238936513662338, -0.025627609342336655, -0.018865853548049927, -0.0121040940284729, -0.005342336371541023, 0.0014194212853908539, 0.008181178942322731, 0.014942936599254608, 0.021704696118831635, 0.028466451913118362, 0.03522820770740509, 0.04198996722698212, 0.04875172674655914, 0.05551348254084587, 0.0622752383351326, 0.06903699785470963, 0.07579875737428665, 0.08256050944328308, 0.08932226896286011, 0.09608402848243713, 0.10284578800201416, 0.10960754752159119, 0.11636929959058762, 0.12313105911016464, 0.12989282608032227, 0.1366545706987381, 0.14341633021831512, 0.15017808973789215, 0.15693984925746918, 0.1637016087770462, 0.17046336829662323, 0.17722511291503906, 0.1839868724346161, 0.19074863195419312, 0.19751039147377014, 0.20427215099334717]}, "parameters/conv2.bias": {"_type": "histogram", "values": [1.0, 0.0, 0.0, 0.0, 0.0, 0.0, 0.0, 0.0, 0.0, 0.0, 0.0, 0.0, 0.0, 0.0, 0.0, 0.0, 0.0, 0.0, 0.0, 0.0, 0.0, 0.0, 0.0, 0.0, 0.0, 0.0, 0.0, 0.0, 1.0, 0.0, 0.0, 0.0, 0.0, 0.0, 0.0, 0.0, 0.0, 0.0, 0.0, 0.0, 0.0, 0.0, 0.0, 0.0, 0.0, 0.0, 0.0, 0.0, 0.0, 0.0, 0.0, 0.0, 0.0, 0.0, 0.0, 0.0, 0.0, 0.0, 0.0, 0.0, 0.0, 0.0, 0.0, 1.0], "bins": [-0.29798781871795654, -0.2905830144882202, -0.2831782102584839, -0.27577337622642517, -0.26836857199668884, -0.2609637677669525, -0.2535589635372162, -0.24615414440631866, -0.23874934017658234, -0.231344535946846, -0.2239397168159485, -0.21653491258621216, -0.20913009345531464, -0.2017252892255783, -0.1943204700946808, -0.18691566586494446, -0.17951086163520813, -0.1721060574054718, -0.16470123827457428, -0.15729643404483795, -0.14989161491394043, -0.1424868106842041, -0.13508200645446777, -0.12767718732357025, -0.12027236819267273, -0.1128675565123558, -0.10546274483203888, -0.09805794060230255, -0.09065312892198563, -0.0832483172416687, -0.07584350556135178, -0.06843869388103485, -0.06103388965129852, -0.0536290779709816, -0.04622427001595497, -0.038819458335638046, -0.03141465038061142, -0.024009838700294495, -0.01660502701997757, -0.009200219064950943, -0.001795407384634018, 0.005609402898699045, 0.013014213182032108, 0.02041902393102646, 0.027823833748698235, 0.03522864356637001, 0.042633455246686935, 0.05003826320171356, 0.05744307488203049, 0.06484788656234741, 0.07225269824266434, 0.07965750992298126, 0.08706231415271759, 0.09446712583303452, 0.10187193751335144, 0.10927674174308777, 0.11668156087398529, 0.12408637255430222, 0.13149118423461914, 0.13889598846435547, 0.146300807595253, 0.15370561182498932, 0.16111043095588684, 0.16851523518562317, 0.1759200394153595]}, "gradients/conv2.bias": {"_type": "histogram", "values": [1.0, 0.0, 0.0, 0.0, 0.0, 0.0, 0.0, 0.0, 0.0, 0.0, 0.0, 0.0, 0.0, 0.0, 0.0, 0.0, 0.0, 0.0, 0.0, 0.0, 0.0, 0.0, 0.0, 0.0, 0.0, 0.0, 0.0, 1.0, 0.0, 0.0, 0.0, 0.0, 0.0, 0.0, 0.0, 0.0, 0.0, 0.0, 0.0, 0.0, 0.0, 0.0, 0.0, 0.0, 0.0, 0.0, 0.0, 0.0, 0.0, 0.0, 0.0, 0.0, 0.0, 0.0, 0.0, 0.0, 0.0, 0.0, 0.0, 0.0, 0.0, 0.0, 0.0, 1.0],