{"parameters/conv1.weight": {"_type": "histogram", "values": [2.0, 0.0, 1.0, 0.0, 1.0, 4.0, 5.0, 6.0, 10.0, 10.0, 7.0, 4.0, 9.0, 9.0, 12.0, 7.0, 9.0, 9.0, 8.0, 7.0, 10.0, 5.0, 13.0, 15.0, 6.0, 9.0, 9.0, 9.0, 8.0, 16.0, 10.0, 14.0, 9.0, 9.0, 7.0, 6.0, 9.0, 7.0, 9.0, 7.0, 8.0, 9.0, 8.0, 10.0, 8.0, 8.0, 10.0, 8.0, 5.0, 5.0, 6.0, 3.0, 2.0, 1.0, 0.0, 0.0, 1.0, 0.0, 0.0, 0.0, 0.0, 0.0, 0.0, 1.0], "bins": [-0.25832515954971313, -0.2493467926979065, -0.24036841094493866, -0.23139002919197083, -0.22241166234016418, -0.21343329548835754, -0.2044549137353897, -0.19547653198242188, -0.18649816513061523, -0.1775197982788086, -0.16854141652584076, -0.15956303477287292, -0.15058466792106628, -0.14160630106925964, -0.1326279193162918, -0.12364954501390457, -0.11467117071151733, -0.1056927964091301, -0.09671442210674286, -0.08773604780435562, -0.07875767350196838, -0.06977929919958115, -0.06080092489719391, -0.05182255059480667, -0.042844176292419434, -0.033865801990032196, -0.02488742768764496, -0.01590905338525772, -0.006930679082870483, 0.002047695219516754, 0.011026069521903992, 0.02000444382429123, 0.028982847929000854, 0.03796122223138809, 0.04693959653377533, 0.05591797083616257, 0.0648963451385498, 0.07387471944093704, 0.08285309374332428, 0.09183146804571152, 0.10080984234809875, 0.10978821665048599, 0.11876659095287323, 0.12774497270584106, 0.1367233395576477, 0.14570170640945435, 0.15468008816242218, 0.16365846991539001, 0.17263683676719666, 0.1816152036190033, 0.19059358537197113, 0.19957196712493896, 0.2085503339767456, 0.21752870082855225, 0.22650708258152008, 0.23548546433448792, 0.24446383118629456, 0.2534421980381012, 0.2624205946922302, 0.27139896154403687, 0.2803773283958435, 0.28935569524765015, 0.2983340620994568, 0.3073124587535858, 0.31629082560539246]}, "parameters/conv1.bias": {"_type": "histogram", "values": [1.0, 0.0, 0.0, 0.0, 1.0, 0.0, 0.0, 1.0, 2.0, 0.0, 0.0, 1.0, 1.0, 0.0, 0.0, 0.0, 1.0, 0.0, 0.0, 0.0, 0.0, 0.0, 0.0, 0.0, 0.0, 0.0, 0.0, 0.0, 2.0, 0.0, 0.0, 0.0, 0.0, 1.0, 0.0, 0.0, 0.0, 1.0, 0.0, 0.0, 0.0, 0.0, 0.0, 0.0, 0.0, 0.0, 0.0, 0.0, 0.0, 0.0, 0.0, 1.0, 0.0, 0.0, 1.0, 0.0, 0.0, 0.0, 0.0, 0.0, 0.0, 0.0, 0.0, 2.0], "bins": [-0.2677806317806244, -0.2594109773635864, -0.2510412931442261, -0.24267162382602692, -0.23430195450782776, -0.2259322851896286, -0.21756261587142944, -0.20919294655323029, -0.20082327723503113, -0.19245360791683197, -0.1840839385986328, -0.17571426928043365, -0.1673445999622345, -0.15897493064403534, -0.15060526132583618, -0.14223559200763702, -0.13386592268943787, -0.1254962533712387, -0.11712658405303955, -0.1087569147348404, -0.10038724541664124, -0.09201757609844208, -0.08364790678024292, -0.07527823746204376, -0.0669085681438446, -0.05853889882564545, -0.05016922950744629, -0.04179956018924713, -0.033429890871047974, -0.025060221552848816, -0.016690552234649658, -0.0083208829164505, 4.881620407104492e-05, 0.008418485522270203, 0.01678815484046936, 0.025157824158668518, 0.033527493476867676, 0.041897162795066833, 0.05026683211326599, 0.05863650143146515, 0.0670061707496643, 0.07537584006786346, 0.08374550938606262, 0.09211517870426178, 0.10048484802246094, 0.1088545173406601, 0.11722418665885925, 0.1255938559770584, 0.13396352529525757, 0.14233319461345673, 0.15070286393165588, 0.15907253324985504, 0.1674422025680542, 0.17581187188625336, 0.18418154120445251, 0.19255121052265167, 0.20092087984085083, 0.20929054915905, 0.21766021847724915, 0.2260298877954483, 0.23439955711364746, 0.24276922643184662, 0.2511388957500458, 0.25950855016708374, 0.2678782343864441]}, "parameters/conv2.weight": {"_type": "histogram", "values": [2.0, 0.0, 1.0, 1.0, 2.0, 0.0, 1.0, 3.0, 5.0, 1.0, 3.0, 5.0, 15.0, 3.0, 11.0, 16.0, 16.0, 26.0, 30.0, 34.0, 46.0, 36.0, 37.0, 42.0, 55.0, 53.0, 61.0, 66.0, 60.0, 65.0, 59.0, 53.0, 53.0, 57.0, 50.0, 44.0, 42.0, 38.0, 23.0, 27.0, 16.0, 13.0, 7.0, 7.0, 2.0, 1.0, 2.0, 0.0, 1.0, 1.0, 3.0, 1.0, 2.0, 0.0, 0.0, 0.0, 1.0, 0.0, 0.0, 0.0, 0.0, 0.0, 0.0, 1.0], "bins": [-0.14527080953121185, -0.14014695584774017, -0.1350231021642685, -0.129899263381958, -0.12477540969848633, -0.11965155601501465, -0.11452770233154297, -0.10940384864807129, -0.1042800024151802, -0.09915614873170853, -0.09403230249881744, -0.08890844881534576, -0.08378459513187408, -0.078660748898983, -0.07353689521551132, -0.06841304898262024, -0.06328919529914856, -0.05816534534096718, -0.0530414953827858, -0.04791764169931412, -0.042793791741132736, -0.037669941782951355, -0.032546088099479675, -0.027422238141298294, -0.022298388183116913, -0.01717453822493553, -0.012050686404109001, -0.006926835514605045, -0.0018029846251010895, 0.0033208653330802917, 0.008444717153906822, 0.013568568974733353, 0.01869240403175354, 0.02381625398993492, 0.02894010581076145, 0.03406395763158798, 0.03918780758976936, 0.044311657547950745, 0.049435511231422424, 0.054559361189603806, 0.05968321114778519, 0.06480706483125687, 0.06993091106414795, 0.07505476474761963, 0.08017861843109131, 0.08530246466398239, 0.09042631834745407, 0.09555016458034515, 0.10067401826381683, 0.10579787194728851, 0.1109217181801796, 0.11604557186365128, 0.12116941809654236, 0.12629327178001404, 0.13141712546348572, 0.1365409791469574, 0.14166483283042908, 0.14678868651390076, 0.15191254019737244, 0.15703637897968292, 0.1621602326631546, 0.16728408634662628, 0.17240794003009796, 0.17753179371356964, 0.18265563249588013]}, "parameters/conv2.bias": {"_type": "histogram", "values": [1.0, 0.0, 0.0, 0.0, 0.0, 0.0, 0.0, 0.0, 0.0, 0.0, 0.0, 0.0, 0.0, 0.0, 0.0, 0.0, 0.0, 0.0, 0.0, 0.0, 0.0, 0.0, 0.0, 0.0, 0.0, 0.0, 0.0, 0.0, 1.0, 0.0, 0.0, 0.0, 0.0, 0.0, 0.0, 0.0, 0.0, 0.0, 0.0, 0.0, 0.0, 0.0, 0.0, 0.0, 0.0, 0.0, 0.0, 0.0, 0.0, 0.0, 0.0, 0.0, 0.0, 0.0, 0.0, 0.0, 0.0, 0.0, 0.0, 0.0, 0.0, 0.0, 0.0, 1.0], "bins": [-0.14585299789905548, -0.13971585035324097, -0.13357870280742645, -0.12744155526161194, -0.12130441516637802, -0.11516726762056351, -0.10903012752532959, -0.10289297997951508, -0.09675583243370056, -0.09061868488788605, -0.08448153734207153, -0.07834439724683762, -0.0722072497010231, -0.06607010215520859, -0.05993295833468437, -0.053795814514160156, -0.04765866696834564, -0.04152151942253113, -0.03538437560200691, -0.029247229918837547, -0.023110084235668182, -0.016972938552498817, -0.010835792869329453, -0.004698649048805237, 0.0014384984970092773, 0.007575644180178642, 0.013712789863348007, 0.019849935546517372, 0.025987081229686737, 0.03212422877550125, 0.03826137259602547, 0.04439851641654968, 0.050535649061203, 0.05667279660701752, 0.06280994415283203, 0.06894708424806595, 0.07508423179388046, 0.08122137933969498, 0.0873585194349289, 0.09349566698074341, 0.09963281452655792, 0.10576996207237244, 0.11190710961818695, 0.11804424971342087, 0.12418139725923538, 0.1303185373544693, 0.1364556849002838, 0.14259283244609833, 0.14872997999191284, 0.15486712753772736, 0.16100427508354187, 0.16714142262935638, 0.1732785701751709, 0.17941570281982422, 0.18555285036563873, 0.19168999791145325, 0.19782714545726776, 0.20396429300308228, 0.2101014405488968, 0.2162385880947113, 0.22237572073936462, 0.22851286828517914, 0.23465001583099365, 0.24078716337680817, 0.24692431092262268]}, "gradients/conv2.bias": {"_type": "histogram", "values": [1.0, 0.0, 0.0, 0.0, 0.0, 0.0, 0.0, 0.0, 0.0, 0.0, 0.0, 0.0, 0.0, 0.0, 0.0, 0.0, 0.0, 0.0, 0.0, 0.0, 0.0, 0.0, 0.0, 0.0, 0.0, 0.0, 0.0, 0.0, 0.0, 0.0, 0.0, 0.0, 0.0, 0.0, 0.0, 0.0, 0.0, 0.0, 0.0, 0.0, 0.0, 0.0, 1.0, 0.0, 0.0, 0.0, 0.0, 0.0, 0.0, 0.0, 0.0, 0.0, 0.0, 0.0, 0.0, 0.0, 0.0, 0.0, 0.0, 0.0, 0.0, 0.0, 0.0, 1.0],