{"parameters/conv1.weight": {"_type": "histogram", "values": [1.0, 0.0, 0.0, 0.0, 0.0, 1.0, 0.0, 2.0, 0.0, 2.0, 1.0, 1.0, 2.0, 6.0, 5.0, 5.0, 6.0, 1.0, 3.0, 6.0, 7.0, 7.0, 3.0, 6.0, 7.0, 2.0, 3.0, 8.0, 10.0, 3.0, 9.0, 9.0, 7.0, 4.0, 4.0, 8.0, 4.0, 7.0, 3.0, 6.0, 5.0, 4.0, 3.0, 3.0, 5.0, 3.0, 2.0, 6.0, 1.0, 0.0, 0.0, 2.0, 2.0, 0.0, 2.0, 0.0, 1.0, 1.0, 0.0, 0.0, 0.0, 0.0, 0.0, 1.0], "bins": [-0.3312394618988037, -0.3203045129776001, -0.3093695640563965, -0.29843461513519287, -0.28749963641166687, -0.27656468749046326, -0.26562973856925964, -0.25469478964805603, -0.24375982582569122, -0.2328248769044876, -0.2218899130821228, -0.2109549641609192, -0.20002001523971558, -0.18908505141735077, -0.17815010249614716, -0.16721513867378235, -0.15628018975257874, -0.14534524083137512, -0.13441027700901031, -0.1234753280878067, -0.11254037171602249, -0.10160541534423828, -0.09067046642303467, -0.07973551005125046, -0.06880055367946625, -0.05786559730768204, -0.046930644661188126, -0.035995692014694214, -0.025060735642910004, -0.014125779271125793, -0.00319083034992218, 0.00774412602186203, 0.018679052591323853, 0.029614007100462914, 0.040548961609601974, 0.051483914256095886, 0.062418870627880096, 0.0733538269996643, 0.08428877592086792, 0.09522373229265213, 0.10615868866443634, 0.11709364503622055, 0.12802860140800476, 0.13896355032920837, 0.149898499250412, 0.1608334630727768, 0.1717684119939804, 0.18270337581634521, 0.19363832473754883, 0.20457327365875244, 0.21550823748111725, 0.22644318640232086, 0.23737815022468567, 0.24831309914588928, 0.2592480480670929, 0.2701829969882965, 0.2811179757118225, 0.2920529246330261, 0.30298787355422974, 0.31392282247543335, 0.32485780119895935, 0.33579275012016296, 0.3467276990413666, 0.3576626479625702, 0.3685975968837738]}, "parameters/conv1.bias": {"_type": "histogram", "values": [2.0, 0.0, 0.0, 0.0, 1.0, 0.0, 0.0, 0.0, 0.0, 0.0, 0.0, 0.0, 0.0, 0.0, 0.0, 0.0, 0.0, 0.0, 0.0, 0.0, 0.0, 0.0, 0.0, 1.0, 0.0, 0.0, 0.0, 0.0, 0.0, 0.0, 0.0, 0.0, 0.0, 0.0, 0.0, 0.0, 0.0, 0.0, 0.0, 0.0, 0.0, 0.0, 0.0, 0.0, 2.0, 0.0, 1.0, 0.0, 0.0, 0.0, 0.0, 0.0, 0.0, 0.0, 0.0, 0.0, 0.0, 0.0, 0.0, 0.0, 0.0, 0.0, 0.0, 1.0], "bins": [-0.1959000676870346, -0.1884005218744278, -0.18090099096298218, -0.17340144515037537, -0.16590189933776855, -0.15840236842632294, -0.15090282261371613, -0.1434032917022705, -0.1359037458896637, -0.12840420007705688, -0.12090466916561127, -0.11340512335300446, -0.10590558499097824, -0.09840604662895203, -0.09090650081634521, -0.083406962454319, -0.07590742409229279, -0.06840788573026657, -0.06090834364295006, -0.053408801555633545, -0.04590926319360733, -0.038409724831581116, -0.030910182744264603, -0.02341064065694809, -0.015911102294921875, -0.008411562070250511, -0.0009120218455791473, 0.0065875183790922165, 0.01408705860376358, 0.021586596965789795, 0.029086139053106308, 0.03658568114042282, 0.04408520460128784, 0.051584742963314056, 0.05908428505063057, 0.06658382713794708, 0.0740833654999733, 0.08158290386199951, 0.08908244967460632, 0.09658198803663254, 0.10408152639865875, 0.11158106476068497, 0.11908060312271118, 0.126580148935318, 0.1340796947479248, 0.14157922565937042, 0.14907877147197723, 0.15657830238342285, 0.16407784819602966, 0.17157739400863647, 0.1790769249200821, 0.1865764707326889, 0.19407600164413452, 0.20157554745674133, 0.20907509326934814, 0.21657463908195496, 0.22407416999340057, 0.23157371580600739, 0.239073246717453, 0.24657279253005981, 0.2540723383426666, 0.26157188415527344, 0.26907140016555786, 0.2765709459781647, 0.2840704917907715]}, "parameters/conv2.weight": {"_type": "histogram", "values": [1.0, 1.0, 0.0, 0.0, 0.0, 2.0, 0.0, 1.0, 3.0, 2.0, 1.0, 1.0, 4.0, 2.0, 11.0, 8.0, 13.0, 14.0, 13.0, 19.0, 25.0, 30.0, 38.0, 38.0, 38.0, 37.0, 41.0, 29.0, 39.0, 29.0, 31.0, 32.0, 19.0, 20.0, 13.0, 11.0, 5.0, 5.0, 6.0, 2.0, 3.0, 3.0, 2.0, 0.0, 0.0, 0.0, 2.0, 1.0, 1.0, 0.0, 0.0, 0.0, 0.0, 1.0, 0.0, 1.0, 0.0, 1.0, 0.0, 0.0, 0.0, 0.0, 0.0, 1.0], "bins": [-0.2152385413646698, -0.20680762827396393, -0.19837671518325806, -0.18994580209255219, -0.1815148890018463, -0.17308397591114044, -0.16465306282043457, -0.1562221348285675, -0.14779123663902283, -0.13936032354831696, -0.13092941045761108, -0.12249849736690521, -0.11406758427619934, -0.10563667118549347, -0.097205750644207, -0.08877483755350113, -0.08034391701221466, -0.07191300392150879, -0.06348209083080292, -0.05505117401480675, -0.046620260924100876, -0.038189347833395004, -0.029758431017398834, -0.021327517926692963, -0.012896604835987091, -0.004465690813958645, 0.003965223208069801, 0.012396138161420822, 0.020827051252126694, 0.029257964342832565, 0.037688881158828735, 0.04611979424953461, 0.05455070734024048, 0.06298162043094635, 0.07141253352165222, 0.0798434466123581, 0.08827435970306396, 0.09670527279376984, 0.1051361933350563, 0.11356710642576218, 0.12199801951646805, 0.13042894005775452, 0.1388598531484604, 0.14729076623916626, 0.15572167932987213, 0.164152592420578, 0.17258350551128387, 0.18101441860198975, 0.18944533169269562, 0.1978762447834015, 0.20630715787410736, 0.21473807096481323, 0.2231689840555191, 0.23159989714622498, 0.24003082513809204, 0.24846172332763672, 0.2568926513195038, 0.26532357931137085, 0.2737544775009155, 0.2821854054927826, 0.29061630368232727, 0.29904723167419434, 0.307478129863739, 0.3159090578556061, 0.32433995604515076]}, "parameters/conv2.bias": {"_type": "histogram", "values": [1.0, 0.0, 0.0, 0.0, 0.0, 0.0, 0.0, 0.0, 0.0, 0.0, 0.0, 0.0, 0.0, 0.0, 0.0, 0.0, 0.0, 0.0, 0.0, 0.0, 0.0, 0.0, 0.0, 0.0, 0.0, 0.0, 0.0, 0.0, 0.0, 1.0, 0.0, 0.0, 0.0, 0.0, 0.0, 0.0, 0.0, 0.0, 0.0, 0.0, 0.0, 0.0, 0.0, 0.0, 0.0, 0.0, 0.0, 0.0, 0.0, 0.0, 0.0, 0.0, 0.0, 0.0, 0.0, 0.0, 0.0, 0.0, 0.0, 0.0, 0.0, 0.0, 0.0, 1.0], "bins": [-0.3246403634548187, -0.3181474804878235, -0.31165462732315063, -0.3051617443561554, -0.29866886138916016, -0.2921760082244873, -0.28568312525749207, -0.2791902422904968, -0.272697389125824, -0.26620450615882874, -0.2597116529941559, -0.25321877002716064, -0.2467259019613266, -0.24023303389549255, -0.23374015092849731, -0.22724728286266327, -0.22075441479682922, -0.21426154673099518, -0.20776866376399994, -0.2012757956981659, -0.19478292763233185, -0.1882900595664978, -0.18179717659950256, -0.17530430853366852, -0.16881142556667328, -0.16231855750083923, -0.155825674533844, -0.14933280646800995, -0.1428399384021759, -0.13634705543518066, -0.12985418736934662, -0.12336131930351257, -0.11686844378709793, -0.11037556827068329, -0.10388270020484924, -0.0973898246884346, -0.09089695662260056, -0.08440408110618591, -0.07791121304035187, -0.07141833752393723, -0.06492546200752258, -0.05843259021639824, -0.051939718425273895, -0.04544684290885925, -0.03895397484302521, -0.032461099326610565, -0.02596822753548622, -0.019475355744361877, -0.012982487678527832, -0.006489615421742201, 3.2568350434303284e-06, 0.006496129557490349, 0.012989001348614693, 0.019481875002384186, 0.02597474679350853, 0.032467618584632874, 0.03896049037575722, 0.04545336216688156, 0.051946233958005905, 0.05843910574913025, 0.06493198126554489, 0.07142485678195953, 0.07791772484779358, 0.08441059291362762, 0.09090346843004227]}, "gradients/conv2.bias": {"_type": "histogram", "values": [1.0, 0.0, 0.0, 0.0, 0.0, 0.0, 0.0, 0.0, 0.0, 0.0, 0.0, 0.0, 0.0, 0.0, 0.0, 0.0, 0.0, 0.0, 0.0, 0.0, 0.0, 0.0, 0.0, 0.0, 0.0, 0.0, 0.0, 0.0, 0.0, 0.0, 0.0, 0.0, 0.0, 0.0, 0.0, 0.0, 0.0, 0.0, 0.0, 0.0, 0.0, 0.0, 0.0, 0.0, 0.0, 0.0, 0.0, 0.0, 0.0, 1.0, 0.0, 0.0, 0.0, 0.0, 0.0, 0.0, 0.0, 0.0, 0.0, 0.0, 0.0, 0.0, 0.0, 1.0],