{"parameters/conv1.weight": {"_type": "histogram", "values": [1.0, 2.0, 3.0, 3.0, 4.0, 0.0, 2.0, 3.0, 9.0, 7.0, 7.0, 6.0, 2.0, 6.0, 5.0, 12.0, 8.0, 7.0, 11.0, 10.0, 7.0, 9.0, 9.0, 9.0, 9.0, 12.0, 9.0, 8.0, 9.0, 7.0, 8.0, 7.0, 10.0, 6.0, 10.0, 6.0, 11.0, 8.0, 14.0, 6.0, 6.0, 6.0, 11.0, 8.0, 8.0, 5.0, 14.0, 13.0, 12.0, 6.0, 8.0, 6.0, 6.0, 4.0, 2.0, 0.0, 0.0, 1.0, 0.0, 1.0, 0.0, 0.0, 0.0, 1.0], "bins": [-0.2654493451118469, -0.2567896842956543, -0.24812999367713928, -0.23947031795978546, -0.23081064224243164, -0.222150981426239, -0.2134913057088852, -0.20483162999153137, -0.19617195427417755, -0.18751227855682373, -0.1788526028394699, -0.1701929271221161, -0.16153326630592346, -0.15287357568740845, -0.14421391487121582, -0.135554239153862, -0.12689456343650818, -0.11823488771915436, -0.10957521200180054, -0.10091554373502731, -0.09225586801767349, -0.08359619230031967, -0.07493652403354645, -0.06627684831619263, -0.057617172598838806, -0.048957496881484985, -0.04029782488942146, -0.03163815289735794, -0.02297847718000412, -0.014318801462650299, -0.005659129470586777, 0.0030005425214767456, 0.011660218238830566, 0.020319892093539238, 0.02897956594824791, 0.03763923794031143, 0.04629891365766525, 0.054958589375019073, 0.0636182576417923, 0.07227793335914612, 0.08093760907649994, 0.08959728479385376, 0.09825696051120758, 0.1069166287779808, 0.11557630449533463, 0.12423598021268845, 0.13289564847946167, 0.1415553241968155, 0.1502149999141693, 0.15887467563152313, 0.16753435134887695, 0.17619402706623077, 0.1848537027835846, 0.19351336359977722, 0.20217303931713104, 0.21083271503448486, 0.21949239075183868, 0.2281520664691925, 0.23681174218654633, 0.24547141790390015, 0.2541310787200928, 0.2627907693386078, 0.2714504301548004, 0.28011012077331543, 0.28876978158950806]}, "parameters/conv1.bias": {"_type": "histogram", "values": [1.0, 0.0, 0.0, 0.0, 0.0, 0.0, 0.0, 0.0, 0.0, 0.0, 0.0, 1.0, 1.0, 0.0, 0.0, 1.0, 0.0, 1.0, 0.0, 0.0, 0.0, 0.0, 0.0, 0.0, 0.0, 0.0, 0.0, 0.0, 1.0, 1.0, 0.0, 0.0, 0.0, 0.0, 0.0, 0.0, 0.0, 0.0, 0.0, 0.0, 0.0, 0.0, 0.0, 1.0, 0.0, 0.0, 0.0, 0.0, 4.0, 0.0, 0.0, 1.0, 0.0, 0.0, 1.0, 0.0, 0.0, 0.0, 1.0, 0.0, 0.0, 0.0, 0.0, 1.0], "bins": [-0.2122640311717987, -0.20565223693847656, -0.19904044270515442, -0.19242866337299347, -0.18581686913967133, -0.17920507490634918, -0.17259328067302704, -0.1659815013408661, -0.15936970710754395, -0.1527579128742218, -0.14614611864089966, -0.1395343393087387, -0.13292254507541656, -0.12631075084209442, -0.11969895660877228, -0.11308716982603073, -0.10647537559270859, -0.09986358135938644, -0.0932517945766449, -0.08664000034332275, -0.08002821356058121, -0.07341641932725906, -0.06680463254451752, -0.060192838311195374, -0.05358104780316353, -0.04696925729513168, -0.04035746678709984, -0.03374567627906799, -0.027133883908391, -0.020522091537714005, -0.01391030102968216, -0.007298510521650314, -0.0006867200136184692, 0.005925070960074663, 0.012536861933767796, 0.019148653373122215, 0.02576044388115406, 0.032372236251831055, 0.0389840267598629, 0.045595817267894745, 0.05220760777592659, 0.058819398283958435, 0.06543119251728058, 0.07204297930002213, 0.07865477353334427, 0.08526656031608582, 0.09187835454940796, 0.0984901487827301, 0.10510193556547165, 0.11171372979879379, 0.11832551658153534, 0.12493731081485748, 0.13154910504817963, 0.13816088438034058, 0.14477267861366272, 0.15138447284698486, 0.157996267080307, 0.16460806131362915, 0.1712198555469513, 0.17783163487911224, 0.1844434291124344, 0.19105522334575653, 0.19766701757907867, 0.20427879691123962, 0.21089059114456177]}, "parameters/conv2.weight": {"_type": "histogram", "values": [1.0, 0.0, 2.0, 2.0, 2.0, 2.0, 4.0, 2.0, 4.0, 3.0, 2.0, 12.0, 5.0, 20.0, 16.0, 22.0, 32.0, 41.0, 31.0, 47.0, 41.0, 38.0, 59.0, 51.0, 53.0, 42.0, 54.0, 62.0, 42.0, 63.0, 44.0, 55.0, 34.0, 48.0, 37.0, 43.0, 32.0, 34.0, 23.0, 9.0, 12.0, 16.0, 11.0, 7.0, 6.0, 3.0, 7.0, 6.0, 3.0, 1.0, 3.0, 1.0, 2.0, 1.0, 2.0, 2.0, 0.0, 0.0, 0.0, 1.0, 0.0, 1.0, 0.0, 1.0], "bins": [-0.12999939918518066, -0.12518185377120972, -0.12036431580781937, -0.11554677039384842, -0.11072923243045807, -0.10591168701648712, -0.10109414160251617, -0.09627659618854523, -0.09145905822515488, -0.08664151281118393, -0.08182397484779358, -0.07700642943382263, -0.07218888401985168, -0.06737134605646133, -0.06255380064249039, -0.05773625895380974, -0.05291871726512909, -0.04810117557644844, -0.04328363388776779, -0.038466088473796844, -0.033648546785116196, -0.028831005096435547, -0.02401346154510975, -0.01919591799378395, -0.014378376305103302, -0.009560833685100079, -0.004743291065096855, 7.425155490636826e-05, 0.004891794174909592, 0.00970933586359024, 0.014526879414916039, 0.019344422966241837, 0.024161964654922485, 0.028979506343603134, 0.03379704803228378, 0.03861459344625473, 0.04343213513493538, 0.04824967682361603, 0.053067222237586975, 0.057884763926267624, 0.06270230561494827, 0.06751985102891922, 0.07233738899230957, 0.07715493440628052, 0.08197247982025146, 0.08679001778364182, 0.09160756319761276, 0.09642510116100311, 0.10124264657497406, 0.10606019198894501, 0.11087772995233536, 0.1156952753663063, 0.12051281332969666, 0.1253303587436676, 0.13014790415763855, 0.1349654495716095, 0.13978299498558044, 0.1446005403995514, 0.14941808581352234, 0.1542356163263321, 0.15905316174030304, 0.163870707154274, 0.16868825256824493, 0.17350579798221588, 0.17832332849502563]}, "parameters/conv2.bias": {"_type": "histogram", "values": [1.0, 0.0, 0.0, 0.0, 0.0, 0.0, 0.0, 0.0, 0.0, 0.0, 0.0, 0.0, 0.0, 0.0, 0.0, 0.0, 0.0, 0.0, 0.0, 0.0, 0.0, 0.0, 1.0, 0.0, 0.0, 0.0, 0.0, 0.0, 0.0, 0.0, 0.0, 0.0, 0.0, 0.0, 0.0, 0.0, 0.0, 0.0, 0.0, 0.0, 0.0, 0.0, 0.0, 0.0, 0.0, 0.0, 0.0, 0.0, 0.0, 0.0, 0.0, 0.0, 0.0, 0.0, 0.0, 0.0, 0.0, 0.0, 0.0, 0.0, 0.0, 0.0, 0.0, 1.0], "bins": [-0.3493920862674713, -0.3418360948562622, -0.3342801034450531, -0.3267241418361664, -0.3191681504249573, -0.31161215901374817, -0.30405616760253906, -0.29650017619132996, -0.28894418478012085, -0.28138819336891174, -0.27383220195770264, -0.2662762403488159, -0.2587202489376068, -0.2511642575263977, -0.2436082661151886, -0.2360522747039795, -0.22849631309509277, -0.22094032168388367, -0.21338434517383575, -0.20582835376262665, -0.19827237725257874, -0.19071638584136963, -0.18316039443016052, -0.17560440301895142, -0.1680484265089035, -0.1604924350976944, -0.15293645858764648, -0.14538046717643738, -0.13782447576522827, -0.13026849925518036, -0.12271250784397125, -0.11515652388334274, -0.10760053992271423, -0.10004455596208572, -0.09248857200145721, -0.08493258059024811, -0.0773765966296196, -0.06982061266899109, -0.06226462498307228, -0.05470863729715347, -0.04715265333652496, -0.039596669375896454, -0.032040681689977646, -0.024484695866703987, -0.01692871004343033, -0.009372726082801819, -0.0018167383968830109, 0.005739249289035797, 0.013295233249664307, 0.020851219072937965, 0.028407204896211624, 0.03596319258213043, 0.04351917654275894, 0.05107516050338745, 0.05863114818930626, 0.06618713587522507, 0.07374311983585358, 0.08129910379648209, 0.0888550877571106, 0.0964110791683197, 0.10396706312894821, 0.11152304708957672, 0.11907903850078583, 0.12663501501083374, 0.13419100642204285]}, "gradients/conv2.bias": {"_type": "histogram", "values": [1.0, 0.0, 0.0, 0.0, 0.0, 0.0, 0.0, 0.0, 0.0, 0.0, 0.0, 0.0, 0.0, 0.0, 0.0, 0.0, 0.0, 0.0, 0.0, 0.0, 0.0, 0.0, 0.0, 0.0, 0.0, 0.0, 0.0, 0.0, 1.0, 0.0, 0.0, 0.0, 0.0, 0.0, 0.0, 0.0, 0.0, 0.0, 0.0, 0.0, 0.0, 0.0, 0.0, 0.0, 0.0, 0.0, 0.0, 0.0, 0.0, 0.0, 0.0, 0.0, 0.0, 0.0, 0.0, 0.0, 0.0, 0.0, 0.0, 0.0, 0.0, 0.0, 0.0, 1.0],