{"parameters/conv1.weight": {"_type": "histogram", "values": [1.0, 0.0, 0.0, 1.0, 4.0, 2.0, 1.0, 1.0, 1.0, 1.0, 4.0, 7.0, 9.0, 8.0, 4.0, 11.0, 5.0, 2.0, 6.0, 6.0, 9.0, 11.0, 8.0, 13.0, 8.0, 14.0, 6.0, 5.0, 11.0, 8.0, 10.0, 12.0, 10.0, 6.0, 14.0, 12.0, 13.0, 7.0, 7.0, 14.0, 7.0, 4.0, 11.0, 10.0, 9.0, 14.0, 6.0, 7.0, 4.0, 13.0, 10.0, 6.0, 3.0, 6.0, 6.0, 2.0, 3.0, 0.0, 1.0, 2.0, 1.0, 0.0, 1.0, 2.0], "bins": [-0.3018021285533905, -0.29272493720054626, -0.2836477756500244, -0.2745705842971802, -0.2654934227466583, -0.2564162313938141, -0.24733905494213104, -0.238261878490448, -0.22918470203876495, -0.2201075255870819, -0.21103034913539886, -0.20195317268371582, -0.19287598133087158, -0.18379881978034973, -0.1747216284275055, -0.16564445197582245, -0.1565672755241394, -0.14749009907245636, -0.13841292262077332, -0.12933574616909027, -0.12025856226682663, -0.11118138581514359, -0.10210420191287994, -0.0930270254611969, -0.08394984900951385, -0.07487267255783081, -0.06579549610614777, -0.056718312203884125, -0.04764113575220108, -0.038563959300518036, -0.029486779123544693, -0.02040959894657135, -0.011332452297210693, -0.0022552739828824997, 0.006821904331445694, 0.015899082645773888, 0.02497626096010208, 0.034053437411785126, 0.04313061758875847, 0.05220779776573181, 0.061284974217414856, 0.0703621506690979, 0.07943932712078094, 0.08851651102304459, 0.09759368747472763, 0.10667086392641068, 0.11574804782867432, 0.12482522428035736, 0.1339024007320404, 0.14297957718372345, 0.1520567536354065, 0.16113393008708954, 0.17021110653877258, 0.17928829789161682, 0.18836547434329987, 0.1974426507949829, 0.20651982724666595, 0.215597003698349, 0.22467418015003204, 0.2337513566017151, 0.24282854795455933, 0.2519057095050812, 0.2609829008579254, 0.27006006240844727, 0.2791372537612915]}, "parameters/conv1.bias": {"_type": "histogram", "values": [1.0, 0.0, 0.0, 0.0, 1.0, 0.0, 0.0, 0.0, 0.0, 0.0, 0.0, 0.0, 0.0, 0.0, 1.0, 0.0, 0.0, 0.0, 0.0, 0.0, 0.0, 0.0, 0.0, 0.0, 0.0, 0.0, 0.0, 0.0, 0.0, 0.0, 0.0, 0.0, 1.0, 0.0, 0.0, 0.0, 0.0, 0.0, 1.0, 1.0, 1.0, 0.0, 1.0, 2.0, 0.0, 1.0, 0.0, 0.0, 0.0, 0.0, 0.0, 1.0, 0.0, 1.0, 0.0, 0.0, 0.0, 0.0, 0.0, 1.0, 0.0, 0.0, 0.0, 2.0], "bins": [-0.35210755467414856, -0.34319034218788147, -0.3342731297016144, -0.3253558874130249, -0.3164386749267578, -0.3075214624404907, -0.29860424995422363, -0.28968703746795654, -0.28076982498168945, -0.27185261249542236, -0.2629354000091553, -0.2540181577205658, -0.2451009452342987, -0.23618373274803162, -0.22726652026176453, -0.21834930777549744, -0.20943206548690796, -0.20051485300064087, -0.19159762561321259, -0.1826804131269455, -0.1737631857395172, -0.16484597325325012, -0.15592876076698303, -0.14701154828071594, -0.13809432089328766, -0.12917710840702057, -0.12025988101959229, -0.1113426685333252, -0.10242544859647751, -0.09350822865962982, -0.08459101617336273, -0.07567379623651505, -0.06675656139850616, -0.05783934146165848, -0.04892212525010109, -0.0400049090385437, -0.031087689101696014, -0.022170469164848328, -0.01325325295329094, -0.004336036741733551, 0.004581183195114136, 0.013498401269316673, 0.02241561934351921, 0.0313328355550766, 0.040250055491924286, 0.04916727542877197, 0.05808449164032936, 0.06700170785188675, 0.07591892778873444, 0.08483614772558212, 0.09375336766242981, 0.1026705801486969, 0.11158780008554459, 0.12050502002239227, 0.12942223250865936, 0.13833945989608765, 0.14725667238235474, 0.15617388486862183, 0.1650911122560501, 0.1740083247423172, 0.18292555212974548, 0.19184276461601257, 0.20075997710227966, 0.20967718958854675, 0.21859441697597504]}, "parameters/conv2.weight": {"_type": "histogram", "values": [1.0, 0.0, 0.0, 0.0, 0.0, 1.0, 1.0, 4.0, 2.0, 3.0, 1.0, 3.0, 2.0, 3.0, 9.0, 5.0, 13.0, 15.0, 10.0, 8.0, 11.0, 22.0, 25.0, 35.0, 41.0, 35.0, 37.0, 44.0, 55.0, 56.0, 75.0, 55.0, 58.0, 59.0, 60.0, 69.0, 53.0, 37.0, 45.0, 38.0, 35.0, 26.0, 28.0, 19.0, 17.0, 19.0, 18.0, 11.0, 6.0, 5.0, 2.0, 2.0, 2.0, 2.0, 6.0, 1.0, 1.0, 1.0, 2.0, 2.0, 0.0, 0.0, 1.0, 3.0], "bins": [-0.17009976506233215, -0.16484005749225616, -0.15958033502101898, -0.154320627450943, -0.1490609049797058, -0.14380119740962982, -0.13854148983955383, -0.13328176736831665, -0.12802205979824066, -0.12276234477758408, -0.11750262975692749, -0.1122429221868515, -0.10698320716619492, -0.10172349214553833, -0.09646378457546234, -0.09120406955480576, -0.08594435453414917, -0.08068463951349258, -0.075424924492836, -0.07016521692276001, -0.06490550190210342, -0.05964578688144684, -0.05438607558608055, -0.049126364290714264, -0.04386664927005768, -0.03860693424940109, -0.033347222954034805, -0.02808750979602337, -0.022827796638011932, -0.017568083480000496, -0.01230837032198906, -0.007048659026622772, -0.0017889291048049927, 0.003470784053206444, 0.00873049721121788, 0.013990210369229317, 0.019249923527240753, 0.02450963668525219, 0.029769349843263626, 0.03502906113862991, 0.0402887761592865, 0.045548491179943085, 0.05080820247530937, 0.05606791377067566, 0.061327628791332245, 0.06658734381198883, 0.07184705138206482, 0.0771067664027214, 0.08236648142337799, 0.08762619644403458, 0.09288591146469116, 0.09814561903476715, 0.10340533405542374, 0.10866504907608032, 0.11392475664615631, 0.1191844716668129, 0.12444418668746948, 0.12970389425754547, 0.13496361672878265, 0.14022332429885864, 0.14548304677009583, 0.15074275434017181, 0.1560024619102478, 0.16126218438148499, 0.16652189195156097]}, "parameters/conv2.bias": {"_type": "histogram", "values": [1.0, 0.0, 0.0, 0.0, 0.0, 0.0, 0.0, 0.0, 0.0, 0.0, 0.0, 0.0, 0.0, 0.0, 0.0, 0.0, 0.0, 0.0, 0.0, 0.0, 0.0, 0.0, 0.0, 0.0, 0.0, 0.0, 0.0, 0.0, 0.0, 1.0, 0.0, 0.0, 0.0, 0.0, 0.0, 0.0, 0.0, 0.0, 0.0, 0.0, 0.0, 0.0, 0.0, 0.0, 0.0, 0.0, 0.0, 0.0, 0.0, 0.0, 0.0, 0.0, 0.0, 0.0, 0.0, 0.0, 0.0, 0.0, 0.0, 0.0, 0.0, 0.0, 0.0, 1.0], "bins": [-0.2978977560997009, -0.2904389202594757, -0.2829800546169281, -0.2755212187767029, -0.2680623531341553, -0.26060351729393005, -0.25314465165138245, -0.24568581581115723, -0.2382269650697708, -0.2307681143283844, -0.22330926358699799, -0.21585041284561157, -0.20839157700538635, -0.20093271136283875, -0.19347387552261353, -0.1860150247812271, -0.1785561740398407, -0.17109732329845428, -0.16363847255706787, -0.15617962181568146, -0.14872077107429504, -0.14126193523406982, -0.1338030844926834, -0.126344233751297, -0.11888538300991058, -0.11142653226852417, -0.10396768152713776, -0.09650883823633194, -0.08904998749494553, -0.08159113675355911, -0.0741322934627533, -0.06667344272136688, -0.05921460688114166, -0.05175575613975525, -0.044296909123659134, -0.03683806210756302, -0.029379211366176605, -0.02192036062479019, -0.014461513608694077, -0.007002666592597961, 0.00045618414878845215, 0.007915033027529716, 0.01537388190627098, 0.022832730785012245, 0.03029157966375351, 0.03775043040513992, 0.04520927742123604, 0.05266812443733215, 0.06012697517871857, 0.06758582592010498, 0.0750446766614914, 0.08250351995229721, 0.08996237069368362, 0.09742122143507004, 0.10488006472587585, 0.11233891546726227, 0.11979776620864868, 0.1272566169500351, 0.1347154676914215, 0.14217431843280792, 0.14963316917419434, 0.15709200501441956, 0.16455085575580597, 0.17200970649719238, 0.1794685572385788]}, "gradients/conv2.bias": {"_type": "histogram", "values": [1.0, 0.0, 0.0, 0.0, 0.0, 0.0, 0.0, 0.0, 0.0, 0.0, 0.0, 0.0, 0.0, 0.0, 0.0, 0.0, 0.0, 0.0, 0.0, 0.0, 0.0, 0.0, 0.0, 0.0, 0.0, 0.0, 0.0, 0.0, 0.0, 0.0, 0.0, 0.0, 0.0, 0.0, 0.0, 0.0, 0.0, 0.0, 0.0, 0.0, 0.0, 0.0, 0.0, 0.0, 0.0, 0.0, 0.0, 0.0, 0.0, 0.0, 0.0, 0.0, 0.0, 0.0, 0.0, 0.0, 0.0, 0.0, 0.0, 0.0, 1.0, 0.0, 0.0, 1.0],