{"parameters/conv1.weight": {"_type": "histogram", "values": [2.0, 2.0, 0.0, 1.0, 0.0, 1.0, 2.0, 2.0, 3.0, 5.0, 5.0, 3.0, 3.0, 1.0, 3.0, 4.0, 2.0, 3.0, 3.0, 1.0, 4.0, 3.0, 7.0, 7.0, 5.0, 3.0, 4.0, 4.0, 8.0, 5.0, 7.0, 7.0, 6.0, 3.0, 8.0, 9.0, 4.0, 7.0, 9.0, 1.0, 4.0, 3.0, 3.0, 2.0, 7.0, 0.0, 3.0, 5.0, 3.0, 3.0, 0.0, 1.0, 4.0, 2.0, 1.0, 0.0, 1.0, 0.0, 0.0, 0.0, 0.0, 0.0, 0.0, 1.0], "bins": [-0.2778732180595398, -0.26843398809432983, -0.2589947283267975, -0.24955548346042633, -0.24011623859405518, -0.23067700862884521, -0.22123776376247406, -0.2117985188961029, -0.20235927402973175, -0.1929200291633606, -0.18348078429698944, -0.1740415394306183, -0.16460230946540833, -0.15516304969787598, -0.14572381973266602, -0.13628457486629486, -0.1268453299999237, -0.11740608513355255, -0.1079668402671814, -0.09852760285139084, -0.08908835798501968, -0.07964911311864853, -0.07020987570285797, -0.060770630836486816, -0.05133138597011566, -0.04189214110374451, -0.03245289996266365, -0.023013656958937645, -0.01357441395521164, -0.004135169088840485, 0.005304072052240372, 0.014743313193321228, 0.024182528257369995, 0.03362177312374115, 0.043061014264822006, 0.05250025540590286, 0.06193950027227402, 0.07137874513864517, 0.08081798255443573, 0.09025722742080688, 0.09969647228717804, 0.1091357171535492, 0.11857496201992035, 0.1280142068862915, 0.13745343685150146, 0.1468926966190338, 0.15633192658424377, 0.16577117145061493, 0.17521041631698608, 0.18464966118335724, 0.1940889060497284, 0.20352815091609955, 0.2129673957824707, 0.22240662574768066, 0.23184587061405182, 0.24128511548042297, 0.2507243752479553, 0.2601636052131653, 0.26960286498069763, 0.2790420949459076, 0.28848135471343994, 0.2979205846786499, 0.30735984444618225, 0.3167990744113922, 0.3262383043766022]}, "parameters/conv1.bias": {"_type": "histogram", "values": [1.0, 0.0, 0.0, 0.0, 0.0, 0.0, 0.0, 0.0, 0.0, 0.0, 0.0, 0.0, 0.0, 0.0, 0.0, 0.0, 0.0, 0.0, 0.0, 0.0, 0.0, 0.0, 0.0, 0.0, 0.0, 0.0, 0.0, 0.0, 0.0, 1.0, 0.0, 0.0, 0.0, 0.0, 0.0, 1.0, 1.0, 0.0, 0.0, 0.0, 0.0, 0.0, 0.0, 0.0, 0.0, 0.0, 0.0, 0.0, 0.0, 0.0, 1.0, 0.0, 0.0, 0.0, 0.0, 0.0, 0.0, 0.0, 0.0, 0.0, 0.0, 0.0, 2.0, 1.0], "bins": [-0.34733158349990845, -0.33777162432670593, -0.3282116651535034, -0.3186517059803009, -0.3090917468070984, -0.29953181743621826, -0.28997182846069336, -0.28041189908981323, -0.2708519399166107, -0.2612919807434082, -0.2517320215702057, -0.24217206239700317, -0.23261211812496185, -0.22305215895175934, -0.21349219977855682, -0.2039322555065155, -0.1943722814321518, -0.18481232225894928, -0.17525236308574677, -0.16569241881370544, -0.15613245964050293, -0.14657250046730042, -0.1370125412940979, -0.12745258212089539, -0.11789263039827347, -0.10833267122507095, -0.09877271950244904, -0.08921276032924652, -0.079652801156044, -0.07009284943342209, -0.060532890260219574, -0.050972938537597656, -0.04141297936439514, -0.031853023916482925, -0.02229306660592556, -0.012733109295368195, -0.0031731538474559784, 0.006386801600456238, 0.015946760773658752, 0.02550671249628067, 0.035066671669483185, 0.0446266271173954, 0.05418658256530762, 0.06374654173851013, 0.07330650091171265, 0.08286645263433456, 0.09242641180753708, 0.101986363530159, 0.11154632270336151, 0.12110628187656403, 0.13066624104976654, 0.14022618532180786, 0.14978614449501038, 0.1593461036682129, 0.1689060628414154, 0.17846602201461792, 0.18802598118782043, 0.19758594036102295, 0.20714589953422546, 0.21670585870742798, 0.2262658029794693, 0.23582576215267181, 0.24538572132587433, 0.25494566559791565, 0.26450562477111816]}, "parameters/conv2.weight": {"_type": "histogram", "values": [1.0, 0.0, 0.0, 0.0, 0.0, 0.0, 2.0, 0.0, 0.0, 0.0, 0.0, 2.0, 0.0, 2.0, 3.0, 4.0, 1.0, 2.0, 8.0, 4.0, 15.0, 14.0, 11.0, 20.0, 19.0, 20.0, 26.0, 24.0, 26.0, 30.0, 36.0, 28.0, 42.0, 38.0, 32.0, 30.0, 16.0, 31.0, 21.0, 12.0, 15.0, 16.0, 7.0, 8.0, 5.0, 3.0, 4.0, 3.0, 4.0, 6.0, 1.0, 0.0, 1.0, 1.0, 3.0, 0.0, 0.0, 1.0, 0.0, 0.0, 1.0, 0.0, 0.0, 1.0], "bins": [-0.24120348691940308, -0.23344260454177856, -0.22568172216415405, -0.21792083978652954, -0.21015995740890503, -0.20239907503128052, -0.194638192653656, -0.1868773102760315, -0.17911642789840698, -0.17135554552078247, -0.16359466314315796, -0.15583378076553345, -0.14807289838790894, -0.14031201601028442, -0.1325511336326599, -0.1247902512550354, -0.11702937632799149, -0.10926849395036697, -0.10150761157274246, -0.09374672919511795, -0.08598584681749344, -0.07822497189044952, -0.07046408951282501, -0.0627032071352005, -0.05494232103228569, -0.04718143865466118, -0.03942055627703667, -0.031659677624702454, -0.023898793384432793, -0.01613791286945343, -0.008377030491828918, -0.0006161481142044067, 0.007144734263420105, 0.014905616641044617, 0.02266649901866913, 0.03042737953364849, 0.03818826377391815, 0.045949142426252365, 0.05371002480387688, 0.06147090718150139, 0.0692317932844162, 0.07699267566204071, 0.08475355803966522, 0.09251444041728973, 0.10027532279491425, 0.10803620517253876, 0.11579708755016327, 0.12355796992778778, 0.1313188374042511, 0.1390797197818756, 0.14684060215950012, 0.15460148453712463, 0.16236236691474915, 0.17012324929237366, 0.17788413166999817, 0.18564501404762268, 0.1934058964252472, 0.2011667788028717, 0.20892766118049622, 0.21668854355812073, 0.22444942593574524, 0.23221030831336975, 0.23997119069099426, 0.24773207306861877, 0.2554929554462433]}, "parameters/conv2.bias": {"_type": "histogram", "values": [1.0, 0.0, 0.0, 0.0, 0.0, 0.0, 0.0, 0.0, 0.0, 0.0, 0.0, 0.0, 0.0, 0.0, 0.0, 0.0, 0.0, 0.0, 0.0, 0.0, 0.0, 0.0, 0.0, 0.0, 0.0, 0.0, 0.0, 0.0, 0.0, 1.0, 0.0, 0.0, 0.0, 0.0, 0.0, 0.0, 0.0, 0.0, 0.0, 0.0, 0.0, 0.0, 0.0, 0.0, 0.0, 0.0, 0.0, 0.0, 0.0, 0.0, 0.0, 0.0, 0.0, 0.0, 0.0, 0.0, 0.0, 0.0, 0.0, 0.0, 0.0, 0.0, 0.0, 1.0], "bins": [-0.3503437936306, -0.34342142939567566, -0.33649903535842896, -0.32957667112350464, -0.32265427708625793, -0.3157319128513336, -0.3088095188140869, -0.3018871545791626, -0.2949647605419159, -0.2880423963069916, -0.2811200022697449, -0.27419763803482056, -0.26727524399757385, -0.26035287976264954, -0.25343048572540283, -0.24650812149047852, -0.239585742354393, -0.2326633632183075, -0.22574098408222198, -0.21881860494613647, -0.21189622581005096, -0.20497384667396545, -0.19805148243904114, -0.19112908840179443, -0.18420672416687012, -0.1772843450307846, -0.1703619658946991, -0.1634395867586136, -0.15651720762252808, -0.14959482848644257, -0.14267244935035706, -0.13575008511543274, -0.12882770597934723, -0.12190532684326172, -0.11498294770717621, -0.1080605685710907, -0.10113818943500519, -0.09421581029891968, -0.08729343861341476, -0.08037105947732925, -0.07344868034124374, -0.06652630120515823, -0.05960392206907272, -0.05268154665827751, -0.045759167522192, -0.03883678838610649, -0.03191441297531128, -0.02499203383922577, -0.01806965470314026, -0.011147276498377323, -0.0042248982936143875, 0.0026974789798259735, 0.009619858115911484, 0.016542237251996994, 0.023464612662792206, 0.030386991798877716, 0.037309370934963226, 0.04423175007104874, 0.05115412920713425, 0.05807650461792946, 0.06499888002872467, 0.07192125916481018, 0.07884363830089569, 0.0857660174369812, 0.09268839657306671]}, "gradients/conv2.bias": {"_type": "histogram", "values": [1.0, 0.0, 0.0, 0.0, 0.0, 0.0, 0.0, 0.0, 0.0, 0.0, 0.0, 0.0, 0.0, 0.0, 0.0, 0.0, 0.0, 0.0, 0.0, 0.0, 0.0, 0.0, 0.0, 0.0, 0.0, 0.0, 0.0, 0.0, 0.0, 0.0, 0.0, 0.0, 0.0, 1.0, 0.0, 0.0, 0.0, 0.0, 0.0, 0.0, 0.0, 0.0, 0.0, 0.0, 0.0, 0.0, 0.0, 0.0, 0.0, 0.0, 0.0, 0.0, 0.0, 0.0, 0.0, 0.0, 0.0, 0.0, 0.0, 0.0, 0.0, 0.0, 0.0, 1.0],