{"parameters/conv1.weight": {"_type": "histogram", "values": [1.0, 0.0, 2.0, 2.0, 0.0, 1.0, 3.0, 4.0, 5.0, 4.0, 7.0, 2.0, 3.0, 3.0, 6.0, 4.0, 6.0, 8.0, 5.0, 6.0, 3.0, 4.0, 8.0, 2.0, 5.0, 2.0, 5.0, 3.0, 7.0, 0.0, 3.0, 3.0, 6.0, 2.0, 2.0, 1.0, 2.0, 3.0, 8.0, 4.0, 1.0, 2.0, 7.0, 6.0, 4.0, 4.0, 3.0, 2.0, 6.0, 4.0, 2.0, 2.0, 2.0, 2.0, 2.0, 1.0, 0.0, 1.0, 1.0, 0.0, 0.0, 1.0, 0.0, 2.0], "bins": [-0.2533095180988312, -0.24484674632549286, -0.23638398945331573, -0.22792121767997742, -0.2194584608078003, -0.21099568903446198, -0.20253291726112366, -0.19407016038894653, -0.1856074035167694, -0.1771446317434311, -0.16868187487125397, -0.16021910309791565, -0.15175634622573853, -0.1432935744524002, -0.1348308026790619, -0.12636804580688477, -0.11790527403354645, -0.10944250971078873, -0.100979745388031, -0.09251697361469269, -0.08405421674251556, -0.07559144496917725, -0.06712868064641953, -0.058665916323661804, -0.05020315200090408, -0.04174038767814636, -0.03327762335538864, -0.024814855307340622, -0.0163520909845829, -0.00788932666182518, 0.0005734413862228394, 0.00903620570898056, 0.01749897003173828, 0.025961734354496002, 0.03442449867725372, 0.04288726672530174, 0.051350031048059464, 0.059812795370817184, 0.0682755634188652, 0.07673832774162292, 0.08520109206438065, 0.09366385638713837, 0.10212662070989609, 0.11058938503265381, 0.11905215680599213, 0.12751491367816925, 0.13597768545150757, 0.1444404423236847, 0.152903214097023, 0.16136598587036133, 0.16982874274253845, 0.17829151451587677, 0.1867542713880539, 0.1952170431613922, 0.20367980003356934, 0.21214257180690765, 0.22060534358024597, 0.2290681153535843, 0.2375308722257614, 0.24599364399909973, 0.25445640087127686, 0.262919157743454, 0.2713819444179535, 0.2798447012901306, 0.28830745816230774]}, "parameters/conv1.bias": {"_type": "histogram", "values": [1.0, 0.0, 0.0, 0.0, 0.0, 0.0, 0.0, 0.0, 0.0, 0.0, 0.0, 0.0, 0.0, 0.0, 0.0, 0.0, 0.0, 0.0, 0.0, 0.0, 0.0, 0.0, 0.0, 0.0, 0.0, 0.0, 0.0, 0.0, 0.0, 1.0, 0.0, 1.0, 1.0, 0.0, 0.0, 0.0, 0.0, 0.0, 0.0, 0.0, 0.0, 0.0, 0.0, 0.0, 0.0, 0.0, 0.0, 0.0, 0.0, 0.0, 0.0, 0.0, 0.0, 0.0, 0.0, 0.0, 0.0, 1.0, 1.0, 0.0, 0.0, 0.0, 1.0, 1.0], "bins": [-0.18012046813964844, -0.17361705005168915, -0.16711361706256866, -0.16061019897460938, -0.1541067659854889, -0.1476033478975296, -0.1410999298095703, -0.13459649682044983, -0.12809306383132935, -0.12158963829278946, -0.11508621275424957, -0.10858279466629028, -0.1020793616771698, -0.09557594358921051, -0.08907251805067062, -0.08256909251213074, -0.07606567442417145, -0.06956224888563156, -0.06305882334709167, -0.05655540153384209, -0.0500519759953022, -0.043548550456762314, -0.037045128643512726, -0.03054170310497284, -0.024038277566432953, -0.017534852027893066, -0.01103142835199833, -0.004528004676103592, 0.0019754208624362946, 0.008478846400976181, 0.014982268214225769, 0.021485693752765656, 0.027989119291305542, 0.03449254482984543, 0.040995970368385315, 0.0474993921816349, 0.05400281772017479, 0.060506243258714676, 0.06700966507196426, 0.07351309061050415, 0.08001651614904404, 0.08651994168758392, 0.09302336722612381, 0.0995267927646637, 0.10603021085262299, 0.11253364384174347, 0.11903706192970276, 0.12554049491882324, 0.13204391300678253, 0.13854733109474182, 0.1450507640838623, 0.1515541821718216, 0.15805761516094208, 0.16456103324890137, 0.17106446623802185, 0.17756788432598114, 0.18407130241394043, 0.19057472050189972, 0.1970781534910202, 0.2035815715789795, 0.21008500456809998, 0.21658842265605927, 0.22309184074401855, 0.22959527373313904, 0.23609870672225952]}, "parameters/conv2.weight": {"_type": "histogram", "values": [1.0, 0.0, 0.0, 1.0, 1.0, 0.0, 0.0, 3.0, 1.0, 3.0, 1.0, 5.0, 2.0, 5.0, 9.0, 7.0, 8.0, 10.0, 16.0, 22.0, 21.0, 16.0, 27.0, 20.0, 34.0, 21.0, 26.0, 25.0, 17.0, 21.0, 28.0, 16.0, 21.0, 20.0, 21.0, 24.0, 19.0, 14.0, 15.0, 12.0, 19.0, 5.0, 12.0, 4.0, 5.0, 9.0, 3.0, 6.0, 1.0, 3.0, 5.0, 3.0, 2.0, 0.0, 1.0, 5.0, 0.0, 1.0, 0.0, 1.0, 0.0, 0.0, 1.0, 1.0], "bins": [-0.14310142397880554, -0.138020321726799, -0.1329392045736313, -0.12785810232162476, -0.12277699261903763, -0.1176958829164505, -0.11261478066444397, -0.10753367096185684, -0.10245256125926971, -0.09737145155668259, -0.09229034185409546, -0.08720923960208893, -0.0821281298995018, -0.07704702019691467, -0.07196591794490814, -0.06688480824232101, -0.06180369853973389, -0.05672258883714676, -0.05164148285984993, -0.0465603768825531, -0.04147926717996597, -0.036398157477378845, -0.031317051500082016, -0.026235945522785187, -0.02115483582019806, -0.01607372798025608, -0.010992620140314102, -0.005911512300372124, -0.0008304044604301453, 0.004250703379511833, 0.009331811219453812, 0.014412917196750641, 0.019494011998176575, 0.024575119838118553, 0.02965622767806053, 0.03473733365535736, 0.03981844335794449, 0.044899553060531616, 0.049980659037828445, 0.055061765015125275, 0.0601428747177124, 0.06522398442029953, 0.07030509412288666, 0.07538619637489319, 0.08046730607748032, 0.08554841578006744, 0.09062951803207397, 0.0957106277346611, 0.10079173743724823, 0.10587284713983536, 0.11095395684242249, 0.11603505909442902, 0.12111616879701614, 0.12619727849960327, 0.1312783807516098, 0.13635948300361633, 0.14144060015678406, 0.1465217024087906, 0.1516028195619583, 0.15668392181396484, 0.16176503896713257, 0.1668461412191391, 0.17192724347114563, 0.17700836062431335, 0.18208946287631989]}, "parameters/conv2.bias": {"_type": "histogram", "values": [1.0, 0.0, 0.0, 0.0, 0.0, 0.0, 0.0, 0.0, 0.0, 0.0, 0.0, 0.0, 0.0, 0.0, 0.0, 0.0, 0.0, 0.0, 0.0, 0.0, 0.0, 0.0, 0.0, 0.0, 0.0, 1.0, 0.0, 0.0, 0.0, 0.0, 0.0, 0.0, 0.0, 0.0, 0.0, 0.0, 0.0, 0.0, 0.0, 0.0, 0.0, 0.0, 0.0, 0.0, 0.0, 0.0, 0.0, 0.0, 0.0, 0.0, 0.0, 0.0, 0.0, 0.0, 0.0, 0.0, 0.0, 0.0, 0.0, 0.0, 0.0, 0.0, 0.0, 1.0], "bins": [-0.32937657833099365, -0.32259830832481384, -0.31582003831863403, -0.3090417981147766, -0.3022635281085968, -0.295485258102417, -0.28870701789855957, -0.28192874789237976, -0.27515047788619995, -0.26837220788002014, -0.26159393787384033, -0.2548156976699829, -0.2480374276638031, -0.2412591576576233, -0.23448090255260468, -0.22770264744758606, -0.22092437744140625, -0.21414610743522644, -0.20736785233020782, -0.2005895972251892, -0.1938113272190094, -0.1870330572128296, -0.18025480210781097, -0.17347654700279236, -0.16669827699661255, -0.15992000699043274, -0.15314175188541412, -0.1463634967803955, -0.1395852267742157, -0.1328069567680359, -0.12602870166301727, -0.11925043910741806, -0.11247219145298004, -0.10569392889738083, -0.09891566634178162, -0.0921374037861824, -0.08535914123058319, -0.07858087867498398, -0.07180261611938477, -0.06502435356378555, -0.05824609100818634, -0.05146782845258713, -0.044689565896987915, -0.0379113033413887, -0.03113304078578949, -0.024354778230190277, -0.017576515674591064, -0.010798253118991852, -0.004019990563392639, 0.0027582719922065735, 0.009536534547805786, 0.016314797103405, 0.02309305965900421, 0.029871322214603424, 0.03664958477020264, 0.04342784732580185, 0.05020610988140106, 0.056984372437000275, 0.06376263499259949, 0.0705408975481987, 0.07731916010379791, 0.08409742265939713, 0.09087568521499634, 0.09765394777059555, 0.10443221032619476]}, "gradients/conv2.bias": {"_type": "histogram", "values": [1.0, 0.0, 0.0, 0.0, 0.0, 0.0, 0.0, 0.0, 0.0, 0.0, 0.0, 0.0, 0.0, 0.0, 0.0, 0.0, 0.0, 0.0, 0.0, 0.0, 0.0, 0.0, 0.0, 0.0, 0.0, 0.0, 0.0, 0.0, 0.0, 0.0, 0.0, 0.0, 0.0, 0.0, 0.0, 0.0, 0.0, 0.0, 0.0, 0.0, 0.0, 0.0, 0.0, 1.0, 0.0, 0.0, 0.0, 0.0, 0.0, 0.0, 0.0, 0.0, 0.0, 0.0, 0.0, 0.0, 0.0, 0.0, 0.0, 0.0, 0.0, 0.0, 0.0, 1.0],