{"parameters/graph_1conv1.weight": {"_type": "histogram", "values": [1.0, 0.0, 1.0, 1.0, 0.0, 0.0, 1.0, 1.0, 2.0, 1.0, 1.0, 2.0, 1.0, 1.0, 1.0, 1.0, 1.0, 1.0, 0.0, 1.0, 2.0, 1.0, 2.0, 2.0, 1.0, 1.0, 1.0, 2.0, 0.0, 1.0, 2.0, 1.0, 1.0, 2.0, 0.0, 0.0, 1.0, 1.0, 2.0, 0.0, 2.0, 0.0, 3.0, 0.0, 1.0, 4.0, 1.0, 2.0, 3.0, 1.0, 0.0, 3.0, 1.0, 1.0, 1.0, 0.0, 3.0, 0.0, 1.0, 0.0, 1.0, 2.0, 0.0, 1.0], "bins": [-0.3386887013912201, -0.3281078040599823, -0.3175269067287445, -0.3069459795951843, -0.29636508226394653, -0.28578418493270874, -0.27520328760147095, -0.26462239027023315, -0.25404149293899536, -0.24346059560775757, -0.23287968337535858, -0.2222987860441208, -0.2117178738117218, -0.201136976480484, -0.19055607914924622, -0.17997518181800842, -0.16939425468444824, -0.15881335735321045, -0.14823244512081146, -0.13765154778957367, -0.12707063555717468, -0.11648973822593689, -0.1059088408946991, -0.0953279361128807, -0.08474703133106232, -0.07416612654924393, -0.06358522176742554, -0.053004324436187744, -0.042423419654369354, -0.031842514872550964, -0.02126161754131317, -0.010680712759494781, -9.97781753540039e-05, 0.010481124743819237, 0.021062027662992477, 0.03164292871952057, 0.04222383350133896, 0.05280473828315735, 0.06338563561439514, 0.07396654039621353, 0.08454744517803192, 0.09512834995985031, 0.1057092547416687, 0.1162901520729065, 0.1268710494041443, 0.13745196163654327, 0.14803285896778107, 0.15861377120018005, 0.16919466853141785, 0.17977556586265564, 0.19035647809505463, 0.20093737542629242, 0.2115182876586914, 0.2220991849899292, 0.232680082321167, 0.24326097965240479, 0.2538418769836426, 0.26442277431488037, 0.27500367164611816, 0.28558456897735596, 0.29616549611091614, 0.30674639344215393, 0.3173272907733917, 0.3279081881046295, 0.3384891152381897]}, "parameters/graph_1conv1.bias": {"_type": "histogram", "values": [1.0, 0.0, 0.0, 1.0, 0.0, 0.0, 0.0, 0.0, 0.0, 0.0, 0.0, 0.0, 0.0, 0.0, 0.0, 0.0, 0.0, 1.0, 0.0, 0.0, 0.0, 1.0, 0.0, 1.0, 0.0, 0.0, 0.0, 0.0, 0.0, 0.0, 0.0, 0.0, 0.0, 0.0, 0.0, 0.0, 0.0, 0.0, 0.0, 0.0, 0.0, 1.0, 0.0, 0.0, 0.0, 0.0, 0.0, 0.0, 0.0, 0.0, 0.0, 0.0, 0.0, 0.0, 0.0, 0.0, 0.0, 0.0, 0.0, 0.0, 0.0, 1.0, 0.0, 1.0], "bins": [-0.3455018103122711, -0.3411380350589752, -0.33677423000335693, -0.33241045475006104, -0.32804664969444275, -0.32368287444114685, -0.31931906938552856, -0.31495529413223267, -0.31059151887893677, -0.30622774362564087, -0.3018639385700226, -0.2975001633167267, -0.2931363582611084, -0.2887725830078125, -0.2844088077545166, -0.2800450026988983, -0.27568119764328003, -0.27131742238998413, -0.26695361733436584, -0.26258984208106995, -0.25822603702545166, -0.25386226177215576, -0.24949847161769867, -0.24513468146324158, -0.24077090620994568, -0.2364071160554886, -0.2320433259010315, -0.2276795506477356, -0.2233157604932785, -0.2189519703388214, -0.21458818018436432, -0.21022439002990723, -0.20586061477661133, -0.20149682462215424, -0.19713303446769714, -0.19276925921440125, -0.18840546905994415, -0.18404167890548706, -0.17967788875102997, -0.17531409859657288, -0.17095030844211578, -0.1665865182876587, -0.1622227281332016, -0.1578589379787445, -0.1534951627254486, -0.14913137257099152, -0.14476758241653442, -0.14040379226207733, -0.13604000210762024, -0.13167621195316315, -0.12731242179870605, -0.12294863909482956, -0.11858484894037247, -0.11422106623649597, -0.10985727608203888, -0.10549348592758179, -0.1011296957731247, -0.0967659056186676, -0.09240212291479111, -0.08803833276033401, -0.08367454260587692, -0.07931075990200043, -0.07494696974754333, -0.07058317959308624, -0.06621939688920975]}, "parameters/graph_1conv2.weight": {"_type": "histogram", "values": [1.0, 0.0, 0.0, 1.0, 4.0, 2.0, 1.0, 0.0, 1.0, 3.0, 0.0, 2.0, 3.0, 2.0, 2.0, 6.0, 7.0, 7.0, 7.0, 8.0, 16.0, 12.0, 15.0, 18.0, 21.0, 14.0, 13.0, 10.0, 11.0, 8.0, 10.0, 13.0, 14.0, 18.0, 10.0, 11.0, 21.0, 13.0, 12.0, 11.0, 12.0, 16.0, 17.0, 10.0, 14.0, 15.0, 10.0, 9.0, 13.0, 13.0, 9.0, 8.0, 9.0, 9.0, 14.0, 7.0, 9.0, 9.0, 10.0, 7.0, 10.0, 9.0, 6.0, 3.0], "bins": [-0.20050974190235138, -0.1955508291721344, -0.1905919313430786, -0.18563301861286163, -0.18067410588264465, -0.17571520805358887, -0.1707562953233719, -0.1657973825931549, -0.16083848476409912, -0.15587957203388214, -0.15092067420482635, -0.14596176147460938, -0.1410028487443924, -0.13604393601417542, -0.13108503818511963, -0.12612612545490265, -0.12116721272468567, -0.11620830744504929, -0.1112493947148323, -0.10629048943519592, -0.10133157670497894, -0.09637267142534256, -0.09141376614570618, -0.0864548534154892, -0.08149594813585281, -0.07653704285621643, -0.07157813012599945, -0.06661922484636307, -0.061660315841436386, -0.056701406836509705, -0.05174250155687332, -0.04678359255194664, -0.04182469844818115, -0.03686578944325447, -0.03190688043832779, -0.026947975158691406, -0.021989066153764725, -0.017030157148838043, -0.012071250006556511, -0.007112342864274979, -0.002153433859348297, 0.00280547421425581, 0.007764382287859917, 0.012723290361464024, 0.01768219843506813, 0.022641107439994812, 0.027600014582276344, 0.03255892172455788, 0.03751783072948456, 0.04247673973441124, 0.04743564873933792, 0.052394554018974304, 0.057353463023900986, 0.06231237202882767, 0.06727127730846405, 0.07223019003868103, 0.07718909531831741, 0.0821480005979538, 0.08710691332817078, 0.09206581860780716, 0.09702472388744354, 0.10198363661766052, 0.1069425418972969, 0.11190144717693329, 0.11686035990715027]}, "parameters/graph_1conv2.bias": {"_type": "histogram", "values": [1.0, 0.0, 0.0, 0.0, 0.0, 0.0, 0.0, 0.0, 0.0, 0.0, 0.0, 0.0, 0.0, 0.0, 0.0, 0.0, 0.0, 0.0, 0.0, 0.0, 1.0, 0.0, 0.0, 0.0, 0.0, 0.0, 0.0, 1.0, 0.0, 0.0, 0.0, 0.0, 1.0, 0.0, 0.0, 0.0, 0.0, 0.0, 0.0, 0.0, 0.0, 0.0, 0.0, 1.0, 0.0, 0.0, 0.0, 0.0, 0.0, 0.0, 0.0, 0.0, 0.0, 0.0, 0.0, 0.0, 0.0, 0.0, 1.0, 0.0, 0.0, 0.0, 0.0, 2.0], "bins": [-0.4230923652648926, -0.4179443120956421, -0.4127962589263916, -0.4076482355594635, -0.402500182390213, -0.3973521292209625, -0.39220407605171204, -0.38705605268478394, -0.38190799951553345, -0.37675994634628296, -0.37161189317703247, -0.36646386981010437, -0.3613158166408539, -0.3561677634716034, -0.3510197103023529, -0.3458716869354248, -0.3407236337661743, -0.33557558059692383, -0.33042752742767334, -0.32527950406074524, -0.32013145089149475, -0.31498339772224426, -0.3098353445529938, -0.3046873211860657, -0.2995392382144928, -0.2943911850452423, -0.2892431318759918, -0.2840951085090637, -0.27894705533981323, -0.27379900217056274, -0.26865094900131226, -0.26350289583206177, -0.25835487246513367, -0.2532068192958832, -0.24805878102779388, -0.2429107278585434, -0.2377626895904541, -0.2326146364212036, -0.22746659815311432, -0.22231854498386383, -0.21717050671577454, -0.21202245354652405, -0.20687441527843475, -0.20172636210918427, -0.19657832384109497, -0.19143027067184448, -0.1862822324037552, -0.1811341792345047, -0.1759861409664154, -0.17083808779716492, -0.16569004952907562, -0.16054199635982513, -0.15539395809173584, -0.15024590492248535, -0.14509786665439606, -0.13994981348514557, -0.13480176031589508, -0.1296537071466446, -0.1245056688785553, -0.1193576231598854, -0.11420957744121552, -0.10906152427196503, -0.10391347855329514, -0.09876543283462524, -0.09361738711595535]}, "parameters/graph_1conv3.weight": {"_type": "histogram", "values": [1.0, 1.0, 2.0, 0.0, 1.0, 1.0, 1.0, 1.0, 1.0, 2.0, 5.0, 2.0, 5.0, 6.0, 2.0, 2.0, 4.0, 3.0, 3.0, 0.0, 1.0, 5.0, 2.0, 2.0, 5.0, 13.0, 6.0, 8.0, 8.0, 2.0, 4.0, 11.0, 6.0, 11.0, 1.0, 6.0, 3.0, 6.0, 2.0, 7.0, 4.0, 8.0, 3.0, 5.0, 4.0, 2.0, 4.0, 7.0, 5.0, 3.0, 7.0, 1.0, 0.0, 1.0, 1.0, 2.0, 1.0, 1.0, 2.0, 0.0, 1.0, 1.0, 0.0, 1.0],