{"parameters/conv1.weight": {"_type": "histogram", "values": [1.0, 1.0, 0.0, 1.0, 0.0, 1.0, 0.0, 1.0, 1.0, 2.0, 4.0, 6.0, 3.0, 4.0, 4.0, 3.0, 4.0, 8.0, 11.0, 7.0, 9.0, 7.0, 7.0, 8.0, 9.0, 11.0, 10.0, 7.0, 5.0, 5.0, 10.0, 17.0, 11.0, 7.0, 7.0, 9.0, 11.0, 6.0, 9.0, 11.0, 3.0, 5.0, 10.0, 6.0, 5.0, 11.0, 8.0, 11.0, 5.0, 4.0, 11.0, 9.0, 12.0, 6.0, 8.0, 6.0, 12.0, 8.0, 4.0, 4.0, 5.0, 4.0, 4.0, 1.0], "bins": [-0.3116438686847687, -0.30318737030029297, -0.29473090171813965, -0.28627440333366394, -0.27781790494918823, -0.2693614065647125, -0.2609049081802368, -0.2524484395980835, -0.2439919412136078, -0.23553544282913208, -0.22707895934581757, -0.21862247586250305, -0.21016597747802734, -0.20170947909355164, -0.19325299561023712, -0.1847965121269226, -0.1763400137424469, -0.1678835153579712, -0.15942703187465668, -0.15097054839134216, -0.14251405000686646, -0.13405755162239075, -0.12560106813907623, -0.11714457720518112, -0.10868808627128601, -0.1002315953373909, -0.09177510440349579, -0.08331861346960068, -0.07486212253570557, -0.06640563160181046, -0.057949140667915344, -0.04949264973402023, -0.04103618860244751, -0.0325796976685524, -0.024123206734657288, -0.015666715800762177, -0.007210224866867065, 0.0012462660670280457, 0.009702757000923157, 0.018159247934818268, 0.02661573886871338, 0.03507222980260849, 0.0435287207365036, 0.05198521167039871, 0.06044170260429382, 0.06889819353818893, 0.07735468447208405, 0.08581117540597916, 0.09426766633987427, 0.10272415727376938, 0.11118064820766449, 0.1196371391415596, 0.1280936300754547, 0.13655012845993042, 0.14500661194324493, 0.15346309542655945, 0.16191959381103516, 0.17037609219551086, 0.17883257567882538, 0.1872890591621399, 0.1957455575466156, 0.2042020559310913, 0.21265853941440582, 0.22111502289772034, 0.22957152128219604]}, "parameters/conv1.bias": {"_type": "histogram", "values": [1.0, 0.0, 0.0, 0.0, 0.0, 0.0, 0.0, 1.0, 0.0, 0.0, 0.0, 0.0, 0.0, 0.0, 1.0, 1.0, 1.0, 0.0, 0.0, 0.0, 1.0, 0.0, 0.0, 0.0, 0.0, 0.0, 0.0, 0.0, 0.0, 1.0, 1.0, 0.0, 1.0, 0.0, 0.0, 0.0, 1.0, 0.0, 1.0, 0.0, 1.0, 0.0, 0.0, 0.0, 0.0, 0.0, 0.0, 1.0, 0.0, 0.0, 0.0, 0.0, 0.0, 0.0, 0.0, 0.0, 0.0, 0.0, 1.0, 0.0, 0.0, 1.0, 0.0, 1.0], "bins": [-0.2789938449859619, -0.27088218927383423, -0.26277050375938416, -0.25465884804725647, -0.2465471625328064, -0.2384355068206787, -0.23032383620738983, -0.22221216559410095, -0.21410049498081207, -0.2059888243675232, -0.19787715375423431, -0.18976548314094543, -0.18165382742881775, -0.17354214191436768, -0.16543048620224, -0.1573188155889511, -0.14920714497566223, -0.14109547436237335, -0.13298380374908447, -0.12487214058637619, -0.11676046997308731, -0.10864879935979843, -0.10053713619709015, -0.09242546558380127, -0.08431379497051239, -0.07620212435722351, -0.06809045374393463, -0.05997879058122635, -0.05186711996793747, -0.04375544935464859, -0.03564378246665001, -0.027532115578651428, -0.019420459866523743, -0.011308791115880013, -0.0031971223652362823, 0.004914546385407448, 0.013026215136051178, 0.021137885749340057, 0.02924955263733864, 0.03736121952533722, 0.0454728901386261, 0.05358456075191498, 0.06169622763991356, 0.06980789452791214, 0.07791956514120102, 0.0860312357544899, 0.09414289891719818, 0.10225456953048706, 0.11036624014377594, 0.11847791075706482, 0.1265895813703537, 0.13470125198364258, 0.14281290769577026, 0.15092459321022034, 0.15903624892234802, 0.1671479195356369, 0.17525959014892578, 0.18337126076221466, 0.19148293137550354, 0.19959460198879242, 0.2077062726020813, 0.21581792831420898, 0.22392959892749786, 0.23204126954078674, 0.24015294015407562]}, "parameters/conv2.weight": {"_type": "histogram", "values": [1.0, 0.0, 0.0, 0.0, 0.0, 1.0, 0.0, 1.0, 0.0, 1.0, 2.0, 0.0, 0.0, 3.0, 1.0, 3.0, 1.0, 4.0, 6.0, 4.0, 7.0, 9.0, 15.0, 12.0, 32.0, 27.0, 41.0, 34.0, 48.0, 53.0, 42.0, 49.0, 52.0, 51.0, 57.0, 54.0, 47.0, 55.0, 58.0, 51.0, 64.0, 48.0, 36.0, 40.0, 31.0, 30.0, 18.0, 25.0, 16.0, 10.0, 16.0, 6.0, 11.0, 7.0, 5.0, 5.0, 3.0, 4.0, 1.0, 0.0, 1.0, 0.0, 0.0, 1.0], "bins": [-0.17705626785755157, -0.17217881977558136, -0.16730137169361115, -0.16242392361164093, -0.15754647552967072, -0.1526690274477005, -0.14779157936573029, -0.14291411638259888, -0.13803666830062866, -0.13315922021865845, -0.12828177213668823, -0.12340432405471802, -0.1185268759727478, -0.11364942789077759, -0.10877197235822678, -0.10389452427625656, -0.09901708364486694, -0.09413963556289673, -0.08926218748092651, -0.0843847393989563, -0.07950729131698608, -0.07462984323501587, -0.06975238770246506, -0.06487493962049484, -0.05999749153852463, -0.05512004345655441, -0.0502425953745842, -0.045365143567323685, -0.04048769548535347, -0.035610247403383255, -0.03073279745876789, -0.025855347514152527, -0.020977884531021118, -0.016100436449050903, -0.01122298650443554, -0.00634553749114275, -0.0014680884778499603, 0.0034093596041202545, 0.008286809548735619, 0.013164259493350983, 0.018041707575321198, 0.022919155657291412, 0.027796605601906776, 0.03267405554652214, 0.037551503628492355, 0.04242895171046257, 0.047306403517723083, 0.0521838515996933, 0.05706129968166351, 0.06193874776363373, 0.06681619584560394, 0.07169364392757416, 0.07657109200954437, 0.08144854009151459, 0.0863259956240654, 0.09120344370603561, 0.09608089178800583, 0.10095833986997604, 0.10583578795194626, 0.11071323603391647, 0.11559069156646729, 0.1204681396484375, 0.12534558773040771, 0.13022303581237793, 0.13510048389434814]}, "parameters/conv2.bias": {"_type": "histogram", "values": [1.0, 0.0, 0.0, 0.0, 0.0, 0.0, 0.0, 0.0, 0.0, 0.0, 0.0, 0.0, 0.0, 0.0, 0.0, 0.0, 0.0, 0.0, 0.0, 0.0, 0.0, 0.0, 0.0, 0.0, 0.0, 0.0, 0.0, 0.0, 0.0, 1.0, 0.0, 0.0, 0.0, 0.0, 0.0, 0.0, 0.0, 0.0, 0.0, 0.0, 0.0, 0.0, 0.0, 0.0, 0.0, 0.0, 0.0, 0.0, 0.0, 0.0, 0.0, 0.0, 0.0, 0.0, 0.0, 0.0, 0.0, 0.0, 0.0, 0.0, 0.0, 0.0, 0.0, 1.0], "bins": [-0.258744478225708, -0.2520607113838196, -0.24537691473960876, -0.23869313299655914, -0.23200935125350952, -0.2253255844116211, -0.21864178776741028, -0.21195802092552185, -0.20527423918247223, -0.1985904574394226, -0.19190667569637299, -0.18522289395332336, -0.17853911221027374, -0.17185533046722412, -0.1651715636253357, -0.15848778188228607, -0.15180400013923645, -0.14512021839618683, -0.1384364366531372, -0.13175265491008759, -0.12506887316703796, -0.11838509887456894, -0.11170131713151932, -0.10501754283905029, -0.09833374619483948, -0.09164996445178986, -0.08496618270874023, -0.07828240096569061, -0.07159862667322159, -0.06491484493017197, -0.058231063187122345, -0.05154728516936302, -0.0448635071516037, -0.03817972540855408, -0.031495947390794754, -0.024812165647745132, -0.01812838576734066, -0.011444605886936188, -0.004760824143886566, 0.001922953873872757, 0.008606735616922379, 0.015290515497326851, 0.021974295377731323, 0.028658077120780945, 0.035341858863830566, 0.04202563688158989, 0.04870941862463951, 0.055393196642398834, 0.062076978385448456, 0.06876076012849808, 0.0754445418715477, 0.08212831616401672, 0.08881209790706635, 0.09549587965011597, 0.10217966139316559, 0.10886344313621521, 0.11554722487926483, 0.12223100662231445, 0.12891478836536407, 0.1355985701084137, 0.14228235185146332, 0.14896613359451294, 0.15564990043640137, 0.162333682179451, 0.1690174639225006]}, "gradients/conv2.bias": {"_type": "histogram", "values": [1.0, 0.0, 0.0, 0.0, 1.0, 0.0, 0.0, 0.0, 0.0, 0.0, 0.0, 0.0, 0.0, 0.0, 0.0, 0.0, 0.0, 0.0, 0.0, 0.0, 0.0, 0.0, 0.0, 0.0, 0.0, 0.0, 0.0, 0.0, 0.0, 0.0, 0.0, 0.0, 0.0, 0.0, 0.0, 0.0, 0.0, 0.0, 0.0, 0.0, 0.0, 0.0, 0.0, 0.0, 0.0, 0.0, 0.0, 0.0, 0.0, 0.0, 0.0, 0.0, 0.0, 0.0, 0.0, 0.0, 0.0, 0.0, 0.0, 0.0, 0.0, 0.0, 0.0, 1.0],