{"parameters/conv1.weight": {"_type": "histogram", "values": [1.0, 3.0, 1.0, 5.0, 2.0, 6.0, 8.0, 5.0, 8.0, 11.0, 8.0, 7.0, 3.0, 11.0, 10.0, 7.0, 7.0, 11.0, 10.0, 10.0, 10.0, 11.0, 8.0, 6.0, 12.0, 6.0, 9.0, 9.0, 11.0, 9.0, 6.0, 6.0, 5.0, 9.0, 7.0, 7.0, 6.0, 6.0, 5.0, 3.0, 11.0, 8.0, 8.0, 7.0, 5.0, 5.0, 6.0, 8.0, 3.0, 12.0, 4.0, 6.0, 5.0, 8.0, 7.0, 3.0, 2.0, 1.0, 1.0, 0.0, 1.0, 0.0, 3.0, 1.0], "bins": [-0.2356160581111908, -0.2277567982673645, -0.2198975384235382, -0.21203827857971191, -0.20417901873588562, -0.19631975889205933, -0.18846049904823303, -0.18060123920440674, -0.17274197936058044, -0.16488271951675415, -0.15702345967292786, -0.14916419982910156, -0.14130493998527527, -0.13344568014144897, -0.12558642029762268, -0.11772716045379639, -0.10986790060997009, -0.1020086407661438, -0.0941493809223175, -0.08629012107849121, -0.07843086123466492, -0.07057160139083862, -0.06271234154701233, -0.054853081703186035, -0.04699382185935974, -0.03913456201553345, -0.03127530217170715, -0.02341604232788086, -0.015556782484054565, -0.0076975226402282715, 0.00016173720359802246, 0.008020997047424316, 0.01588025689125061, 0.023739516735076904, 0.0315987765789032, 0.03945803642272949, 0.047317296266555786, 0.05517655611038208, 0.06303581595420837, 0.07089507579803467, 0.07875433564186096, 0.08661359548568726, 0.09447285532951355, 0.10233211517333984, 0.11019137501716614, 0.11805063486099243, 0.12590989470481873, 0.13376915454864502, 0.1416284143924713, 0.1494876742362976, 0.1573469340801239, 0.1652061939239502, 0.1730654537677765, 0.18092471361160278, 0.18878397345542908, 0.19664323329925537, 0.20450249314308167, 0.21236175298690796, 0.22022101283073425, 0.22808027267456055, 0.23593953251838684, 0.24379879236221313, 0.25165805220603943, 0.2595173120498657, 0.267376571893692]}, "parameters/conv1.bias": {"_type": "histogram", "values": [1.0, 1.0, 0.0, 0.0, 0.0, 0.0, 0.0, 0.0, 0.0, 0.0, 0.0, 0.0, 0.0, 0.0, 0.0, 0.0, 0.0, 0.0, 1.0, 0.0, 1.0, 0.0, 0.0, 0.0, 0.0, 1.0, 0.0, 0.0, 0.0, 1.0, 1.0, 0.0, 0.0, 0.0, 0.0, 0.0, 0.0, 1.0, 0.0, 0.0, 0.0, 0.0, 0.0, 0.0, 0.0, 0.0, 0.0, 0.0, 0.0, 2.0, 1.0, 0.0, 0.0, 0.0, 0.0, 1.0, 0.0, 0.0, 0.0, 0.0, 1.0, 2.0, 0.0, 1.0], "bins": [-0.1866769939661026, -0.18013516068458557, -0.17359334230422974, -0.1670515239238739, -0.16050969064235687, -0.15396785736083984, -0.147426038980484, -0.14088422060012817, -0.13434238731861115, -0.12780055403709412, -0.12125873565673828, -0.11471690982580185, -0.10817508399486542, -0.10163325816392899, -0.09509143233299255, -0.08854960650205612, -0.08200778067111969, -0.07546595484018326, -0.06892412900924683, -0.062382303178310394, -0.05584047734737396, -0.04929865151643753, -0.0427568256855011, -0.03621499985456467, -0.029673174023628235, -0.023131348192691803, -0.01658952236175537, -0.01004769653081894, -0.0035058706998825073, 0.0030359551310539246, 0.009577780961990356, 0.01611960679292679, 0.022661417722702026, 0.029203243553638458, 0.03574506938457489, 0.04228689521551132, 0.048828721046447754, 0.055370546877384186, 0.06191237270832062, 0.06845419853925705, 0.07499602437019348, 0.08153785020112991, 0.08807967603206635, 0.09462150186300278, 0.10116332769393921, 0.10770515352487564, 0.11424697935581207, 0.1207888051867485, 0.12733063101768494, 0.13387244939804077, 0.1404142826795578, 0.14695611596107483, 0.15349793434143066, 0.1600397527217865, 0.16658158600330353, 0.17312341928482056, 0.1796652376651764, 0.18620705604553223, 0.19274888932704926, 0.19929072260856628, 0.20583254098892212, 0.21237435936927795, 0.21891619265079498, 0.225458025932312, 0.23199984431266785]}, "parameters/conv2.weight": {"_type": "histogram", "values": [2.0, 0.0, 0.0, 0.0, 1.0, 2.0, 3.0, 2.0, 0.0, 2.0, 5.0, 4.0, 7.0, 7.0, 9.0, 14.0, 19.0, 13.0, 26.0, 19.0, 28.0, 34.0, 18.0, 38.0, 42.0, 44.0, 29.0, 42.0, 52.0, 37.0, 49.0, 45.0, 60.0, 42.0, 52.0, 38.0, 39.0, 35.0, 42.0, 35.0, 29.0, 34.0, 31.0, 20.0, 24.0, 24.0, 18.0, 19.0, 13.0, 8.0, 11.0, 7.0, 7.0, 4.0, 3.0, 2.0, 1.0, 2.0, 2.0, 2.0, 0.0, 0.0, 2.0, 1.0], "bins": [-0.12082334607839584, -0.11717601865530014, -0.11352869123220444, -0.10988136380910873, -0.10623403638601303, -0.10258670896291733, -0.09893938899040222, -0.09529206156730652, -0.09164473414421082, -0.08799740672111511, -0.08435007929801941, -0.0807027518749237, -0.077055424451828, -0.0734080970287323, -0.0697607696056366, -0.0661134421825409, -0.06246611475944519, -0.05881878733634949, -0.055171459913253784, -0.05152413249015808, -0.04787680506706238, -0.044229477643966675, -0.04058215394616127, -0.03693482652306557, -0.033287499099969864, -0.02964017167687416, -0.025992844253778458, -0.022345518693327904, -0.0186981912702322, -0.015050863847136497, -0.011403538286685944, -0.0077562108635902405, -0.004108890891075134, -0.00046156393364071846, 0.0031857630237936974, 0.006833089515566826, 0.010480416938662529, 0.014127744361758232, 0.017775069922208786, 0.02142239734530449, 0.025069724768400192, 0.028717052191495895, 0.0323643796145916, 0.036011703312397, 0.039659030735492706, 0.04330635815858841, 0.04695368558168411, 0.050601013004779816, 0.05424834042787552, 0.05789566785097122, 0.061542995274066925, 0.06519032269716263, 0.06883765012025833, 0.07248497754335403, 0.07613229751586914, 0.07977962493896484, 0.08342695236206055, 0.08707427978515625, 0.09072160720825195, 0.09436893463134766, 0.09801626205444336, 0.10166358947753906, 0.10531091690063477, 0.10895824432373047, 0.11260557174682617]}, "parameters/conv2.bias": {"_type": "histogram", "values": [1.0, 0.0, 0.0, 0.0, 0.0, 0.0, 0.0, 0.0, 0.0, 0.0, 0.0, 0.0, 0.0, 0.0, 0.0, 0.0, 0.0, 0.0, 0.0, 0.0, 0.0, 0.0, 0.0, 0.0, 0.0, 0.0, 0.0, 0.0, 0.0, 0.0, 0.0, 1.0, 0.0, 0.0, 0.0, 0.0, 0.0, 0.0, 0.0, 0.0, 0.0, 0.0, 0.0, 0.0, 0.0, 0.0, 0.0, 0.0, 0.0, 0.0, 0.0, 0.0, 0.0, 0.0, 0.0, 0.0, 0.0, 0.0, 0.0, 0.0, 0.0, 0.0, 0.0, 1.0], "bins": [-0.14298012852668762, -0.13787078857421875, -0.13276144862174988, -0.127652108669281, -0.12254277616739273, -0.11743343621492386, -0.11232410371303558, -0.10721476376056671, -0.10210542380809784, -0.09699608385562897, -0.0918867439031601, -0.08677741140127182, -0.08166807144880295, -0.07655873149633408, -0.0714493989944458, -0.06634005904197693, -0.06123071908950806, -0.056121379137039185, -0.05101204290986061, -0.04590270668268204, -0.040793366730213165, -0.03568402677774429, -0.03057469055056572, -0.025465354323387146, -0.020356014370918274, -0.015246676281094551, -0.010137338191270828, -0.005028000101447105, 8.133798837661743e-05, 0.00519067607820034, 0.010300014168024063, 0.015409350395202637, 0.020518705248832703, 0.025628043338656425, 0.03073738142848015, 0.03584671765565872, 0.040956057608127594, 0.046065397560596466, 0.05117473378777504, 0.05628407001495361, 0.061393409967422485, 0.06650274991989136, 0.07161208987236023, 0.0767214223742485, 0.08183076232671738, 0.08694010227918625, 0.09204943478107452, 0.0971587747335434, 0.10226811468601227, 0.10737745463848114, 0.11248679459095001, 0.11759612709283829, 0.12270546704530716, 0.12781479954719543, 0.1329241394996643, 0.13803347945213318, 0.14314281940460205, 0.14825215935707092, 0.1533614993095398, 0.15847083926200867, 0.16358017921447754, 0.16868950426578522, 0.1737988442182541, 0.17890818417072296, 0.18401752412319183]}, "gradients/conv2.weight": {"_type": "histogram", "values": [2.0, 2.0, 4.0, 0.0, 4.0, 2.0, 4.0, 1.0, 1.0, 3.0, 3.0, 1.0, 2.0, 3.0, 1.0, 3.0, 3.0, 3.0, 2.0, 1.0, 3.0, 0.0, 1.0, 4.0, 7.0, 3.0, 6.0, 13.0, 11.0, 14.0, 18.0, 26.0, 33.0, 23.0, 14.0, 7.0, 6.0, 5.0, 8.0, 21.0, 28.0, 67.0, 116.0, 156.0, 194.0, 30.0, 28.0, 25.0, 17.0, 26.0, 18.0, 15.0, 16.0, 32.0, 55.0, 39.0, 28.0, 19.0, 11.0, 3.0, 1.0, 1.0, 3.0, 4.0],