{"parameters/conv1.weight": {"_type": "histogram", "values": [1.0, 0.0, 0.0, 1.0, 0.0, 0.0, 0.0, 2.0, 4.0, 3.0, 1.0, 5.0, 1.0, 4.0, 8.0, 7.0, 6.0, 11.0, 9.0, 10.0, 14.0, 6.0, 4.0, 13.0, 11.0, 8.0, 18.0, 9.0, 14.0, 6.0, 10.0, 8.0, 8.0, 9.0, 11.0, 12.0, 6.0, 10.0, 7.0, 9.0, 12.0, 6.0, 8.0, 7.0, 11.0, 10.0, 8.0, 7.0, 6.0, 6.0, 7.0, 9.0, 9.0, 7.0, 3.0, 5.0, 4.0, 4.0, 2.0, 0.0, 0.0, 1.0, 1.0, 1.0], "bins": [-0.3090077042579651, -0.299795538187027, -0.2905833423137665, -0.28137117624282837, -0.27215898036956787, -0.26294681429862976, -0.25373461842536926, -0.24452245235443115, -0.23531027138233185, -0.22609809041023254, -0.21688590943813324, -0.20767372846603394, -0.19846156239509583, -0.18924936652183533, -0.18003720045089722, -0.1708250194787979, -0.1616128385066986, -0.1524006575345993, -0.1431884765625, -0.1339762955904007, -0.12476412206888199, -0.11555194109678268, -0.10633976757526398, -0.09712758660316467, -0.08791540563106537, -0.07870322465896606, -0.06949104368686676, -0.06027887016534805, -0.05106668919324875, -0.041854508221149445, -0.03264233097434044, -0.023430153727531433, -0.014218002557754517, -0.005005823448300362, 0.004206355661153793, 0.013418534770607948, 0.022630713880062103, 0.03184289485216141, 0.04105507209897041, 0.05026724934577942, 0.05947943031787872, 0.06869161128997803, 0.07790379226207733, 0.08711596578359604, 0.09632814675569534, 0.10554032772779465, 0.11475250124931335, 0.12396468222141266, 0.13317686319351196, 0.14238904416561127, 0.15160122513771057, 0.16081340610980988, 0.17002558708190918, 0.1792377531528473, 0.1884499341249466, 0.1976621150970459, 0.2068742960691452, 0.2160864770412445, 0.2252986580133438, 0.23451083898544312, 0.24372300505638123, 0.2529352009296417, 0.26214736700057983, 0.27135956287384033, 0.28057172894477844]}, "parameters/conv1.bias": {"_type": "histogram", "values": [1.0, 0.0, 0.0, 0.0, 1.0, 0.0, 1.0, 0.0, 0.0, 0.0, 0.0, 0.0, 0.0, 0.0, 0.0, 0.0, 0.0, 0.0, 0.0, 0.0, 1.0, 1.0, 1.0, 0.0, 0.0, 0.0, 0.0, 0.0, 1.0, 0.0, 0.0, 1.0, 0.0, 0.0, 0.0, 0.0, 0.0, 0.0, 1.0, 0.0, 0.0, 0.0, 2.0, 0.0, 0.0, 0.0, 0.0, 0.0, 0.0, 0.0, 1.0, 0.0, 0.0, 0.0, 1.0, 0.0, 1.0, 0.0, 0.0, 0.0, 0.0, 0.0, 1.0, 1.0], "bins": [-0.39139801263809204, -0.3811253607273102, -0.3708527088165283, -0.3605800271034241, -0.3503073751926422, -0.34003472328186035, -0.3297620713710785, -0.31948941946029663, -0.3092167377471924, -0.2989440858364105, -0.28867143392562866, -0.2783987522125244, -0.26812610030174255, -0.2578534483909607, -0.24758079648017883, -0.23730814456939697, -0.2270354926586151, -0.21676284074783325, -0.2064901739358902, -0.19621752202510834, -0.18594485521316528, -0.17567220330238342, -0.16539955139160156, -0.1551268994808197, -0.14485423266887665, -0.1345815807580948, -0.12430891394615173, -0.11403626203536987, -0.10376360267400742, -0.09349094331264496, -0.0832182914018631, -0.07294563204050064, -0.06267300248146057, -0.052400343120098114, -0.042127687484025955, -0.031855031847953796, -0.02158237248659134, -0.011309713125228882, -0.001037057489156723, 0.009235598146915436, 0.019508257508277893, 0.0297809150069952, 0.04005357250571251, 0.05032622814178467, 0.060598887503147125, 0.07087154686450958, 0.08114419877529144, 0.0914168581366539, 0.10168951749801636, 0.11196217685937881, 0.12223483622074127, 0.13250748813152313, 0.1427801549434662, 0.15305280685424805, 0.1633254587650299, 0.17359811067581177, 0.18387077748775482, 0.19414342939853668, 0.20441609621047974, 0.2146887481212616, 0.22496140003204346, 0.2352340668439865, 0.24550671875476837, 0.2557793855667114, 0.2660520374774933]}, "parameters/conv2.weight": {"_type": "histogram", "values": [1.0, 1.0, 0.0, 0.0, 0.0, 1.0, 0.0, 1.0, 2.0, 2.0, 2.0, 1.0, 0.0, 3.0, 4.0, 2.0, 8.0, 8.0, 7.0, 12.0, 18.0, 26.0, 31.0, 30.0, 27.0, 51.0, 43.0, 45.0, 56.0, 57.0, 59.0, 66.0, 66.0, 57.0, 65.0, 75.0, 68.0, 58.0, 42.0, 41.0, 40.0, 22.0, 26.0, 15.0, 6.0, 12.0, 6.0, 5.0, 7.0, 8.0, 1.0, 7.0, 0.0, 3.0, 1.0, 1.0, 3.0, 0.0, 0.0, 0.0, 0.0, 0.0, 0.0, 1.0], "bins": [-0.20870482921600342, -0.2022843211889267, -0.19586381316184998, -0.18944332003593445, -0.18302281200885773, -0.176602303981781, -0.17018181085586548, -0.16376130282878876, -0.15734079480171204, -0.15092028677463531, -0.1444997787475586, -0.13807928562164307, -0.13165877759456635, -0.12523826956748962, -0.1188177689909935, -0.11239726841449738, -0.10597676038742065, -0.09955625236034393, -0.09313575178384781, -0.08671525120735168, -0.08029474318027496, -0.07387423515319824, -0.06745373457670212, -0.061033230274915695, -0.05461272597312927, -0.04819222167134285, -0.04177171736955643, -0.035351213067770004, -0.02893070876598358, -0.02251020446419716, -0.016089700162410736, -0.009669195860624313, -0.0032486766576766968, 0.003171827644109726, 0.009592331945896149, 0.01601283624768257, 0.022433340549468994, 0.028853844851255417, 0.03527434915304184, 0.04169485345482826, 0.048115357756614685, 0.05453586205840111, 0.06095636636018753, 0.06737686693668365, 0.07379737496376038, 0.0802178829908371, 0.08663838356733322, 0.09305888414382935, 0.09947939217090607, 0.10589990019798279, 0.11232040077447891, 0.11874090135097504, 0.12516140937805176, 0.13158191740512848, 0.1380024254322052, 0.14442291855812073, 0.15084342658519745, 0.15726393461227417, 0.1636844277381897, 0.17010493576526642, 0.17652544379234314, 0.18294595181941986, 0.18936645984649658, 0.1957869529724121, 0.20220746099948883]}, "parameters/conv2.bias": {"_type": "histogram", "values": [1.0, 0.0, 0.0, 0.0, 0.0, 0.0, 0.0, 0.0, 0.0, 0.0, 0.0, 0.0, 0.0, 0.0, 0.0, 0.0, 0.0, 0.0, 0.0, 0.0, 0.0, 0.0, 1.0, 0.0, 0.0, 0.0, 0.0, 0.0, 0.0, 0.0, 0.0, 0.0, 0.0, 0.0, 0.0, 0.0, 0.0, 0.0, 0.0, 0.0, 0.0, 0.0, 0.0, 0.0, 0.0, 0.0, 0.0, 0.0, 0.0, 0.0, 0.0, 0.0, 0.0, 0.0, 0.0, 0.0, 0.0, 0.0, 0.0, 0.0, 0.0, 0.0, 0.0, 1.0], "bins": [-0.13324588537216187, -0.12620770931243896, -0.11916952580213547, -0.11213134974241257, -0.10509316623210907, -0.09805499017238617, -0.09101681411266327, -0.08397863805294037, -0.07694045454263687, -0.06990227848291397, -0.06286409497261047, -0.05582591891288757, -0.048787739127874374, -0.041749559342861176, -0.034711383283138275, -0.027673203498125076, -0.020635023713111877, -0.013596844859421253, -0.006558666005730629, 0.00047951191663742065, 0.0075176917016506195, 0.014555871486663818, 0.02159404754638672, 0.028632227331399918, 0.035670407116413116, 0.042708586901426315, 0.049746766686439514, 0.056784942746162415, 0.06382311880588531, 0.07086130231618881, 0.07789947837591171, 0.08493766188621521, 0.09197583794593811, 0.09901401400566101, 0.10605219751596451, 0.11309037357568741, 0.1201285570859909, 0.1271667331457138, 0.1342049092054367, 0.1412430852651596, 0.1482812762260437, 0.1553194522857666, 0.1623576283454895, 0.1693958044052124, 0.1764339953660965, 0.1834721714258194, 0.1905103474855423, 0.1975485235452652, 0.2045866996049881, 0.211624875664711, 0.2186630517244339, 0.225701242685318, 0.2327394187450409, 0.2397775948047638, 0.2468157708644867, 0.2538539469242096, 0.2608921229839325, 0.2679302990436554, 0.2749684751033783, 0.2820066511631012, 0.2890448272228241, 0.2960830330848694, 0.3031212091445923, 0.3101593852043152, 0.3171975612640381]}, "gradients/conv2.bias": {"_type": "histogram", "values": [1.0, 0.0, 0.0, 0.0, 0.0, 1.0, 0.0, 0.0, 0.0, 0.0, 0.0, 0.0, 0.0, 0.0, 0.0, 0.0, 0.0, 0.0, 0.0, 0.0, 0.0, 0.0, 0.0, 0.0, 0.0, 0.0, 0.0, 0.0, 0.0, 0.0, 0.0, 0.0, 0.0, 0.0, 0.0, 0.0, 0.0, 0.0, 0.0, 0.0, 0.0, 0.0, 0.0, 0.0, 0.0, 0.0, 0.0, 0.0, 0.0, 0.0, 0.0, 0.0, 0.0, 0.0, 0.0, 0.0, 0.0, 0.0, 0.0, 0.0, 0.0, 0.0, 0.0, 1.0],