{"parameters/conv1.weight": {"_type": "histogram", "values": [2.0, 1.0, 3.0, 4.0, 4.0, 5.0, 5.0, 6.0, 8.0, 11.0, 4.0, 6.0, 4.0, 9.0, 6.0, 2.0, 9.0, 8.0, 5.0, 12.0, 8.0, 11.0, 8.0, 3.0, 4.0, 7.0, 7.0, 7.0, 6.0, 5.0, 5.0, 2.0, 3.0, 3.0, 7.0, 10.0, 10.0, 9.0, 7.0, 9.0, 10.0, 7.0, 6.0, 10.0, 8.0, 6.0, 3.0, 7.0, 8.0, 9.0, 8.0, 7.0, 5.0, 4.0, 6.0, 7.0, 11.0, 4.0, 6.0, 10.0, 7.0, 5.0, 0.0, 1.0], "bins": [-0.22209776937961578, -0.21521778404712677, -0.20833781361579895, -0.20145782828330994, -0.19457785785198212, -0.1876978725194931, -0.18081790208816528, -0.17393791675567627, -0.16705793142318726, -0.16017794609069824, -0.15329797565937042, -0.1464179903268814, -0.1395380198955536, -0.13265803456306458, -0.12577804923057556, -0.11889807879924774, -0.11201810836791992, -0.1051381304860115, -0.09825815260410309, -0.09137816727161407, -0.08449819684028625, -0.07761821150779724, -0.07073823362588882, -0.06385825574398041, -0.05697827786207199, -0.050098299980163574, -0.04321832209825516, -0.03633834049105644, -0.029458362609148026, -0.02257838472723961, -0.015698403120040894, -0.008818425238132477, -0.0019384324550628662, 0.004941546358168125, 0.011821525171399117, 0.018701504915952682, 0.0255814827978611, 0.032461460679769516, 0.03934144228696823, 0.04622142016887665, 0.053101398050785065, 0.05998137593269348, 0.0668613538146019, 0.07374133169651031, 0.08062131702899933, 0.08750128746032715, 0.09438127279281616, 0.10126125067472458, 0.108141228556633, 0.11502120643854141, 0.12190118432044983, 0.12878116965293884, 0.13566114008426666, 0.14254112541675568, 0.1494210958480835, 0.1563010811805725, 0.16318106651306152, 0.17006105184555054, 0.17694102227687836, 0.18382100760936737, 0.1907009780406952, 0.1975809633731842, 0.20446094870567322, 0.21134091913700104, 0.21822088956832886]}, "parameters/conv1.bias": {"_type": "histogram", "values": [1.0, 0.0, 0.0, 0.0, 0.0, 0.0, 1.0, 0.0, 0.0, 0.0, 0.0, 0.0, 1.0, 0.0, 0.0, 0.0, 0.0, 0.0, 0.0, 1.0, 0.0, 0.0, 2.0, 1.0, 0.0, 1.0, 0.0, 1.0, 1.0, 0.0, 0.0, 0.0, 0.0, 0.0, 0.0, 0.0, 1.0, 0.0, 0.0, 0.0, 0.0, 0.0, 0.0, 0.0, 0.0, 0.0, 0.0, 0.0, 0.0, 0.0, 0.0, 1.0, 0.0, 0.0, 0.0, 0.0, 1.0, 0.0, 0.0, 1.0, 0.0, 0.0, 1.0, 1.0], "bins": [-0.18195107579231262, -0.17620135843753815, -0.17045165598392487, -0.1647019386291504, -0.15895222127437592, -0.15320250391960144, -0.14745280146598816, -0.14170308411121368, -0.1359533667564392, -0.13020364940166473, -0.12445393949747086, -0.11870422959327698, -0.1129545122385025, -0.10720480233430862, -0.10145509243011475, -0.09570537507534027, -0.08995567262172699, -0.08420596271753311, -0.07845624536275864, -0.07270653545856476, -0.06695681810379028, -0.061207108199596405, -0.05545739829540253, -0.04970768466591835, -0.043957971036434174, -0.03820825740695, -0.03245854377746582, -0.026708833873271942, -0.020959120243787766, -0.015209406614303589, -0.00945969671010971, -0.003709983080625534, 0.0020397156476974487, 0.007789428345859051, 0.013539141044020653, 0.01928885281085968, 0.025038566440343857, 0.030788280069828033, 0.03653798997402191, 0.04228770360350609, 0.048037417232990265, 0.05378713086247444, 0.05953684449195862, 0.0652865543961525, 0.07103626430034637, 0.07678598165512085, 0.08253569155931473, 0.0882854014635086, 0.09403511881828308, 0.09978482872247696, 0.10553454607725143, 0.11128425598144531, 0.11703397333621979, 0.12278368324041367, 0.12853339314460754, 0.13428311049938202, 0.1400328278541565, 0.14578254520893097, 0.15153224766254425, 0.15728196501731873, 0.1630316823720932, 0.16878139972686768, 0.17453110218048096, 0.18028081953525543, 0.1860305219888687]}, "parameters/conv2.weight": {"_type": "histogram", "values": [1.0, 0.0, 0.0, 0.0, 0.0, 1.0, 1.0, 2.0, 3.0, 3.0, 3.0, 3.0, 5.0, 10.0, 12.0, 14.0, 17.0, 21.0, 12.0, 22.0, 25.0, 32.0, 30.0, 24.0, 35.0, 31.0, 31.0, 25.0, 22.0, 31.0, 47.0, 35.0, 40.0, 45.0, 51.0, 24.0, 32.0, 28.0, 32.0, 34.0, 20.0, 42.0, 24.0, 36.0, 35.0, 33.0, 32.0, 23.0, 34.0, 23.0, 27.0, 20.0, 15.0, 14.0, 15.0, 5.0, 7.0, 3.0, 3.0, 2.0, 1.0, 0.0, 0.0, 2.0], "bins": [-0.09600629657506943, -0.09321101009845734, -0.09041573107242584, -0.08762044459581375, -0.08482515811920166, -0.08202987909317017, -0.07923459261655807, -0.07643930613994598, -0.07364402711391449, -0.0708487406373024, -0.0680534616112709, -0.06525817513465881, -0.06246289238333702, -0.05966760963201523, -0.05687232315540314, -0.054077040404081345, -0.05128175765275955, -0.04848647490143776, -0.04569119215011597, -0.042895905673503876, -0.04010062292218208, -0.03730534017086029, -0.0345100536942482, -0.03171477094292641, -0.028919488191604614, -0.02612420544028282, -0.02332892082631588, -0.020533636212348938, -0.017738353461027145, -0.014943069778382778, -0.012147786095738411, -0.009352501481771469, -0.0065572261810302734, -0.0037619424983859062, -0.000966658815741539, 0.0018286248669028282, 0.0046239085495471954, 0.007419192232191563, 0.01021447591483593, 0.013009760528802872, 0.015805043280124664, 0.018600326031446457, 0.0213956106454134, 0.02419089525938034, 0.026986178010702133, 0.029781460762023926, 0.03257674723863602, 0.03537202998995781, 0.0381673127412796, 0.040962595492601395, 0.04375787824392319, 0.04655316472053528, 0.04934844747185707, 0.052143730223178864, 0.054939016699790955, 0.05773429945111275, 0.06052958220243454, 0.06332486867904663, 0.06612014770507812, 0.06891543418169022, 0.07171072065830231, 0.0745059996843338, 0.07730128616094589, 0.08009657263755798, 0.08289185166358948]}, "parameters/conv2.bias": {"_type": "histogram", "values": [1.0, 0.0, 0.0, 0.0, 0.0, 0.0, 0.0, 0.0, 0.0, 0.0, 0.0, 0.0, 0.0, 0.0, 0.0, 0.0, 0.0, 0.0, 0.0, 0.0, 0.0, 0.0, 0.0, 1.0, 0.0, 0.0, 0.0, 0.0, 0.0, 0.0, 0.0, 0.0, 0.0, 0.0, 0.0, 0.0, 0.0, 0.0, 0.0, 0.0, 0.0, 0.0, 0.0, 0.0, 0.0, 0.0, 0.0, 0.0, 0.0, 0.0, 0.0, 0.0, 0.0, 0.0, 0.0, 0.0, 0.0, 0.0, 0.0, 0.0, 0.0, 0.0, 0.0, 1.0], "bins": [-0.19531923532485962, -0.19048038125038147, -0.18564152717590332, -0.18080267310142517, -0.17596381902694702, -0.17112495005130768, -0.16628609597682953, -0.16144724190235138, -0.15660838782787323, -0.15176953375339508, -0.14693067967891693, -0.14209182560443878, -0.13725295662879944, -0.1324141025543213, -0.12757524847984314, -0.12273639440536499, -0.11789754033088684, -0.11305868625640869, -0.10821983218193054, -0.1033809706568718, -0.09854211658239365, -0.0937032625079155, -0.08886440098285675, -0.0840255469083786, -0.07918669283390045, -0.0743478387594223, -0.06950898468494415, -0.0646701231598854, -0.05983126908540726, -0.05499241501092911, -0.05015355721116066, -0.04531469941139221, -0.040475837886333466, -0.035636983811855316, -0.03079812601208687, -0.02595927007496357, -0.02112041413784027, -0.016281558200716972, -0.011442702263593674, -0.006603844463825226, -0.0017649903893470764, 0.0030738655477762222, 0.007912721484899521, 0.01275157742202282, 0.017590433359146118, 0.022429289296269417, 0.027268145233392715, 0.03210700303316116, 0.03694585710763931, 0.04178471118211746, 0.04662356898188591, 0.05146242678165436, 0.05630128085613251, 0.06114013493061066, 0.0659789890050888, 0.07081785053014755, 0.0756567046046257, 0.08049555867910385, 0.0853344202041626, 0.09017327427864075, 0.0950121283531189, 0.09985098242759705, 0.1046898365020752, 0.10952869802713394, 0.11436755210161209]}, "gradients/conv2.bias": {"_type": "histogram", "values": [1.0, 0.0, 0.0, 0.0, 0.0, 0.0, 0.0, 0.0, 0.0, 0.0, 0.0, 0.0, 0.0, 0.0, 0.0, 0.0, 0.0, 0.0, 0.0, 0.0, 0.0, 0.0, 0.0, 0.0, 0.0, 0.0, 0.0, 0.0, 0.0, 0.0, 0.0, 0.0, 0.0, 0.0, 0.0, 0.0, 0.0, 0.0, 0.0, 0.0, 0.0, 0.0, 0.0, 0.0, 0.0, 0.0, 0.0, 1.0, 0.0, 0.0, 0.0, 0.0, 0.0, 0.0, 0.0, 0.0, 0.0, 0.0, 0.0, 0.0, 0.0, 0.0, 0.0, 1.0],