{"parameters/conv1.weight": {"_type": "histogram", "values": [1.0, 0.0, 0.0, 0.0, 0.0, 0.0, 2.0, 0.0, 4.0, 2.0, 0.0, 5.0, 1.0, 5.0, 7.0, 4.0, 7.0, 5.0, 10.0, 13.0, 10.0, 6.0, 8.0, 9.0, 7.0, 10.0, 7.0, 7.0, 5.0, 12.0, 10.0, 13.0, 7.0, 10.0, 8.0, 9.0, 8.0, 4.0, 8.0, 12.0, 11.0, 11.0, 15.0, 9.0, 9.0, 12.0, 7.0, 8.0, 6.0, 6.0, 14.0, 8.0, 5.0, 7.0, 11.0, 7.0, 9.0, 2.0, 3.0, 0.0, 2.0, 1.0, 0.0, 1.0], "bins": [-0.3275749087333679, -0.31835412979125977, -0.3091333508491516, -0.29991257190704346, -0.2906918227672577, -0.28147104382514954, -0.2722502648830414, -0.2630294859409332, -0.2538087069988251, -0.24458792805671692, -0.23536716401576996, -0.2261463850736618, -0.21692560613155365, -0.2077048420906067, -0.19848406314849854, -0.18926328420639038, -0.18004252016544342, -0.17082174122333527, -0.1616009771823883, -0.15238019824028015, -0.143159419298172, -0.13393864035606384, -0.12471787631511688, -0.11549709737300873, -0.10627632588148117, -0.09705555438995361, -0.08783477544784546, -0.0786140039563179, -0.06939323246479034, -0.06017245352268219, -0.05095168203115463, -0.04173090308904648, -0.03251013159751892, -0.023289356380701065, -0.014068583026528358, -0.004847809672355652, 0.004372965544462204, 0.01359374076128006, 0.022814512252807617, 0.03203529119491577, 0.04125606268644333, 0.050476837903261185, 0.05969761312007904, 0.0689183846116066, 0.07813915610313416, 0.08735993504524231, 0.09658070653676987, 0.10580148547887802, 0.11502225697040558, 0.12424302846193314, 0.1334637999534607, 0.14268457889556885, 0.151905357837677, 0.16112613677978516, 0.17034690082073212, 0.17956767976284027, 0.18878844380378723, 0.19800922274589539, 0.20722998678684235, 0.2164507657289505, 0.22567154467105865, 0.23489230871200562, 0.24411308765411377, 0.2533338665962219, 0.2625546455383301]}, "parameters/conv1.bias": {"_type": "histogram", "values": [1.0, 0.0, 0.0, 0.0, 0.0, 0.0, 0.0, 0.0, 0.0, 0.0, 0.0, 0.0, 0.0, 0.0, 0.0, 0.0, 0.0, 1.0, 1.0, 0.0, 0.0, 0.0, 0.0, 0.0, 1.0, 0.0, 0.0, 0.0, 1.0, 0.0, 0.0, 0.0, 0.0, 0.0, 0.0, 0.0, 0.0, 1.0, 0.0, 1.0, 0.0, 0.0, 0.0, 1.0, 0.0, 0.0, 1.0, 0.0, 1.0, 0.0, 0.0, 0.0, 0.0, 2.0, 0.0, 0.0, 0.0, 1.0, 0.0, 1.0, 1.0, 0.0, 0.0, 1.0], "bins": [-0.4735451340675354, -0.46237531304359436, -0.4512054920196533, -0.4400356709957123, -0.42886584997177124, -0.4176960289478302, -0.40652620792388916, -0.3953563868999481, -0.3841865658760071, -0.37301674485206604, -0.361846923828125, -0.35067710280418396, -0.3395072817802429, -0.3283374607563019, -0.31716763973236084, -0.3059978187084198, -0.29482799768447876, -0.2836581766605377, -0.2724883556365967, -0.26131853461265564, -0.2501487135887146, -0.23897889256477356, -0.22780907154083252, -0.21663925051689148, -0.20546939969062805, -0.194299578666687, -0.18312975764274597, -0.17195993661880493, -0.1607901155948639, -0.14962029457092285, -0.1384504735469818, -0.12728065252304077, -0.11611084640026093, -0.10494102537631989, -0.09377120435237885, -0.0826013833284378, -0.07143156230449677, -0.06026173755526543, -0.04909191280603409, -0.03792209178209305, -0.026752270758152008, -0.015582448802888393, -0.004412626847624779, 0.0067571960389614105, 0.01792701706290245, 0.02909683808684349, 0.04026666283607483, 0.05143648386001587, 0.06260630488395691, 0.07377612590789795, 0.08494594693183899, 0.09611576795578003, 0.10728558897972107, 0.11845541000366211, 0.12962523102760315, 0.1407950520515442, 0.15196487307548523, 0.16313469409942627, 0.1743045151233673, 0.18547433614730835, 0.1966441571712494, 0.20781397819519043, 0.21898379921913147, 0.2301536202430725, 0.24132345616817474]}, "parameters/conv2.weight": {"_type": "histogram", "values": [1.0, 0.0, 0.0, 0.0, 0.0, 1.0, 0.0, 0.0, 0.0, 1.0, 1.0, 0.0, 0.0, 1.0, 1.0, 2.0, 4.0, 2.0, 4.0, 5.0, 5.0, 6.0, 10.0, 8.0, 8.0, 12.0, 15.0, 21.0, 26.0, 28.0, 31.0, 38.0, 39.0, 36.0, 56.0, 70.0, 57.0, 73.0, 72.0, 75.0, 64.0, 63.0, 70.0, 35.0, 55.0, 44.0, 30.0, 29.0, 30.0, 21.0, 13.0, 8.0, 7.0, 4.0, 5.0, 2.0, 5.0, 2.0, 0.0, 0.0, 0.0, 0.0, 2.0, 2.0], "bins": [-0.2288397252559662, -0.22278058528900146, -0.21672144532203674, -0.21066230535507202, -0.2046031653881073, -0.19854402542114258, -0.19248488545417786, -0.18642574548721313, -0.1803666055202484, -0.1743074655532837, -0.16824832558631897, -0.16218918561935425, -0.15613004565238953, -0.1500709056854248, -0.14401176571846008, -0.13795262575149536, -0.13189348578453064, -0.12583434581756592, -0.1197752058506012, -0.11371606588363647, -0.10765692591667175, -0.10159778594970703, -0.09553864598274231, -0.08947950601577759, -0.08342036604881287, -0.07736122608184814, -0.07130208611488342, -0.0652429461479187, -0.05918380618095398, -0.05312466621398926, -0.047065526247024536, -0.041006386280059814, -0.03494726121425629, -0.028888121247291565, -0.022828981280326843, -0.01676984131336212, -0.0107107013463974, -0.004651561379432678, 0.0014075785875320435, 0.007466718554496765, 0.013525858521461487, 0.01958499848842621, 0.02564413845539093, 0.03170327842235565, 0.037762418389320374, 0.043821558356285095, 0.04988069832324982, 0.05593983829021454, 0.06199897825717926, 0.06805811822414398, 0.0741172581911087, 0.08017639815807343, 0.08623553812503815, 0.09229467809200287, 0.09835381805896759, 0.10441295802593231, 0.11047209799289703, 0.11653123795986176, 0.12259037792682648, 0.1286495178937912, 0.13470865786075592, 0.14076779782772064, 0.14682693779468536, 0.15288607776165009, 0.1589452177286148]}, "parameters/conv2.bias": {"_type": "histogram", "values": [1.0, 0.0, 0.0, 0.0, 0.0, 0.0, 0.0, 0.0, 0.0, 0.0, 0.0, 0.0, 0.0, 0.0, 0.0, 0.0, 0.0, 0.0, 0.0, 0.0, 0.0, 0.0, 0.0, 0.0, 0.0, 0.0, 0.0, 0.0, 1.0, 0.0, 0.0, 0.0, 0.0, 0.0, 0.0, 0.0, 0.0, 0.0, 0.0, 0.0, 0.0, 0.0, 0.0, 0.0, 0.0, 0.0, 0.0, 0.0, 0.0, 0.0, 0.0, 0.0, 0.0, 0.0, 0.0, 0.0, 0.0, 0.0, 0.0, 0.0, 0.0, 0.0, 0.0, 1.0], "bins": [-0.17527887225151062, -0.16849948465824127, -0.16172008216381073, -0.15494069457054138, -0.14816130697727203, -0.14138191938400269, -0.13460251688957214, -0.1278231292963028, -0.12104374170303345, -0.1142643466591835, -0.10748495906591415, -0.10070556402206421, -0.09392617642879486, -0.08714678138494492, -0.08036738634109497, -0.07358799874782562, -0.06680860370397568, -0.06002921238541603, -0.053249821066856384, -0.04647042602300644, -0.03969103842973709, -0.032911643385887146, -0.0261322520673275, -0.019352860748767853, -0.012573469430208206, -0.005794077645987272, 0.0009853141382336617, 0.007764706388115883, 0.01454409770667553, 0.021323490887880325, 0.028102882206439972, 0.03488227352499962, 0.041661664843559265, 0.04844105616211891, 0.05522044748067856, 0.0619998425245285, 0.06877923011779785, 0.0755586251616478, 0.08233802020549774, 0.08911740779876709, 0.09589679539203644, 0.10267619043588638, 0.10945557802915573, 0.11623497307300568, 0.12301436066627502, 0.12979376316070557, 0.13657315075397491, 0.14335253834724426, 0.1501319408416748, 0.15691132843494415, 0.1636907309293747, 0.17047011852264404, 0.1772495061159134, 0.18402889370918274, 0.19080829620361328, 0.19758768379688263, 0.20436707139015198, 0.21114645898342133, 0.21792586147785187, 0.22470524907112122, 0.23148463666439056, 0.2382640242576599, 0.24504342675209045, 0.251822829246521, 0.25860220193862915]}, "gradients/conv2.bias": {"_type": "histogram", "values": [1.0, 0.0, 0.0, 0.0, 0.0, 0.0, 0.0, 0.0, 0.0, 0.0, 0.0, 0.0, 0.0, 0.0, 0.0, 0.0, 0.0, 0.0, 0.0, 0.0, 0.0, 0.0, 0.0, 0.0, 0.0, 0.0, 1.0, 0.0, 0.0, 0.0, 0.0, 0.0, 0.0, 0.0, 0.0, 0.0, 0.0, 0.0, 0.0, 0.0, 0.0, 0.0, 0.0, 0.0, 0.0, 0.0, 0.0, 0.0, 0.0, 0.0, 0.0, 0.0, 0.0, 0.0, 0.0, 0.0, 0.0, 0.0, 0.0, 0.0, 0.0, 0.0, 0.0, 1.0],