{"parameters/conv1.weight": {"_type": "histogram", "values": [1.0, 0.0, 0.0, 0.0, 0.0, 1.0, 2.0, 1.0, 1.0, 0.0, 0.0, 2.0, 2.0, 8.0, 6.0, 3.0, 14.0, 11.0, 8.0, 10.0, 7.0, 13.0, 10.0, 9.0, 11.0, 8.0, 13.0, 11.0, 6.0, 7.0, 8.0, 13.0, 5.0, 11.0, 7.0, 9.0, 13.0, 13.0, 10.0, 16.0, 12.0, 7.0, 9.0, 8.0, 9.0, 8.0, 8.0, 14.0, 8.0, 7.0, 8.0, 9.0, 6.0, 7.0, 2.0, 2.0, 0.0, 1.0, 1.0, 2.0, 0.0, 0.0, 0.0, 2.0], "bins": [-0.32524946331977844, -0.31559717655181885, -0.30594485998153687, -0.29629257321357727, -0.2866402864456177, -0.2769879996776581, -0.2673357129096985, -0.2576833963394165, -0.2480311095714569, -0.23837882280349731, -0.22872652113437653, -0.21907421946525574, -0.20942193269729614, -0.19976964592933655, -0.19011734426021576, -0.18046504259109497, -0.17081275582313538, -0.16116046905517578, -0.151508167386055, -0.1418558657169342, -0.1322035789489746, -0.12255128473043442, -0.11289899051189423, -0.10324669629335403, -0.09359440207481384, -0.08394210785627365, -0.07428981363773346, -0.06463751941919327, -0.054985225200653076, -0.045332930982112885, -0.03568063676357269, -0.0260283425450325, -0.016376078128814697, -0.006723783910274506, 0.002928510308265686, 0.012580804526805878, 0.02223309874534607, 0.03188539296388626, 0.04153768718242645, 0.051189981400966644, 0.060842275619506836, 0.07049456983804703, 0.08014686405658722, 0.08979915827512741, 0.0994514524936676, 0.1091037467122078, 0.11875604093074799, 0.12840834259986877, 0.13806062936782837, 0.14771291613578796, 0.15736521780490875, 0.16701751947402954, 0.17666980624198914, 0.18632209300994873, 0.19597439467906952, 0.2056266963481903, 0.2152789831161499, 0.2249312698841095, 0.23458357155323029, 0.24423587322235107, 0.25388815999031067, 0.26354044675827026, 0.27319276332855225, 0.28284505009651184, 0.29249733686447144]}, "parameters/conv1.bias": {"_type": "histogram", "values": [1.0, 0.0, 0.0, 0.0, 0.0, 0.0, 0.0, 0.0, 0.0, 0.0, 0.0, 0.0, 0.0, 0.0, 0.0, 2.0, 1.0, 0.0, 0.0, 0.0, 0.0, 0.0, 0.0, 0.0, 1.0, 0.0, 0.0, 0.0, 0.0, 0.0, 1.0, 1.0, 0.0, 0.0, 0.0, 1.0, 0.0, 0.0, 0.0, 1.0, 0.0, 0.0, 1.0, 1.0, 1.0, 0.0, 0.0, 0.0, 0.0, 0.0, 0.0, 0.0, 0.0, 0.0, 0.0, 0.0, 0.0, 1.0, 0.0, 0.0, 0.0, 0.0, 2.0, 1.0], "bins": [-0.324592649936676, -0.31658151745796204, -0.30857041478157043, -0.30055928230285645, -0.29254817962646484, -0.28453704714775085, -0.27652594447135925, -0.26851481199264526, -0.26050370931625366, -0.2524925768375397, -0.24448147416114807, -0.23647035658359528, -0.22845923900604248, -0.2204481065273285, -0.2124369889497757, -0.2044258713722229, -0.1964147388935089, -0.18840362131595612, -0.18039250373840332, -0.17238138616085052, -0.16437026858329773, -0.15635913610458374, -0.14834801852703094, -0.14033690094947815, -0.13232578337192535, -0.12431466579437256, -0.11630354821681976, -0.10829242318868637, -0.10028130561113358, -0.09227018803358078, -0.08425906300544739, -0.07624794542789459, -0.06823679804801941, -0.060225680470466614, -0.05221455916762352, -0.044203437864780426, -0.03619232028722763, -0.028181202709674835, -0.02017008140683174, -0.012158960103988647, -0.004147842526435852, 0.0038632769137620926, 0.011874396353960037, 0.019885515794157982, 0.027896635234355927, 0.03590775281190872, 0.043918874114751816, 0.05192999541759491, 0.059941112995147705, 0.0679522305727005, 0.0759633481502533, 0.08397447317838669, 0.09198559075593948, 0.09999670833349228, 0.10800783336162567, 0.11601895093917847, 0.12403006851673126, 0.13204118609428406, 0.14005230367183685, 0.14806342124938965, 0.15607455372810364, 0.16408565640449524, 0.17209678888320923, 0.18010790646076202, 0.18811902403831482]}, "parameters/conv2.weight": {"_type": "histogram", "values": [1.0, 0.0, 0.0, 0.0, 0.0, 0.0, 0.0, 0.0, 0.0, 1.0, 1.0, 2.0, 3.0, 2.0, 2.0, 3.0, 2.0, 3.0, 3.0, 7.0, 5.0, 12.0, 15.0, 16.0, 22.0, 25.0, 33.0, 47.0, 44.0, 43.0, 45.0, 61.0, 63.0, 49.0, 65.0, 48.0, 72.0, 53.0, 50.0, 66.0, 50.0, 41.0, 42.0, 28.0, 38.0, 25.0, 33.0, 22.0, 9.0, 13.0, 9.0, 8.0, 6.0, 5.0, 3.0, 1.0, 0.0, 0.0, 0.0, 1.0, 1.0, 0.0, 0.0, 1.0], "bins": [-0.18862204253673553, -0.18339864909648895, -0.17817525565624237, -0.1729518473148346, -0.167728453874588, -0.16250506043434143, -0.15728166699409485, -0.15205827355384827, -0.14683488011360168, -0.1416114866733551, -0.13638809323310852, -0.13116469979286194, -0.12594129145145416, -0.12071789801120758, -0.115494504570961, -0.11027111113071442, -0.10504770278930664, -0.09982430934906006, -0.09460090845823288, -0.0893775150179863, -0.08415411412715912, -0.07893072068691254, -0.07370732724666595, -0.06848393380641937, -0.0632605329155922, -0.05803713575005531, -0.05281373858451843, -0.04759034514427185, -0.04236694797873497, -0.03714355081319809, -0.03192015737295151, -0.026696760207414627, -0.021473363041877747, -0.016249965876340866, -0.011026570573449135, -0.0058031752705574036, -0.0005797781050205231, 0.004643619060516357, 0.00986701250076294, 0.01509040966629982, 0.0203138068318367, 0.02553720399737358, 0.030760599300265312, 0.03598399460315704, 0.041207391768693924, 0.046430788934230804, 0.051654182374477386, 0.05687757954001427, 0.06210097670555115, 0.06732437014579773, 0.07254777103662491, 0.07777116447687149, 0.08299456536769867, 0.08821795880794525, 0.09344135224819183, 0.09866474568843842, 0.1038881465792656, 0.10911154001951218, 0.11433494091033936, 0.11955833435058594, 0.12478172779083252, 0.1300051212310791, 0.13522851467132568, 0.14045192301273346, 0.14567531645298004]}, "parameters/conv2.bias": {"_type": "histogram", "values": [1.0, 0.0, 0.0, 0.0, 0.0, 0.0, 0.0, 0.0, 0.0, 0.0, 0.0, 0.0, 0.0, 0.0, 0.0, 0.0, 0.0, 0.0, 0.0, 0.0, 0.0, 0.0, 0.0, 0.0, 0.0, 0.0, 0.0, 0.0, 0.0, 0.0, 1.0, 0.0, 0.0, 0.0, 0.0, 0.0, 0.0, 0.0, 0.0, 0.0, 0.0, 0.0, 0.0, 0.0, 0.0, 0.0, 0.0, 0.0, 0.0, 0.0, 0.0, 0.0, 0.0, 0.0, 0.0, 0.0, 0.0, 0.0, 0.0, 0.0, 0.0, 0.0, 0.0, 1.0], "bins": [-0.21194908022880554, -0.2050085812807083, -0.19806809723377228, -0.19112759828567505, -0.184187114238739, -0.17724661529064178, -0.17030613124370575, -0.16336563229560852, -0.15642514824867249, -0.14948464930057526, -0.14254416525363922, -0.135603666305542, -0.12866318225860596, -0.12172268331050873, -0.11478219926357269, -0.10784170031547546, -0.10090120881795883, -0.0939607173204422, -0.08702022582292557, -0.08007973432540894, -0.0731392428278923, -0.06619875133037567, -0.05925825610756874, -0.05231776461005211, -0.04537727311253548, -0.038436781615018845, -0.03149629011750221, -0.02455579675734043, -0.0176153052598238, -0.010674811899662018, -0.0037343204021453857, 0.0032061710953712463, 0.010146662592887878, 0.01708715409040451, 0.024027645587921143, 0.030968138948082924, 0.03790862858295441, 0.04484912380576134, 0.05178961530327797, 0.0587301068007946, 0.06567059457302094, 0.07261108607053757, 0.0795515775680542, 0.08649206906557083, 0.09343256056308746, 0.10037305951118469, 0.10731354355812073, 0.11425404250621796, 0.12119453400373459, 0.12813502550125122, 0.13507552444934845, 0.14201600849628448, 0.1489565074443817, 0.15589699149131775, 0.16283749043941498, 0.169777974486351, 0.17671847343444824, 0.18365897238254547, 0.1905994564294815, 0.19753995537757874, 0.20448043942451477, 0.211420938372612, 0.21836142241954803, 0.22530192136764526, 0.2322424054145813]}, "gradients/conv2.bias": {"_type": "histogram", "values": [1.0, 0.0, 0.0, 0.0, 0.0, 0.0, 1.0, 0.0, 0.0, 0.0, 0.0, 0.0, 0.0, 0.0, 0.0, 0.0, 0.0, 0.0, 0.0, 0.0, 0.0, 0.0, 0.0, 0.0, 0.0, 0.0, 0.0, 0.0, 0.0, 0.0, 0.0, 0.0, 0.0, 0.0, 0.0, 0.0, 0.0, 0.0, 0.0, 0.0, 0.0, 0.0, 0.0, 0.0, 0.0, 0.0, 0.0, 0.0, 0.0, 0.0, 0.0, 0.0, 0.0, 0.0, 0.0, 0.0, 0.0, 0.0, 0.0, 0.0, 0.0, 0.0, 0.0, 1.0],