{"parameters/conv1.weight": {"_type": "histogram", "values": [2.0, 0.0, 1.0, 2.0, 2.0, 1.0, 4.0, 9.0, 6.0, 6.0, 6.0, 7.0, 8.0, 6.0, 6.0, 8.0, 5.0, 7.0, 8.0, 12.0, 8.0, 7.0, 15.0, 12.0, 8.0, 8.0, 10.0, 9.0, 13.0, 6.0, 8.0, 5.0, 3.0, 14.0, 10.0, 8.0, 7.0, 6.0, 8.0, 6.0, 9.0, 7.0, 10.0, 5.0, 4.0, 5.0, 11.0, 3.0, 8.0, 7.0, 12.0, 4.0, 8.0, 3.0, 3.0, 4.0, 8.0, 2.0, 1.0, 4.0, 2.0, 1.0, 1.0, 1.0], "bins": [-0.25549811124801636, -0.24741892516613007, -0.23933973908424377, -0.23126056790351868, -0.22318138182163239, -0.2151021957397461, -0.2070230096578598, -0.1989438235759735, -0.1908646523952484, -0.18278546631336212, -0.17470628023147583, -0.16662710905075073, -0.15854792296886444, -0.15046873688697815, -0.14238955080509186, -0.13431036472320557, -0.12623117864131927, -0.11815199255943298, -0.11007281392812729, -0.101993627846241, -0.0939144492149353, -0.08583526313304901, -0.07775607705116272, -0.06967689096927643, -0.061597712337970734, -0.05351852998137474, -0.04543934762477875, -0.037360161542892456, -0.029280979186296463, -0.02120179682970047, -0.013122610747814178, -0.005043428391218185, 0.0030357539653778076, 0.011114937253296375, 0.019194120541214943, 0.027273304760456085, 0.03535248711705208, 0.04343166947364807, 0.05151085555553436, 0.059590037912130356, 0.06766922026872635, 0.07574840635061264, 0.08382758498191833, 0.09190677106380463, 0.09998595714569092, 0.10806513577699661, 0.1161443218588829, 0.1242235004901886, 0.1323026865720749, 0.14038187265396118, 0.14846105873584747, 0.15654024481773376, 0.16461941599845886, 0.17269860208034515, 0.18077778816223145, 0.18885697424411774, 0.19693616032600403, 0.20501534640789032, 0.2130945324897766, 0.2211737036705017, 0.229252889752388, 0.2373320758342743, 0.24541126191616058, 0.2534904479980469, 0.261569619178772]}, "parameters/conv1.bias": {"_type": "histogram", "values": [1.0, 0.0, 0.0, 0.0, 0.0, 0.0, 0.0, 0.0, 0.0, 0.0, 1.0, 0.0, 0.0, 0.0, 0.0, 0.0, 0.0, 0.0, 0.0, 0.0, 0.0, 0.0, 0.0, 0.0, 1.0, 0.0, 0.0, 0.0, 0.0, 0.0, 0.0, 0.0, 0.0, 1.0, 1.0, 0.0, 0.0, 0.0, 0.0, 0.0, 0.0, 0.0, 2.0, 3.0, 0.0, 0.0, 0.0, 0.0, 0.0, 0.0, 0.0, 0.0, 0.0, 0.0, 0.0, 0.0, 0.0, 0.0, 1.0, 1.0, 0.0, 1.0, 2.0, 1.0], "bins": [-0.38775718212127686, -0.37838950753211975, -0.36902183294296265, -0.35965412855148315, -0.35028645396232605, -0.34091877937316895, -0.33155110478401184, -0.32218343019485474, -0.31281572580337524, -0.30344805121421814, -0.29408037662506104, -0.28471267223358154, -0.27534499764442444, -0.26597732305526733, -0.25660964846611023, -0.24724197387695312, -0.23787429928779602, -0.22850662469863892, -0.21913893520832062, -0.2097712606191635, -0.20040357112884521, -0.1910358965396881, -0.181668221950531, -0.1723005473613739, -0.1629328578710556, -0.1535651832818985, -0.1441974937915802, -0.1348298192024231, -0.125462144613266, -0.11609445512294769, -0.10672678053379059, -0.09735909849405289, -0.08799144625663757, -0.07862376421689987, -0.06925608217716217, -0.059888407588005066, -0.050520725548267365, -0.04115304350852966, -0.03178536519408226, -0.022417686879634857, -0.013050004839897156, -0.0036823246628046036, 0.005685355514287949, 0.0150530356913805, 0.024420715868473053, 0.033788397908210754, 0.04315607622265816, 0.05252375453710556, 0.06189143657684326, 0.07125911861658096, 0.08062680065631866, 0.08999447524547577, 0.09936215728521347, 0.10872983932495117, 0.11809751391410828, 0.12746518850326538, 0.13683287799358368, 0.14620055258274078, 0.15556824207305908, 0.1649359166622162, 0.1743035912513733, 0.1836712807416916, 0.1930389553308487, 0.202406644821167, 0.2117743194103241]}, "parameters/conv2.weight": {"_type": "histogram", "values": [1.0, 1.0, 1.0, 1.0, 1.0, 1.0, 3.0, 2.0, 2.0, 5.0, 3.0, 7.0, 5.0, 5.0, 11.0, 13.0, 14.0, 14.0, 14.0, 16.0, 15.0, 20.0, 23.0, 27.0, 34.0, 42.0, 37.0, 53.0, 54.0, 43.0, 45.0, 41.0, 54.0, 54.0, 47.0, 39.0, 34.0, 47.0, 46.0, 39.0, 39.0, 34.0, 29.0, 24.0, 21.0, 23.0, 16.0, 14.0, 19.0, 13.0, 13.0, 9.0, 3.0, 5.0, 5.0, 4.0, 0.0, 1.0, 5.0, 2.0, 2.0, 1.0, 1.0, 3.0], "bins": [-0.1377660036087036, -0.13357670605182648, -0.12938740849494934, -0.1251981258392334, -0.12100882828235626, -0.11681953072547913, -0.11263023316860199, -0.10844093561172485, -0.10425164550542831, -0.10006234794855118, -0.09587305784225464, -0.0916837602853775, -0.08749446272850037, -0.08330517262220383, -0.07911587506532669, -0.07492658495903015, -0.07073728740215302, -0.06654798984527588, -0.06235869973897934, -0.0581694021821022, -0.053980108350515366, -0.04979081451892853, -0.04560151696205139, -0.041412223130464554, -0.037222929298877716, -0.03303363546729088, -0.02884433977305889, -0.024655044078826904, -0.020465750247240067, -0.01627645641565323, -0.012087160721421242, -0.007897865027189255, -0.003708586096763611, 0.00048070866614580154, 0.004670003429055214, 0.008859298191964626, 0.013048592954874039, 0.017237886786460876, 0.021427182480692863, 0.02561647817492485, 0.029805772006511688, 0.033995065838098526, 0.038184359669685364, 0.0423736572265625, 0.04656295105814934, 0.050752244889736176, 0.05494154244661331, 0.05913083627820015, 0.06332013010978699, 0.06750942766666412, 0.07169871777296066, 0.0758880153298378, 0.08007730543613434, 0.08426660299301147, 0.08845590054988861, 0.09264519810676575, 0.09683448821306229, 0.10102378576993942, 0.10521307587623596, 0.1094023734331131, 0.11359167098999023, 0.11778096109628677, 0.12197025865316391, 0.12615954875946045, 0.13034884631633759]}, "parameters/conv2.bias": {"_type": "histogram", "values": [1.0, 0.0, 0.0, 0.0, 0.0, 0.0, 0.0, 0.0, 0.0, 0.0, 0.0, 0.0, 0.0, 0.0, 0.0, 0.0, 0.0, 0.0, 0.0, 0.0, 0.0, 0.0, 0.0, 0.0, 0.0, 1.0, 0.0, 0.0, 0.0, 0.0, 0.0, 0.0, 0.0, 0.0, 0.0, 0.0, 0.0, 0.0, 0.0, 0.0, 0.0, 0.0, 0.0, 0.0, 0.0, 0.0, 0.0, 0.0, 0.0, 0.0, 0.0, 0.0, 0.0, 0.0, 0.0, 0.0, 0.0, 0.0, 0.0, 0.0, 0.0, 0.0, 0.0, 1.0], "bins": [-0.20887920260429382, -0.20222465693950653, -0.19557012617588043, -0.18891558051109314, -0.18226104974746704, -0.17560650408267975, -0.16895195841789246, -0.16229742765426636, -0.15564288198947906, -0.14898833632469177, -0.14233380556106567, -0.13567925989627838, -0.1290247142314911, -0.12237018346786499, -0.1157156378030777, -0.109061099588871, -0.1024065613746643, -0.09575202316045761, -0.08909748494625092, -0.08244293928146362, -0.07578840106725693, -0.06913386285305023, -0.06247932091355324, -0.055824778974056244, -0.04917024075984955, -0.04251570254564285, -0.03586116060614586, -0.029206620529294014, -0.02255208045244217, -0.015897542238235474, -0.00924300029873848, -0.0025884583592414856, 0.00406607985496521, 0.010720619931817055, 0.0173751600086689, 0.024029700085520744, 0.03068424016237259, 0.037338778376579285, 0.04399332031607628, 0.05064786225557327, 0.05730240046977997, 0.06395693868398666, 0.07061147689819336, 0.07726602256298065, 0.08392056077718735, 0.09057509899139404, 0.09722964465618134, 0.10388418287038803, 0.11053872108459473, 0.11719325929880142, 0.12384779751300812, 0.1305023431777954, 0.1371568739414215, 0.1438114196062088, 0.1504659652709961, 0.1571204960346222, 0.16377504169940948, 0.17042958736419678, 0.17708411812782288, 0.18373866379261017, 0.19039320945739746, 0.19704774022102356, 0.20370228588581085, 0.21035683155059814, 0.21701136231422424]}, "gradients/conv2.bias": {"_type": "histogram", "values": [1.0, 0.0, 0.0, 1.0, 0.0, 0.0, 0.0, 0.0, 0.0, 0.0, 0.0, 0.0, 0.0, 0.0, 0.0, 0.0, 0.0, 0.0, 0.0, 0.0, 0.0, 0.0, 0.0, 0.0, 0.0, 0.0, 0.0, 0.0, 0.0, 0.0, 0.0, 0.0, 0.0, 0.0, 0.0, 0.0, 0.0, 0.0, 0.0, 0.0, 0.0, 0.0, 0.0, 0.0, 0.0, 0.0, 0.0, 0.0, 0.0, 0.0, 0.0, 0.0, 0.0, 0.0, 0.0, 0.0, 0.0, 0.0, 0.0, 0.0, 0.0, 0.0, 0.0, 1.0],