{"parameters/conv1.weight": {"_type": "histogram", "values": [3.0, 4.0, 3.0, 5.0, 7.0, 10.0, 3.0, 6.0, 3.0, 10.0, 5.0, 4.0, 7.0, 7.0, 3.0, 8.0, 7.0, 6.0, 12.0, 8.0, 5.0, 6.0, 7.0, 8.0, 3.0, 4.0, 1.0, 2.0, 9.0, 6.0, 9.0, 5.0, 2.0, 6.0, 4.0, 2.0, 8.0, 8.0, 7.0, 10.0, 6.0, 7.0, 6.0, 7.0, 12.0, 6.0, 10.0, 6.0, 6.0, 7.0, 5.0, 9.0, 5.0, 6.0, 6.0, 5.0, 4.0, 4.0, 8.0, 7.0, 10.0, 12.0, 7.0, 6.0], "bins": [-0.20594747364521027, -0.1996283084154129, -0.19330915808677673, -0.18698999285697937, -0.180670827627182, -0.17435166239738464, -0.16803249716758728, -0.1617133468389511, -0.15539418160915375, -0.14907501637935638, -0.14275586605072021, -0.13643670082092285, -0.1301175355911255, -0.12379837036132812, -0.11747921258211136, -0.11116005480289459, -0.10484088957309723, -0.09852172434329987, -0.0922025665640831, -0.08588340878486633, -0.07956424355506897, -0.0732450783252716, -0.06692592054605484, -0.060606759041547775, -0.05428759753704071, -0.047968436032533646, -0.04164927452802658, -0.035330113023519516, -0.02901095151901245, -0.022691790014505386, -0.01637262850999832, -0.010053467005491257, -0.003734305500984192, 0.002584856003522873, 0.008904017508029938, 0.015223179012537003, 0.021542340517044067, 0.027861502021551132, 0.0341806635260582, 0.04049982503056526, 0.04681898653507233, 0.05313814803957939, 0.059457309544086456, 0.06577646732330322, 0.07209563255310059, 0.07841479778289795, 0.08473395556211472, 0.09105311334133148, 0.09737227857112885, 0.10369144380092621, 0.11001060158014297, 0.11632975935935974, 0.1226489245891571, 0.12896808981895447, 0.13528725504875183, 0.141606405377388, 0.14792557060718536, 0.15424473583698273, 0.1605638861656189, 0.16688305139541626, 0.17320221662521362, 0.179521381855011, 0.18584054708480835, 0.19215969741344452, 0.19847886264324188]}, "parameters/conv1.bias": {"_type": "histogram", "values": [1.0, 0.0, 0.0, 0.0, 1.0, 1.0, 0.0, 0.0, 0.0, 0.0, 0.0, 0.0, 0.0, 0.0, 0.0, 1.0, 0.0, 0.0, 0.0, 0.0, 0.0, 0.0, 0.0, 1.0, 0.0, 1.0, 1.0, 0.0, 0.0, 0.0, 2.0, 0.0, 0.0, 0.0, 1.0, 0.0, 0.0, 0.0, 0.0, 0.0, 0.0, 0.0, 0.0, 0.0, 0.0, 0.0, 0.0, 1.0, 1.0, 0.0, 1.0, 1.0, 1.0, 0.0, 0.0, 0.0, 0.0, 0.0, 0.0, 0.0, 0.0, 0.0, 0.0, 1.0], "bins": [-0.157464861869812, -0.1511734426021576, -0.14488202333450317, -0.13859060406684875, -0.13229918479919434, -0.12600776553153992, -0.1197163388133049, -0.11342491954565048, -0.10713350027799606, -0.10084208101034164, -0.09455066174268723, -0.08825923502445221, -0.08196781575679779, -0.07567639648914337, -0.06938497722148895, -0.06309355795383453, -0.056802138686180115, -0.050510719418525696, -0.04421930015087128, -0.03792787715792656, -0.03163645789027214, -0.02534503862261772, -0.019053615629673004, -0.012762196362018585, -0.006470777094364166, -0.0001793568953871727, 0.006112063303589821, 0.012403484433889389, 0.018694903701543808, 0.024986322969198227, 0.031277745962142944, 0.03756916522979736, 0.04386056959629059, 0.05015198886394501, 0.056443408131599426, 0.06273482739925385, 0.06902624666690826, 0.07531766593456268, 0.0816090926527977, 0.08790051192045212, 0.09419193118810654, 0.10048335045576096, 0.10677476972341537, 0.11306619644165039, 0.11935761570930481, 0.12564903497695923, 0.13194045424461365, 0.13823187351226807, 0.14452329277992249, 0.1508147120475769, 0.15710613131523132, 0.16339755058288574, 0.16968896985054016, 0.17598038911819458, 0.182271808385849, 0.18856322765350342, 0.19485464692115784, 0.20114606618881226, 0.20743748545646667, 0.2137289047241211, 0.2200203239917755, 0.22631174325942993, 0.23260316252708435, 0.23889458179473877, 0.24518601596355438]}, "parameters/conv2.weight": {"_type": "histogram", "values": [2.0, 3.0, 2.0, 1.0, 4.0, 1.0, 5.0, 11.0, 7.0, 9.0, 13.0, 13.0, 14.0, 23.0, 23.0, 26.0, 30.0, 23.0, 30.0, 32.0, 35.0, 23.0, 31.0, 31.0, 29.0, 25.0, 29.0, 26.0, 39.0, 27.0, 28.0, 35.0, 33.0, 26.0, 31.0, 25.0, 32.0, 25.0, 24.0, 24.0, 27.0, 29.0, 27.0, 21.0, 17.0, 26.0, 31.0, 29.0, 26.0, 29.0, 20.0, 18.0, 17.0, 8.0, 9.0, 4.0, 4.0, 1.0, 0.0, 2.0, 0.0, 3.0, 0.0, 2.0], "bins": [-0.07452869415283203, -0.07213946431875229, -0.06975023448467255, -0.0673610121011734, -0.06497178226709366, -0.06258255243301392, -0.06019332632422447, -0.05780410021543503, -0.055414870381355286, -0.05302564054727554, -0.0506364144384861, -0.048247188329696655, -0.04585795849561691, -0.04346872866153717, -0.041079502552747726, -0.03869027644395828, -0.03630104660987854, -0.0339118167757988, -0.031522590667009354, -0.02913336269557476, -0.026744134724140167, -0.024354906752705574, -0.02196567878127098, -0.019576450809836388, -0.017187222838401794, -0.014797994866967201, -0.012408766895532608, -0.010019538924098015, -0.007630310952663422, -0.005241082981228828, -0.0028518550097942352, -0.00046262703835964203, 0.001926608383655548, 0.004315836355090141, 0.0067050643265247345, 0.009094292297959328, 0.011483520269393921, 0.013872748240828514, 0.016261976212263107, 0.0186512041836977, 0.021040432155132294, 0.023429660126566887, 0.02581888809800148, 0.028208116069436073, 0.030597344040870667, 0.03298657387495041, 0.03537579998373985, 0.0377650260925293, 0.04015425592660904, 0.04254348576068878, 0.044932711869478226, 0.04732193797826767, 0.04971116781234741, 0.052100397646427155, 0.0544896237552166, 0.05687884986400604, 0.059268079698085785, 0.06165730953216553, 0.06404653191566467, 0.06643576174974442, 0.06882499158382416, 0.0712142214179039, 0.07360345125198364, 0.07599267363548279, 0.07838190346956253]}, "parameters/conv2.bias": {"_type": "histogram", "values": [1.0, 0.0, 0.0, 0.0, 0.0, 0.0, 0.0, 0.0, 0.0, 0.0, 0.0, 0.0, 1.0, 0.0, 0.0, 0.0, 0.0, 0.0, 0.0, 0.0, 0.0, 0.0, 0.0, 0.0, 0.0, 0.0, 0.0, 0.0, 0.0, 0.0, 0.0, 0.0, 0.0, 0.0, 0.0, 0.0, 0.0, 0.0, 0.0, 0.0, 0.0, 0.0, 0.0, 0.0, 0.0, 0.0, 0.0, 0.0, 0.0, 0.0, 0.0, 0.0, 0.0, 0.0, 0.0, 0.0, 0.0, 0.0, 0.0, 0.0, 0.0, 0.0, 0.0, 1.0], "bins": [-0.03772745653986931, -0.03595926612615585, -0.0341910794377327, -0.03242288902401924, -0.030654702335596085, -0.02888651192188263, -0.027118323370814323, -0.025350134819746017, -0.02358194626867771, -0.021813757717609406, -0.0200455691665411, -0.018277380615472794, -0.01650919020175934, -0.014741002582013607, -0.012972813099622726, -0.01120462454855442, -0.009436435997486115, -0.0076682474464178085, -0.005900058429688215, -0.004131869412958622, -0.002363680861890316, -0.00059549231082201, 0.0011726971715688705, 0.0029408857226371765, 0.0047090742737054825, 0.0064772628247737885, 0.008245451375842094, 0.010013640858232975, 0.011781829409301281, 0.013550017960369587, 0.015318207442760468, 0.017086395993828773, 0.018854588270187378, 0.020622776821255684, 0.02239096537232399, 0.024159155786037445, 0.025927342474460602, 0.027695532888174057, 0.029463721439242363, 0.03123190999031067, 0.033000096678733826, 0.03476828709244728, 0.03653647378087044, 0.03830466419458389, 0.04007285088300705, 0.041841041296720505, 0.04360923171043396, 0.04537741839885712, 0.04714560881257057, 0.04891379922628403, 0.050681985914707184, 0.05245017632842064, 0.054218363016843796, 0.05598655343055725, 0.05775474011898041, 0.05952293053269386, 0.06129112094640732, 0.06305930763483047, 0.06482750177383423, 0.06659568846225739, 0.06836387515068054, 0.0701320618391037, 0.07190025597810745, 0.07366844266653061, 0.07543662935495377]}, "gradients/conv2.bias": {"_type": "histogram", "values": [1.0, 1.0, 0.0, 0.0, 0.0, 0.0, 0.0, 0.0, 0.0, 0.0, 0.0, 0.0, 0.0, 0.0, 0.0, 0.0, 0.0, 0.0, 0.0, 0.0, 0.0, 0.0, 0.0, 0.0, 0.0, 0.0, 0.0, 0.0, 0.0, 0.0, 0.0, 0.0, 0.0, 0.0, 0.0, 0.0, 0.0, 0.0, 0.0, 0.0, 0.0, 0.0, 0.0, 0.0, 0.0, 0.0, 0.0, 0.0, 0.0, 0.0, 0.0, 0.0, 0.0, 0.0, 0.0, 0.0, 0.0, 0.0, 0.0, 0.0, 0.0, 0.0, 0.0, 1.0],