{"parameters/conv1.weight": {"_type": "histogram", "values": [4.0, 2.0, 5.0, 8.0, 3.0, 9.0, 6.0, 9.0, 8.0, 5.0, 13.0, 11.0, 8.0, 8.0, 6.0, 7.0, 5.0, 8.0, 2.0, 9.0, 8.0, 4.0, 9.0, 6.0, 11.0, 6.0, 7.0, 10.0, 5.0, 3.0, 10.0, 10.0, 4.0, 8.0, 4.0, 4.0, 9.0, 8.0, 7.0, 7.0, 4.0, 9.0, 5.0, 4.0, 6.0, 7.0, 5.0, 4.0, 9.0, 6.0, 6.0, 9.0, 5.0, 10.0, 8.0, 5.0, 4.0, 4.0, 6.0, 3.0, 3.0, 1.0, 0.0, 1.0], "bins": [-0.2085806280374527, -0.20179343223571777, -0.19500625133514404, -0.18821905553340912, -0.1814318597316742, -0.17464467883110046, -0.16785748302936554, -0.16107028722763062, -0.15428310632705688, -0.14749591052532196, -0.14070872962474823, -0.1339215338230133, -0.12713433802127838, -0.12034714967012405, -0.11355996131896973, -0.1067727655172348, -0.09998556971549988, -0.09319838136434555, -0.08641118556261063, -0.0796239972114563, -0.07283680140972137, -0.06604961305856705, -0.05926242470741272, -0.052475232630968094, -0.04568804055452347, -0.03890084847807884, -0.032113656401634216, -0.02532646805047989, -0.018539275974035263, -0.011752083897590637, -0.00496489554643631, 0.001822296530008316, 0.008609473705291748, 0.0153966648504138, 0.02218385599553585, 0.028971046209335327, 0.03575823828577995, 0.04254543036222458, 0.049332618713378906, 0.05611981078982353, 0.06290700286626816, 0.06969419121742249, 0.07648138701915741, 0.08326857537031174, 0.09005576372146606, 0.09684295952320099, 0.10363014787435532, 0.11041733622550964, 0.11720453202724457, 0.1239917203783989, 0.13077890872955322, 0.13756610453128815, 0.14435330033302307, 0.1511404812335968, 0.15792767703533173, 0.16471487283706665, 0.17150205373764038, 0.1782892495393753, 0.18507643043994904, 0.19186362624168396, 0.19865082204341888, 0.2054380178451538, 0.21222519874572754, 0.21901239454746246, 0.2257995903491974]}, "parameters/conv1.bias": {"_type": "histogram", "values": [2.0, 0.0, 0.0, 1.0, 0.0, 0.0, 0.0, 0.0, 0.0, 1.0, 0.0, 0.0, 0.0, 0.0, 0.0, 0.0, 0.0, 0.0, 0.0, 0.0, 1.0, 0.0, 1.0, 0.0, 0.0, 0.0, 0.0, 0.0, 0.0, 0.0, 1.0, 0.0, 0.0, 0.0, 0.0, 0.0, 0.0, 1.0, 0.0, 0.0, 0.0, 0.0, 0.0, 0.0, 0.0, 1.0, 0.0, 0.0, 0.0, 2.0, 0.0, 0.0, 0.0, 1.0, 0.0, 1.0, 1.0, 1.0, 0.0, 0.0, 0.0, 0.0, 0.0, 1.0], "bins": [-0.1817053109407425, -0.1759619265794754, -0.1702185422182083, -0.16447515785694122, -0.15873177349567413, -0.15298838913440704, -0.14724501967430115, -0.14150163531303406, -0.13575825095176697, -0.13001486659049988, -0.12427148222923279, -0.1185280978679657, -0.11278471350669861, -0.10704132914543152, -0.10129795223474503, -0.09555456787347794, -0.08981117606163025, -0.08406779170036316, -0.07832440733909607, -0.07258102297782898, -0.06683763861656189, -0.0610942579805851, -0.05535087734460831, -0.04960749298334122, -0.04386410862207413, -0.03812072426080704, -0.03237733989953995, -0.026633959263563156, -0.020890574902296066, -0.015147190541028976, -0.009403809905052185, -0.003660425543785095, 0.0020829588174819946, 0.00782634224742651, 0.013569725677371025, 0.019313108175992966, 0.025056492537260056, 0.030799876898527145, 0.03654325753450394, 0.04228664189577103, 0.048030026257038116, 0.053773410618305206, 0.059516794979572296, 0.06526017189025879, 0.07100355625152588, 0.07674694061279297, 0.08249032497406006, 0.08823370933532715, 0.09397709369659424, 0.09972047805786133, 0.10546386241912842, 0.11120724678039551, 0.1169506311416626, 0.12269401550292969, 0.12843739986419678, 0.13418078422546387, 0.13992416858673096, 0.14566755294799805, 0.15141093730926514, 0.15715432167053223, 0.16289770603179932, 0.1686410903930664, 0.1743844747543335, 0.18012785911560059, 0.18587122857570648]}, "parameters/conv2.weight": {"_type": "histogram", "values": [1.0, 1.0, 0.0, 5.0, 6.0, 3.0, 10.0, 11.0, 11.0, 18.0, 19.0, 28.0, 24.0, 31.0, 24.0, 24.0, 32.0, 36.0, 27.0, 29.0, 31.0, 29.0, 27.0, 31.0, 41.0, 33.0, 27.0, 32.0, 22.0, 32.0, 36.0, 39.0, 37.0, 39.0, 35.0, 29.0, 42.0, 33.0, 26.0, 25.0, 25.0, 29.0, 24.0, 22.0, 19.0, 18.0, 10.0, 10.0, 16.0, 10.0, 9.0, 9.0, 2.0, 1.0, 2.0, 2.0, 2.0, 0.0, 0.0, 1.0, 1.0, 0.0, 0.0, 2.0], "bins": [-0.07729080319404602, -0.07465116679668427, -0.07201153039932251, -0.06937189400196075, -0.066732257604599, -0.06409261375665665, -0.06145297735929489, -0.058813340961933136, -0.05617370456457138, -0.053534068167209625, -0.05089443176984787, -0.048254791647195816, -0.04561515524983406, -0.042975518852472305, -0.04033587872982025, -0.037696242332458496, -0.03505660593509674, -0.032416969537734985, -0.02977733127772808, -0.027137693017721176, -0.02449805662035942, -0.021858420222997665, -0.01921878196299076, -0.016579143702983856, -0.0139395073056221, -0.01129986997693777, -0.00866023264825344, -0.006020595319569111, -0.003380957990884781, -0.0007413206622004509, 0.001898316666483879, 0.004537954926490784, 0.007177583873271942, 0.009817221201956272, 0.012456858530640602, 0.015096495859324932, 0.017736133188009262, 0.020375769585371017, 0.023015407845377922, 0.025655046105384827, 0.028294682502746582, 0.030934318900108337, 0.03357395529747009, 0.03621359542012215, 0.0388532318174839, 0.04149286821484566, 0.04413250833749771, 0.04677214473485947, 0.04941178113222122, 0.05205141752958298, 0.05469105392694473, 0.057330694049596786, 0.05997033044695854, 0.0626099705696106, 0.06524960696697235, 0.0678892433643341, 0.07052887976169586, 0.07316851615905762, 0.07580815255641937, 0.07844778895378113, 0.08108742535114288, 0.08372706919908524, 0.08636670559644699, 0.08900634199380875, 0.0916459783911705]}, "parameters/conv2.bias": {"_type": "histogram", "values": [1.0, 0.0, 0.0, 0.0, 0.0, 0.0, 0.0, 0.0, 0.0, 0.0, 0.0, 0.0, 0.0, 0.0, 0.0, 0.0, 0.0, 0.0, 0.0, 0.0, 0.0, 0.0, 0.0, 0.0, 0.0, 1.0, 0.0, 0.0, 0.0, 0.0, 0.0, 0.0, 0.0, 0.0, 0.0, 0.0, 0.0, 0.0, 0.0, 0.0, 0.0, 0.0, 0.0, 0.0, 0.0, 0.0, 0.0, 0.0, 0.0, 0.0, 0.0, 0.0, 0.0, 0.0, 0.0, 0.0, 0.0, 0.0, 0.0, 0.0, 0.0, 0.0, 0.0, 1.0], "bins": [-0.14829027652740479, -0.14346569776535034, -0.1386411190032959, -0.13381654024124146, -0.128991961479187, -0.12416738271713257, -0.11934280395507812, -0.11451822519302368, -0.10969364643096924, -0.1048690676689148, -0.10004448890686035, -0.09521991014480591, -0.09039533138275146, -0.08557075262069702, -0.08074617385864258, -0.07592159509658813, -0.07109702378511429, -0.06627244502305984, -0.0614478662610054, -0.05662328749895096, -0.051798708736896515, -0.04697412997484207, -0.04214955493807793, -0.03732497617602348, -0.03250039741396904, -0.027675818651914597, -0.022851239889860153, -0.01802666299045086, -0.013202084228396416, -0.008377505466341972, -0.0035529285669326782, 0.0012716501951217651, 0.0060962289571762085, 0.010920807719230652, 0.015745386481285095, 0.02056996338069439, 0.025394542142748833, 0.030219120904803276, 0.03504369780421257, 0.039868276566267014, 0.04469285532832146, 0.0495174340903759, 0.054342012852430344, 0.05916658788919449, 0.06399116665124893, 0.06881574541330338, 0.07364032417535782, 0.07846490293741226, 0.0832894816994667, 0.08811406046152115, 0.09293863922357559, 0.09776321798563004, 0.10258779674768448, 0.10741237550973892, 0.11223694682121277, 0.11706152558326721, 0.12188610434532166, 0.1267106831073761, 0.13153526186943054, 0.13635984063148499, 0.14118441939353943, 0.14600899815559387, 0.15083357691764832, 0.15565815567970276, 0.1604827344417572]}, "gradients/conv2.bias": {"_type": "histogram", "values": [1.0, 0.0, 0.0, 0.0, 0.0, 0.0, 1.0, 0.0, 0.0, 0.0, 0.0, 0.0, 0.0, 0.0, 0.0, 0.0, 0.0, 0.0, 0.0, 0.0, 0.0, 0.0, 0.0, 0.0, 0.0, 0.0, 0.0, 0.0, 0.0, 0.0, 0.0, 0.0, 0.0, 0.0, 0.0, 0.0, 0.0, 0.0, 0.0, 0.0, 0.0, 0.0, 0.0, 0.0, 0.0, 0.0, 0.0, 0.0, 0.0, 0.0, 0.0, 0.0, 0.0, 0.0, 0.0, 0.0, 0.0, 0.0, 0.0, 0.0, 0.0, 0.0, 0.0, 1.0],