{"parameters/conv1.weight": {"_type": "histogram", "values": [3.0, 0.0, 1.0, 1.0, 2.0, 1.0, 1.0, 3.0, 2.0, 1.0, 0.0, 0.0, 3.0, 2.0, 1.0, 2.0, 1.0, 2.0, 2.0, 1.0, 2.0, 0.0, 1.0, 3.0, 2.0, 0.0, 0.0, 1.0, 1.0, 0.0, 2.0, 1.0, 0.0, 4.0, 1.0, 2.0, 0.0, 0.0, 2.0, 0.0, 0.0, 0.0, 4.0, 0.0, 2.0, 1.0, 3.0, 0.0, 2.0, 0.0, 0.0, 1.0, 1.0, 0.0, 1.0, 0.0, 2.0, 1.0, 2.0, 0.0, 0.0, 0.0, 0.0, 1.0], "bins": [-0.32903334498405457, -0.3179386854171753, -0.306844025850296, -0.29574936628341675, -0.2846547067165375, -0.2735600471496582, -0.2624654173851013, -0.25137075781822205, -0.24027609825134277, -0.2291814386844635, -0.21808677911758423, -0.20699211955070496, -0.19589747488498688, -0.1848028153181076, -0.17370815575122833, -0.16261351108551025, -0.1515188366174698, -0.14042417705059052, -0.12932951748371124, -0.11823486536741257, -0.10714021325111389, -0.09604555368423462, -0.08495089411735535, -0.07385624200105667, -0.0627615824341774, -0.051666926592588425, -0.04057227075099945, -0.029477611184120178, -0.018382955342531204, -0.00728829950094223, 0.0038063600659370422, 0.014901012182235718, 0.02599567174911499, 0.037090327590703964, 0.04818498343229294, 0.05927964299917221, 0.07037429511547089, 0.08146895468235016, 0.09256361424922943, 0.1036582663655281, 0.11475292593240738, 0.12584757804870605, 0.13694223761558533, 0.1480368971824646, 0.15913155674934387, 0.17022621631622314, 0.18132087588310242, 0.1924155205488205, 0.20351018011569977, 0.21460483968257904, 0.2256994992494583, 0.2367941439151764, 0.24788880348205566, 0.25898346304893494, 0.2700781226158142, 0.2811727821826935, 0.29226744174957275, 0.303362101316452, 0.3144567608833313, 0.32555142045021057, 0.33664608001708984, 0.34774070978164673, 0.3588353991508484, 0.3699300289154053, 0.38102468848228455]}, "parameters/conv1.bias": {"_type": "histogram", "values": [1.0, 0.0, 0.0, 0.0, 0.0, 1.0, 0.0, 0.0, 0.0, 0.0, 0.0, 1.0, 1.0, 0.0, 0.0, 0.0, 1.0, 0.0, 0.0, 0.0, 0.0, 0.0, 0.0, 0.0, 0.0, 0.0, 0.0, 0.0, 0.0, 0.0, 0.0, 0.0, 0.0, 0.0, 0.0, 0.0, 0.0, 0.0, 0.0, 0.0, 1.0, 0.0, 0.0, 0.0, 0.0, 0.0, 1.0, 0.0, 0.0, 0.0, 0.0, 0.0, 0.0, 0.0, 0.0, 0.0, 0.0, 0.0, 0.0, 0.0, 0.0, 0.0, 0.0, 1.0], "bins": [-0.3176390826702118, -0.30625319480895996, -0.29486727714538574, -0.2834813892841339, -0.2720954716205597, -0.26070958375930786, -0.24932368099689484, -0.2379377782344818, -0.2265518754720688, -0.21516597270965576, -0.20378006994724274, -0.1923941671848297, -0.18100827932357788, -0.16962236166000366, -0.15823647379875183, -0.1468505710363388, -0.13546466827392578, -0.12407876551151276, -0.11269286274909973, -0.1013069674372673, -0.08992106467485428, -0.07853516191244125, -0.06714926660060883, -0.0557633638381958, -0.044377461075782776, -0.03299155831336975, -0.021605659276247025, -0.010219760239124298, 0.0011661425232887268, 0.012552045285701752, 0.02393794059753418, 0.035323843359947205, 0.04670971632003784, 0.05809561908245087, 0.06948152184486389, 0.08086741715669632, 0.09225331991910934, 0.10363922268152237, 0.1150251179933548, 0.12641102075576782, 0.13779692351818085, 0.14918282628059387, 0.1605687290430069, 0.17195463180541992, 0.18334051966667175, 0.19472643733024597, 0.2061123251914978, 0.21749822795391083, 0.22888413071632385, 0.24027003347873688, 0.2516559362411499, 0.26304182410240173, 0.27442774176597595, 0.2858136296272278, 0.297199547290802, 0.30858543515205383, 0.31997132301330566, 0.3313572108745575, 0.3427431285381317, 0.35412901639938354, 0.36551493406295776, 0.3769008219242096, 0.3882867097854614, 0.39967262744903564, 0.41105854511260986]}, "parameters/conv2.weight": {"_type": "histogram", "values": [1.0, 0.0, 0.0, 0.0, 0.0, 1.0, 1.0, 1.0, 0.0, 3.0, 0.0, 0.0, 2.0, 1.0, 0.0, 4.0, 2.0, 6.0, 6.0, 8.0, 5.0, 6.0, 4.0, 3.0, 7.0, 3.0, 3.0, 2.0, 2.0, 5.0, 5.0, 8.0, 6.0, 5.0, 5.0, 5.0, 7.0, 5.0, 6.0, 8.0, 3.0, 5.0, 5.0, 6.0, 7.0, 5.0, 6.0, 5.0, 3.0, 6.0, 5.0, 4.0, 3.0, 3.0, 3.0, 3.0, 3.0, 0.0, 1.0, 1.0, 0.0, 2.0, 0.0, 1.0], "bins": [-0.21927352249622345, -0.21336880326271057, -0.2074640840291977, -0.20155936479568481, -0.19565464556217194, -0.18974992632865906, -0.18384522199630737, -0.1779404878616333, -0.17203578352928162, -0.16613106429576874, -0.16022634506225586, -0.15432162582874298, -0.1484169065952301, -0.14251218736171722, -0.13660746812820435, -0.13070276379585266, -0.12479802966117859, -0.11889331042766571, -0.11298859119415283, -0.10708387196063995, -0.10117915272712708, -0.0952744334936142, -0.08936972171068192, -0.08346500247716904, -0.07756028324365616, -0.07165556401014328, -0.0657508447766304, -0.05984612926840782, -0.05394141003489494, -0.048036690801382065, -0.042131975293159485, -0.036227256059646606, -0.030322521924972534, -0.024417802691459656, -0.018513085320591927, -0.012608367949724197, -0.006703648716211319, -0.0007989294826984406, 0.005105786025524139, 0.011010505259037018, 0.016915224492549896, 0.022819943726062775, 0.028724661096930504, 0.03462937846779823, 0.04053409770131111, 0.04643881693482399, 0.05234353244304657, 0.05824825167655945, 0.06415297091007233, 0.0700576901435852, 0.07596240937709808, 0.08186712861061096, 0.08777184784412384, 0.09367656707763672, 0.099581278860569, 0.10548599809408188, 0.11139071732759476, 0.11729543656110764, 0.12320015579462051, 0.1291048675775528, 0.13500958681106567, 0.14091430604457855, 0.14681902527809143, 0.1527237445116043, 0.1586284637451172]}, "parameters/conv2.bias": {"_type": "histogram", "values": [1.0, 0.0, 0.0, 0.0, 0.0, 0.0, 0.0, 0.0, 0.0, 0.0, 0.0, 0.0, 0.0, 0.0, 0.0, 0.0, 0.0, 0.0, 0.0, 0.0, 0.0, 0.0, 0.0, 0.0, 0.0, 1.0, 0.0, 0.0, 0.0, 0.0, 0.0, 0.0, 0.0, 0.0, 0.0, 0.0, 0.0, 0.0, 0.0, 0.0, 0.0, 0.0, 0.0, 0.0, 0.0, 0.0, 0.0, 0.0, 0.0, 0.0, 0.0, 0.0, 0.0, 0.0, 0.0, 0.0, 0.0, 0.0, 0.0, 0.0, 0.0, 0.0, 0.0, 1.0], "bins": [0.10356123745441437, 0.11240643262863159, 0.12125162035226822, 0.13009682297706604, 0.13894200325012207, 0.1477871984243393, 0.15663239359855652, 0.16547758877277374, 0.17432278394699097, 0.1831679791212082, 0.19201317429542542, 0.20085835456848145, 0.20970354974269867, 0.2185487449169159, 0.22739394009113312, 0.23623913526535034, 0.24508431553840637, 0.2539294958114624, 0.2627747058868408, 0.27161988615989685, 0.28046509623527527, 0.2893102765083313, 0.2981554865837097, 0.30700066685676575, 0.3158458471298218, 0.3246910274028778, 0.3335362374782562, 0.34238141775131226, 0.3512266278266907, 0.3600718080997467, 0.36891698837280273, 0.37776219844818115, 0.3866073787212372, 0.3954525589942932, 0.40429776906967163, 0.41314294934272766, 0.4219881594181061, 0.4308333396911621, 0.4396785497665405, 0.44852373003959656, 0.4573689103126526, 0.4662140905857086, 0.47505930066108704, 0.48390448093414307, 0.4927496910095215, 0.5015949010848999, 0.5104400515556335, 0.519285261631012, 0.5281304717063904, 0.5369756817817688, 0.5458208322525024, 0.5546660423278809, 0.5635112524032593, 0.5723564624786377, 0.5812016129493713, 0.5900468230247498, 0.5988919734954834, 0.6077371835708618, 0.6165823340415955, 0.6254275441169739, 0.6342727541923523, 0.6431179046630859, 0.6519631147384644, 0.6608083248138428, 0.6696535348892212]}, "gradients/conv2.bias": {"_type": "histogram", "values": [1.0, 0.0, 0.0, 0.0, 0.0, 0.0, 0.0, 0.0, 0.0, 0.0, 0.0, 0.0, 0.0, 0.0, 0.0, 0.0, 0.0, 0.0, 0.0, 0.0, 0.0, 0.0, 0.0, 0.0, 0.0, 0.0, 0.0, 0.0, 0.0, 0.0, 0.0, 0.0, 0.0, 0.0, 0.0, 0.0, 0.0, 0.0, 0.0, 0.0, 0.0, 0.0, 0.0, 0.0, 0.0, 0.0, 0.0, 0.0, 0.0, 1.0, 0.0, 0.0, 0.0, 0.0, 0.0, 0.0, 0.0, 0.0, 0.0, 0.0, 0.0, 0.0, 0.0, 1.0],