{"parameters/conv1.weight": {"_type": "histogram", "values": [3.0, 1.0, 0.0, 1.0, 1.0, 6.0, 6.0, 5.0, 12.0, 6.0, 11.0, 6.0, 7.0, 10.0, 10.0, 9.0, 6.0, 6.0, 14.0, 14.0, 9.0, 6.0, 8.0, 12.0, 6.0, 6.0, 12.0, 10.0, 10.0, 9.0, 12.0, 6.0, 9.0, 12.0, 8.0, 5.0, 7.0, 13.0, 3.0, 6.0, 10.0, 5.0, 10.0, 8.0, 6.0, 9.0, 7.0, 12.0, 6.0, 8.0, 6.0, 5.0, 2.0, 0.0, 1.0, 0.0, 0.0, 0.0, 0.0, 1.0, 0.0, 0.0, 0.0, 1.0], "bins": [-0.25707748532295227, -0.2480923980474472, -0.23910732567310333, -0.23012223839759827, -0.2211371660232544, -0.21215207874774933, -0.20316699147224426, -0.1941819190979004, -0.18519684672355652, -0.17621175944805145, -0.16722668707370758, -0.15824159979820251, -0.14925652742385864, -0.14027144014835358, -0.1312863528728485, -0.12230128049850464, -0.11331619322299957, -0.1043311133980751, -0.09534603357315063, -0.08636094629764557, -0.0773758739233017, -0.06839078664779663, -0.05940570682287216, -0.05042062699794769, -0.041435547173023224, -0.032450467348098755, -0.023465385660529137, -0.014480303972959518, -0.0054952241480350494, 0.0034898556768894196, 0.012474939227104187, 0.021460019052028656, 0.030445098876953125, 0.039430178701877594, 0.04841525852680206, 0.05740034207701683, 0.066385418176651, 0.07537050545215607, 0.08435558527708054, 0.093340665102005, 0.10232574492692947, 0.11131082475185394, 0.12029590457677841, 0.12928098440170288, 0.13826607167720795, 0.14725114405155182, 0.15623623132705688, 0.16522130370140076, 0.17420639097690582, 0.1831914782524109, 0.19217655062675476, 0.20116163790225983, 0.2101467102766037, 0.21913179755210876, 0.22811686992645264, 0.2371019572019577, 0.24608704447746277, 0.25507211685180664, 0.2640572190284729, 0.2730422914028168, 0.28202736377716064, 0.2910124361515045, 0.2999975383281708, 0.30898261070251465, 0.3179676830768585]}, "parameters/conv1.bias": {"_type": "histogram", "values": [1.0, 0.0, 0.0, 0.0, 0.0, 0.0, 0.0, 2.0, 1.0, 0.0, 0.0, 0.0, 0.0, 0.0, 0.0, 0.0, 0.0, 0.0, 1.0, 0.0, 1.0, 0.0, 0.0, 2.0, 0.0, 0.0, 0.0, 0.0, 0.0, 0.0, 0.0, 0.0, 1.0, 0.0, 0.0, 0.0, 0.0, 0.0, 0.0, 1.0, 0.0, 0.0, 0.0, 0.0, 0.0, 0.0, 0.0, 0.0, 0.0, 1.0, 0.0, 0.0, 0.0, 0.0, 0.0, 0.0, 1.0, 2.0, 0.0, 0.0, 0.0, 0.0, 1.0, 1.0], "bins": [-0.2990294396877289, -0.2912379503250122, -0.2834464907646179, -0.27565500140190125, -0.26786354184150696, -0.2600720524787903, -0.252280592918396, -0.24448910355567932, -0.23669764399528503, -0.22890616953372955, -0.22111469507217407, -0.2133232206106186, -0.2055317461490631, -0.19774027168750763, -0.18994879722595215, -0.18215730786323547, -0.17436583340168, -0.1665743589401245, -0.15878288447856903, -0.15099141001701355, -0.14319993555545807, -0.1354084610939026, -0.1276169717311859, -0.11982550472021103, -0.11203403025865555, -0.10424255579710007, -0.09645108133554459, -0.08865959942340851, -0.08086812496185303, -0.07307665050029755, -0.06528517603874207, -0.057493701577186584, -0.049702227115631104, -0.04191075265407562, -0.03411927819252014, -0.026327800005674362, -0.01853632554411888, -0.0107448510825634, -0.002953372895717621, 0.00483810156583786, 0.012629576027393341, 0.020421050488948822, 0.028212526813149452, 0.03600400313735008, 0.04379547759890556, 0.051586952060461044, 0.059378430247306824, 0.0671699047088623, 0.07496137917041779, 0.08275285363197327, 0.09054432809352875, 0.09833580255508423, 0.10612727701663971, 0.11391875147819519, 0.12171023339033127, 0.12950170040130615, 0.13729318976402283, 0.1450846642255783, 0.1528761386871338, 0.16066761314868927, 0.16845908761024475, 0.17625056207180023, 0.1840420365333557, 0.1918335258960724, 0.19962498545646667]}, "parameters/conv2.weight": {"_type": "histogram", "values": [1.0, 0.0, 0.0, 1.0, 0.0, 0.0, 1.0, 0.0, 3.0, 1.0, 1.0, 3.0, 0.0, 5.0, 6.0, 3.0, 7.0, 11.0, 14.0, 11.0, 20.0, 30.0, 33.0, 29.0, 52.0, 31.0, 58.0, 44.0, 43.0, 61.0, 54.0, 70.0, 54.0, 60.0, 56.0, 56.0, 54.0, 49.0, 54.0, 45.0, 27.0, 35.0, 24.0, 19.0, 17.0, 15.0, 7.0, 7.0, 7.0, 2.0, 1.0, 4.0, 3.0, 3.0, 1.0, 2.0, 0.0, 1.0, 0.0, 0.0, 3.0, 0.0, 0.0, 1.0], "bins": [-0.16062228381633759, -0.15566077828407288, -0.15069927275180817, -0.14573776721954346, -0.14077626168727875, -0.13581475615501404, -0.13085326552391052, -0.1258917599916458, -0.1209302544593811, -0.1159687489271164, -0.11100724339485168, -0.10604573786258698, -0.10108423978090286, -0.09612273424863815, -0.09116122871637344, -0.08619973063468933, -0.08123821765184402, -0.07627671211957932, -0.0713152065873146, -0.0663537085056305, -0.061392202973365784, -0.056430697441101074, -0.051469191908836365, -0.046507690101861954, -0.041546184569597244, -0.036584679037332535, -0.031623177230358124, -0.026661671698093414, -0.021700168028473854, -0.016738664358854294, -0.011777158826589584, -0.006815657019615173, -0.0018541514873504639, 0.0031073526479303837, 0.008068856783211231, 0.013030361384153366, 0.017991865053772926, 0.022953368723392487, 0.027914874255657196, 0.03287637606263161, 0.037837881594896317, 0.042799387127161026, 0.04776088893413544, 0.052722394466400146, 0.057683899998664856, 0.06264540553092957, 0.06760691106319427, 0.07256840914487839, 0.0775299146771431, 0.0824914202094078, 0.08745292574167252, 0.09241442382335663, 0.09737592935562134, 0.10233743488788605, 0.10729894042015076, 0.11226044595241547, 0.11722195148468018, 0.12218345701694489, 0.1271449625492096, 0.1321064680814743, 0.137067973613739, 0.14202946424484253, 0.14699098467826843, 0.15195247530937195, 0.15691398084163666]}, "parameters/conv2.bias": {"_type": "histogram", "values": [1.0, 0.0, 0.0, 0.0, 0.0, 0.0, 0.0, 0.0, 0.0, 0.0, 0.0, 0.0, 0.0, 0.0, 0.0, 0.0, 0.0, 0.0, 0.0, 0.0, 0.0, 0.0, 0.0, 0.0, 0.0, 0.0, 0.0, 0.0, 1.0, 0.0, 0.0, 0.0, 0.0, 0.0, 0.0, 0.0, 0.0, 0.0, 0.0, 0.0, 0.0, 0.0, 0.0, 0.0, 0.0, 0.0, 0.0, 0.0, 0.0, 0.0, 0.0, 0.0, 0.0, 0.0, 0.0, 0.0, 0.0, 0.0, 0.0, 0.0, 0.0, 0.0, 0.0, 1.0], "bins": [-0.18747690320014954, -0.18129122257232666, -0.17510554194450378, -0.1689198613166809, -0.16273418068885803, -0.15654850006103516, -0.15036281943321228, -0.1441771388053894, -0.13799145817756653, -0.13180577754974365, -0.12562009692192078, -0.1194344162940979, -0.11324873566627502, -0.10706305503845215, -0.10087736696004868, -0.0946916863322258, -0.08850599825382233, -0.08232031762599945, -0.07613463699817657, -0.0699489563703537, -0.06376327574253082, -0.05757759138941765, -0.051391907036304474, -0.0452062264084816, -0.03902054578065872, -0.032834865152835846, -0.02664918266236782, -0.020463500171899796, -0.01427781954407692, -0.008092138916254044, -0.0019064545631408691, 0.004279226064682007, 0.010464906692504883, 0.01665058732032776, 0.022836269810795784, 0.02902195230126381, 0.035207632929086685, 0.04139331355690956, 0.047578997910022736, 0.05376467853784561, 0.05995035916566849, 0.06613603979349136, 0.07232172042131424, 0.07850740849971771, 0.08469308912754059, 0.09087876975536346, 0.09706445038318634, 0.10325013101100922, 0.10943581163883209, 0.11562149226665497, 0.12180717289447784, 0.12799285352230072, 0.1341785341501236, 0.14036421477794647, 0.14654991030693054, 0.15273559093475342, 0.1589212715625763, 0.16510695219039917, 0.17129263281822205, 0.17747831344604492, 0.1836639940738678, 0.18984967470169067, 0.19603535532951355, 0.20222103595733643, 0.2084067165851593]}, "gradients/conv2.bias": {"_type": "histogram", "values": [1.0, 0.0, 0.0, 0.0, 0.0, 0.0, 0.0, 0.0, 0.0, 0.0, 0.0, 0.0, 0.0, 0.0, 0.0, 0.0, 0.0, 0.0, 0.0, 0.0, 0.0, 0.0, 0.0, 0.0, 0.0, 0.0, 0.0, 0.0, 0.0, 0.0, 0.0, 0.0, 0.0, 0.0, 0.0, 0.0, 0.0, 0.0, 0.0, 0.0, 1.0, 0.0, 0.0, 0.0, 0.0, 0.0, 0.0, 0.0, 0.0, 0.0, 0.0, 0.0, 0.0, 0.0, 0.0, 0.0, 0.0, 0.0, 0.0, 0.0, 0.0, 0.0, 0.0, 1.0],