{"parameters/conv1.weight": {"_type": "histogram", "values": [1.0, 0.0, 0.0, 0.0, 2.0, 3.0, 4.0, 5.0, 4.0, 10.0, 8.0, 6.0, 7.0, 6.0, 10.0, 10.0, 6.0, 11.0, 9.0, 2.0, 8.0, 10.0, 11.0, 12.0, 11.0, 12.0, 11.0, 12.0, 6.0, 8.0, 6.0, 6.0, 8.0, 5.0, 8.0, 12.0, 6.0, 5.0, 10.0, 8.0, 9.0, 6.0, 7.0, 7.0, 11.0, 13.0, 11.0, 1.0, 10.0, 11.0, 8.0, 3.0, 4.0, 2.0, 7.0, 3.0, 3.0, 1.0, 1.0, 1.0, 1.0, 0.0, 0.0, 1.0], "bins": [-0.26852285861968994, -0.2599385380744934, -0.2513542175292969, -0.24276991188526154, -0.234185591340065, -0.22560127079486847, -0.21701696515083313, -0.2084326446056366, -0.19984832406044006, -0.19126400351524353, -0.182679682970047, -0.17409537732601166, -0.16551105678081512, -0.1569267362356186, -0.14834243059158325, -0.13975811004638672, -0.13117378950119019, -0.12258946895599365, -0.11400515586137772, -0.10542084276676178, -0.09683652222156525, -0.08825220167636871, -0.07966788858175278, -0.07108357548713684, -0.06249925494194031, -0.05391493812203407, -0.04533062130212784, -0.0367463044822216, -0.02816198766231537, -0.019577670842409134, -0.0109933540225029, -0.0024090372025966644, 0.006175309419631958, 0.014759626239538193, 0.023343943059444427, 0.03192825987935066, 0.0405125766992569, 0.04909689351916313, 0.057681210339069366, 0.0662655234336853, 0.07484984397888184, 0.08343416452407837, 0.0920184776186943, 0.10060279071331024, 0.10918711125850677, 0.11777143180370331, 0.12635573744773865, 0.13494005799293518, 0.1435243785381317, 0.15210869908332825, 0.16069301962852478, 0.16927732527256012, 0.17786164581775665, 0.18644596636295319, 0.19503027200698853, 0.20361459255218506, 0.2121989130973816, 0.22078323364257812, 0.22936755418777466, 0.23795185983181, 0.24653618037700653, 0.25512048602104187, 0.2637048065662384, 0.27228912711143494, 0.28087344765663147]}, "parameters/conv1.bias": {"_type": "histogram", "values": [1.0, 2.0, 0.0, 0.0, 0.0, 0.0, 0.0, 0.0, 0.0, 0.0, 0.0, 0.0, 0.0, 0.0, 0.0, 0.0, 0.0, 0.0, 0.0, 0.0, 0.0, 0.0, 0.0, 0.0, 0.0, 0.0, 1.0, 0.0, 0.0, 1.0, 0.0, 0.0, 1.0, 0.0, 1.0, 0.0, 0.0, 0.0, 0.0, 0.0, 1.0, 0.0, 1.0, 0.0, 0.0, 0.0, 0.0, 1.0, 0.0, 0.0, 0.0, 1.0, 0.0, 2.0, 1.0, 0.0, 0.0, 0.0, 0.0, 0.0, 0.0, 1.0, 0.0, 1.0], "bins": [-0.3055499494075775, -0.29688113927841187, -0.2882123291492462, -0.27954351902008057, -0.27087467908859253, -0.2622058689594269, -0.25353705883026123, -0.24486824870109558, -0.23619943857192993, -0.22753062844276428, -0.21886181831359863, -0.2101929932832718, -0.20152418315410614, -0.1928553730249405, -0.18418654799461365, -0.175517737865448, -0.16684892773628235, -0.1581801176071167, -0.14951130747795105, -0.1408424824476242, -0.13217367231845856, -0.12350486218929291, -0.11483604460954666, -0.10616722702980042, -0.09749841690063477, -0.08882960677146912, -0.08016078919172287, -0.07149197161197662, -0.06282316148281097, -0.054154347628355026, -0.04548553377389908, -0.03681671991944313, -0.02814793586730957, -0.019479122012853622, -0.010810308158397675, -0.0021414943039417267, 0.006527319550514221, 0.015196133404970169, 0.023864947259426117, 0.032533761113882065, 0.04120257496833801, 0.04987138882279396, 0.05854020267724991, 0.06720902025699615, 0.0758778303861618, 0.08454664051532745, 0.0932154580950737, 0.10188427567481995, 0.1105530858039856, 0.11922189593315125, 0.1278907060623169, 0.13655953109264374, 0.1452283412218094, 0.15389715135097504, 0.16256597638130188, 0.17123478651046753, 0.17990359663963318, 0.18857240676879883, 0.19724121689796448, 0.20591004192829132, 0.21457885205745697, 0.22324766218662262, 0.23191648721694946, 0.2405852973461151, 0.24925410747528076]}, "parameters/conv2.weight": {"_type": "histogram", "values": [2.0, 1.0, 0.0, 0.0, 0.0, 2.0, 0.0, 1.0, 2.0, 2.0, 4.0, 6.0, 5.0, 6.0, 7.0, 12.0, 4.0, 11.0, 12.0, 12.0, 15.0, 16.0, 25.0, 34.0, 29.0, 26.0, 41.0, 35.0, 47.0, 47.0, 52.0, 58.0, 66.0, 71.0, 65.0, 44.0, 50.0, 39.0, 41.0, 57.0, 47.0, 38.0, 23.0, 29.0, 22.0, 24.0, 14.0, 11.0, 7.0, 14.0, 4.0, 3.0, 4.0, 2.0, 2.0, 2.0, 1.0, 1.0, 2.0, 1.0, 0.0, 0.0, 1.0, 1.0], "bins": [-0.1539520025253296, -0.14926958084106445, -0.1445871740579605, -0.13990476727485657, -0.13522234559059143, -0.1305399239063263, -0.12585751712322235, -0.12117510288953781, -0.11649268865585327, -0.11181027442216873, -0.10712786018848419, -0.10244544595479965, -0.09776303172111511, -0.09308061748743057, -0.08839820325374603, -0.08371578902006149, -0.07903337478637695, -0.07435096055269241, -0.06966854631900787, -0.06498613208532333, -0.060303717851638794, -0.055621303617954254, -0.050938889384269714, -0.046256475150585175, -0.041574060916900635, -0.036891646683216095, -0.032209232449531555, -0.027526818215847015, -0.022844403982162476, -0.018161989748477936, -0.013479575514793396, -0.008797161281108856, -0.004114747047424316, 0.0005676671862602234, 0.005250081419944763, 0.009932495653629303, 0.014614909887313843, 0.019297324120998383, 0.023979738354682922, 0.028662152588367462, 0.033344566822052, 0.03802698105573654, 0.04270939528942108, 0.04739180952310562, 0.05207422375679016, 0.0567566379904747, 0.06143905222415924, 0.06612146645784378, 0.07080388069152832, 0.07548629492521286, 0.0801687091588974, 0.08485112339258194, 0.08953353762626648, 0.09421595185995102, 0.09889836609363556, 0.1035807803273201, 0.10826319456100464, 0.11294560879468918, 0.11762802302837372, 0.12231043726205826, 0.1269928514957428, 0.13167527318000793, 0.13635767996311188, 0.14104008674621582, 0.14572250843048096]}, "parameters/conv2.bias": {"_type": "histogram", "values": [1.0, 0.0, 0.0, 0.0, 0.0, 0.0, 0.0, 0.0, 0.0, 0.0, 0.0, 0.0, 0.0, 0.0, 0.0, 0.0, 0.0, 0.0, 0.0, 0.0, 0.0, 0.0, 0.0, 0.0, 0.0, 0.0, 1.0, 0.0, 0.0, 0.0, 0.0, 0.0, 0.0, 0.0, 0.0, 0.0, 0.0, 0.0, 0.0, 0.0, 0.0, 0.0, 0.0, 0.0, 0.0, 0.0, 0.0, 0.0, 0.0, 0.0, 0.0, 0.0, 0.0, 0.0, 0.0, 0.0, 0.0, 0.0, 0.0, 0.0, 0.0, 0.0, 0.0, 1.0], "bins": [-0.24071262776851654, -0.23448464274406433, -0.22825665771961212, -0.2220286875963211, -0.2158007025718689, -0.2095727175474167, -0.20334473252296448, -0.19711676239967346, -0.19088877737522125, -0.18466079235076904, -0.17843280732631683, -0.17220483720302582, -0.1659768521785736, -0.1597488671541214, -0.1535208821296692, -0.14729291200637817, -0.14106491208076477, -0.13483692705631256, -0.12860894203186035, -0.12238096445798874, -0.11615298688411713, -0.10992500185966492, -0.10369701683521271, -0.0974690392613411, -0.09124106168746948, -0.08501307666301727, -0.07878509908914566, -0.07255711406469345, -0.06632913649082184, -0.06010115146636963, -0.05387317016720772, -0.04764518886804581, -0.041417211294174194, -0.03518922999501228, -0.028961248695850372, -0.022733265534043312, -0.0165052842348814, -0.01027730293571949, -0.00404931977391243, 0.002178661525249481, 0.008406642824411392, 0.014634624123573303, 0.020862605422735214, 0.027090588584542274, 0.033318571746349335, 0.03954654932022095, 0.04577453434467316, 0.05200251564383507, 0.05823049694299698, 0.06445848196744919, 0.0706864595413208, 0.07691444456577301, 0.08314242213964462, 0.08937040716409683, 0.09559838473796844, 0.10182636976242065, 0.10805435478687286, 0.11428233981132507, 0.12051031738519669, 0.1267382949590683, 0.1329662799835205, 0.13919426500797272, 0.14542225003242493, 0.15165022015571594, 0.15787820518016815]}, "gradients/conv2.bias": {"_type": "histogram", "values": [1.0, 0.0, 0.0, 0.0, 0.0, 0.0, 0.0, 0.0, 0.0, 0.0, 0.0, 0.0, 0.0, 0.0, 0.0, 0.0, 0.0, 0.0, 0.0, 0.0, 0.0, 0.0, 0.0, 0.0, 0.0, 0.0, 1.0, 0.0, 0.0, 0.0, 0.0, 0.0, 0.0, 0.0, 0.0, 0.0, 0.0, 0.0, 0.0, 0.0, 0.0, 0.0, 0.0, 0.0, 0.0, 0.0, 0.0, 0.0, 0.0, 0.0, 0.0, 0.0, 0.0, 0.0, 0.0, 0.0, 0.0, 0.0, 0.0, 0.0, 0.0, 0.0, 0.0, 1.0],