{"parameters/conv1.weight": {"_type": "histogram", "values": [1.0, 1.0, 0.0, 1.0, 4.0, 5.0, 4.0, 6.0, 8.0, 4.0, 7.0, 10.0, 9.0, 8.0, 2.0, 10.0, 3.0, 4.0, 7.0, 13.0, 10.0, 9.0, 5.0, 7.0, 5.0, 7.0, 10.0, 10.0, 10.0, 7.0, 4.0, 3.0, 6.0, 12.0, 9.0, 5.0, 5.0, 7.0, 9.0, 10.0, 6.0, 6.0, 7.0, 4.0, 11.0, 11.0, 3.0, 15.0, 5.0, 6.0, 10.0, 12.0, 11.0, 8.0, 7.0, 5.0, 7.0, 3.0, 1.0, 3.0, 1.0, 0.0, 0.0, 1.0], "bins": [-0.25075793266296387, -0.24290777742862701, -0.23505760729312897, -0.22720745205879211, -0.21935728192329407, -0.21150712668895721, -0.20365697145462036, -0.19580680131912231, -0.18795664608478546, -0.1801064908504486, -0.17225632071495056, -0.1644061654806137, -0.15655601024627686, -0.1487058401107788, -0.14085568487644196, -0.1330055296421051, -0.12515535950660706, -0.1173051968216896, -0.10945503413677216, -0.1016048789024353, -0.09375471621751785, -0.0859045535326004, -0.07805439829826355, -0.0702042356133461, -0.06235407292842865, -0.0545039102435112, -0.04665375128388405, -0.0388035923242569, -0.030953429639339447, -0.023103266954421997, -0.015253107994794846, -0.007402949035167694, 0.00044721364974975586, 0.008297374472022057, 0.016147535294294357, 0.023997696116566658, 0.03184785693883896, 0.03969801962375641, 0.04754817858338356, 0.05539833754301071, 0.06324850022792816, 0.07109866291284561, 0.07894882559776306, 0.08679898083209991, 0.09464914351701736, 0.10249930620193481, 0.11034946143627167, 0.11819962412118912, 0.12604978680610657, 0.13389994204044342, 0.14175011217594147, 0.14960026741027832, 0.15745043754577637, 0.16530059278011322, 0.17315074801445007, 0.18100091814994812, 0.18885107338428497, 0.19670122861862183, 0.20455139875411987, 0.21240155398845673, 0.22025170922279358, 0.22810187935829163, 0.23595203459262848, 0.24380218982696533, 0.2516523599624634]}, "parameters/conv1.bias": {"_type": "histogram", "values": [1.0, 0.0, 0.0, 0.0, 1.0, 0.0, 0.0, 0.0, 0.0, 0.0, 0.0, 0.0, 0.0, 1.0, 0.0, 0.0, 0.0, 0.0, 0.0, 0.0, 0.0, 0.0, 0.0, 0.0, 0.0, 0.0, 0.0, 1.0, 0.0, 1.0, 1.0, 0.0, 1.0, 0.0, 1.0, 0.0, 0.0, 0.0, 0.0, 1.0, 0.0, 0.0, 0.0, 1.0, 0.0, 0.0, 0.0, 1.0, 0.0, 0.0, 1.0, 1.0, 1.0, 0.0, 0.0, 0.0, 0.0, 0.0, 0.0, 0.0, 1.0, 0.0, 0.0, 1.0], "bins": [-0.2910993695259094, -0.2829921841621399, -0.27488502860069275, -0.2667778432369232, -0.2586706876754761, -0.25056350231170654, -0.2424563467502594, -0.23434916138648987, -0.22624200582504272, -0.2181348353624344, -0.21002766489982605, -0.2019204944372177, -0.19381332397460938, -0.18570615351200104, -0.1775989830493927, -0.16949179768562317, -0.16138462722301483, -0.1532774567604065, -0.14517028629779816, -0.13706311583518982, -0.12895594537258148, -0.12084877490997314, -0.11274159699678421, -0.10463442653417587, -0.09652725607156754, -0.0884200856089592, -0.08031291514635086, -0.07220573723316193, -0.06409856677055359, -0.05599140003323555, -0.047884225845336914, -0.03977705538272858, -0.03166989982128143, -0.023562729358673096, -0.015455557033419609, -0.0073483847081661224, 0.000758785754442215, 0.008865956217050552, 0.016973130404949188, 0.025080300867557526, 0.03318747133016586, 0.0412946417927742, 0.04940181225538254, 0.057508986443281174, 0.06561616063117981, 0.07372333109378815, 0.08183050155639648, 0.08993767201900482, 0.09804484248161316, 0.1061520129442215, 0.11425918340682983, 0.12236635386943817, 0.1304735243320465, 0.13858069479465485, 0.14668786525726318, 0.15479505062103271, 0.16290220618247986, 0.1710093766450882, 0.17911654710769653, 0.18722371757030487, 0.1953308880329132, 0.20343805849552155, 0.21154522895812988, 0.21965241432189941, 0.22775958478450775]}, "parameters/conv2.weight": {"_type": "histogram", "values": [1.0, 0.0, 2.0, 1.0, 0.0, 3.0, 2.0, 4.0, 3.0, 4.0, 4.0, 5.0, 7.0, 3.0, 6.0, 13.0, 12.0, 14.0, 18.0, 10.0, 19.0, 17.0, 30.0, 27.0, 38.0, 31.0, 44.0, 34.0, 38.0, 41.0, 36.0, 50.0, 50.0, 39.0, 39.0, 53.0, 37.0, 43.0, 37.0, 40.0, 51.0, 45.0, 23.0, 25.0, 30.0, 29.0, 27.0, 17.0, 17.0, 15.0, 17.0, 7.0, 12.0, 10.0, 6.0, 2.0, 2.0, 3.0, 0.0, 1.0, 2.0, 0.0, 1.0, 3.0], "bins": [-0.1257309764623642, -0.12198108434677124, -0.11823119968175888, -0.11448130756616592, -0.11073141545057297, -0.10698153078556061, -0.10323163866996765, -0.0994817465543747, -0.09573185443878174, -0.09198196232318878, -0.08823207765817642, -0.08448218554258347, -0.08073229342699051, -0.07698240876197815, -0.07323251664638519, -0.06948262453079224, -0.06573273986577988, -0.06198285147547722, -0.05823295935988426, -0.054483070969581604, -0.05073317885398865, -0.04698329046368599, -0.04323340207338333, -0.039483509957790375, -0.03573362156748772, -0.03198373317718506, -0.028233841061592102, -0.024483952671289444, -0.020734062418341637, -0.01698417216539383, -0.013234283775091171, -0.009484393522143364, -0.00573449581861496, -0.0019846060313284397, 0.0017652837559580803, 0.005515173077583313, 0.00926506333053112, 0.013014953583478928, 0.016764841973781586, 0.020514732226729393, 0.0242646224796772, 0.028014512732625008, 0.031764402985572815, 0.03551429137587547, 0.03926417976617813, 0.04301407188177109, 0.046763960272073746, 0.050513848662376404, 0.05426374077796936, 0.05801362916827202, 0.061763521283864975, 0.06551340967416763, 0.06926330178976059, 0.07301318645477295, 0.0767630785703659, 0.08051297068595886, 0.08426286280155182, 0.08801275491714478, 0.09176263958215714, 0.09551253169775009, 0.09926242381334305, 0.10301230847835541, 0.10676220059394836, 0.11051209270954132, 0.11426197737455368]}, "parameters/conv2.bias": {"_type": "histogram", "values": [1.0, 0.0, 0.0, 0.0, 0.0, 0.0, 0.0, 0.0, 0.0, 0.0, 0.0, 0.0, 0.0, 0.0, 0.0, 0.0, 0.0, 0.0, 0.0, 0.0, 0.0, 0.0, 0.0, 0.0, 0.0, 0.0, 0.0, 0.0, 0.0, 1.0, 0.0, 0.0, 0.0, 0.0, 0.0, 0.0, 0.0, 0.0, 0.0, 0.0, 0.0, 0.0, 0.0, 0.0, 0.0, 0.0, 0.0, 0.0, 0.0, 0.0, 0.0, 0.0, 0.0, 0.0, 0.0, 0.0, 0.0, 0.0, 0.0, 0.0, 0.0, 0.0, 0.0, 1.0], "bins": [-0.27486634254455566, -0.26859748363494873, -0.2623285949230194, -0.2560597360134125, -0.24979087710380554, -0.24352200329303741, -0.2372531294822693, -0.23098427057266235, -0.22471539676189423, -0.2184465229511261, -0.21217766404151917, -0.20590879023075104, -0.1996399313211441, -0.19337105751037598, -0.18710219860076904, -0.18083332479000092, -0.1745644509792328, -0.16829557716846466, -0.16202671825885773, -0.1557578444480896, -0.14948898553848267, -0.14322011172771454, -0.1369512379169464, -0.13068237900733948, -0.12441352009773254, -0.11814465373754501, -0.11187578737735748, -0.10560691356658936, -0.09933804720640182, -0.0930691808462143, -0.08680031448602676, -0.08053144812583923, -0.0742625743150711, -0.06799370795488358, -0.061724837869405746, -0.055455971509218216, -0.04918710142374039, -0.042918235063552856, -0.036649368703365326, -0.030380498617887497, -0.024111632257699966, -0.017842764034867287, -0.011573896743357182, -0.005305029451847076, 0.0009638387709856033, 0.007232706993818283, 0.013501573354005814, 0.019770443439483643, 0.026039309799671173, 0.032308176159858704, 0.03857704624533653, 0.04484591260552406, 0.05111478269100189, 0.05738364905118942, 0.06365251541137695, 0.06992138922214508, 0.07619024813175201, 0.08245911449193954, 0.08872798085212708, 0.0949968546628952, 0.10126572102308273, 0.10753458738327026, 0.1138034537434578, 0.12007232010364532, 0.12634119391441345]}, "gradients/conv2.bias": {"_type": "histogram", "values": [1.0, 0.0, 0.0, 0.0, 0.0, 0.0, 0.0, 0.0, 0.0, 0.0, 0.0, 0.0, 0.0, 0.0, 0.0, 0.0, 0.0, 0.0, 0.0, 0.0, 0.0, 0.0, 0.0, 0.0, 0.0, 0.0, 0.0, 0.0, 0.0, 1.0, 0.0, 0.0, 0.0, 0.0, 0.0, 0.0, 0.0, 0.0, 0.0, 0.0, 0.0, 0.0, 0.0, 0.0, 0.0, 0.0, 0.0, 0.0, 0.0, 0.0, 0.0, 0.0, 0.0, 0.0, 0.0, 0.0, 0.0, 0.0, 0.0, 0.0, 0.0, 0.0, 0.0, 1.0],