{"parameters/conv1.weight": {"_type": "histogram", "values": [1.0, 0.0, 0.0, 0.0, 0.0, 1.0, 0.0, 0.0, 0.0, 1.0, 1.0, 3.0, 4.0, 4.0, 3.0, 5.0, 4.0, 6.0, 8.0, 5.0, 6.0, 5.0, 8.0, 15.0, 10.0, 10.0, 12.0, 9.0, 6.0, 6.0, 11.0, 7.0, 9.0, 9.0, 8.0, 9.0, 8.0, 5.0, 10.0, 2.0, 15.0, 13.0, 14.0, 13.0, 11.0, 9.0, 12.0, 9.0, 11.0, 11.0, 19.0, 10.0, 11.0, 3.0, 10.0, 5.0, 3.0, 3.0, 1.0, 2.0, 1.0, 2.0, 0.0, 1.0], "bins": [-0.3601919114589691, -0.35021519660949707, -0.340238481760025, -0.330261766910553, -0.3202850818634033, -0.3103083670139313, -0.30033165216445923, -0.2903549373149872, -0.28037822246551514, -0.2704015076160431, -0.26042479276657104, -0.2504481077194214, -0.24047137796878815, -0.2304946780204773, -0.22051796317100525, -0.2105412483215332, -0.20056454837322235, -0.1905878335237503, -0.18061113357543945, -0.1706344187259674, -0.16065770387649536, -0.15068098902702332, -0.14070428907871246, -0.13072757422924042, -0.12075086683034897, -0.11077415943145752, -0.10079744458198547, -0.09082073718309402, -0.08084402978420258, -0.07086731493473053, -0.06089060753583908, -0.050913892686367035, -0.040937185287475586, -0.03096047416329384, -0.02098376490175724, -0.011007055640220642, -0.0010303445160388947, 0.008946366608142853, 0.018923074007034302, 0.028899788856506348, 0.0388764962553978, 0.048853207379579544, 0.05882991850376129, 0.06880662590265274, 0.07878333330154419, 0.08876004815101624, 0.09873675554990768, 0.10871347039937973, 0.11869017779827118, 0.12866689264774323, 0.13864359259605408, 0.14862030744552612, 0.15859702229499817, 0.16857373714447021, 0.17855043709278107, 0.1885271519422531, 0.19850385189056396, 0.208480566740036, 0.21845726668834686, 0.2284339815378189, 0.23841069638729095, 0.2483873963356018, 0.25836411118507385, 0.2683408260345459, 0.27831754088401794]}, "parameters/conv1.bias": {"_type": "histogram", "values": [1.0, 0.0, 0.0, 0.0, 0.0, 1.0, 0.0, 0.0, 0.0, 0.0, 1.0, 1.0, 1.0, 0.0, 1.0, 0.0, 2.0, 1.0, 0.0, 0.0, 0.0, 0.0, 0.0, 1.0, 0.0, 1.0, 0.0, 0.0, 0.0, 0.0, 0.0, 0.0, 0.0, 0.0, 0.0, 1.0, 0.0, 0.0, 0.0, 0.0, 0.0, 0.0, 0.0, 0.0, 0.0, 0.0, 0.0, 0.0, 0.0, 0.0, 0.0, 0.0, 0.0, 0.0, 0.0, 0.0, 0.0, 1.0, 1.0, 0.0, 1.0, 0.0, 0.0, 1.0], "bins": [-0.26631563901901245, -0.259098082780838, -0.2518805265426636, -0.24466295540332794, -0.2374453842639923, -0.23022782802581787, -0.22301027178764343, -0.215792715549469, -0.20857514441013336, -0.20135758817195892, -0.1941400170326233, -0.18692246079444885, -0.17970490455627441, -0.17248733341693878, -0.16526977717876434, -0.1580522060394287, -0.15083464980125427, -0.14361709356307983, -0.1363995224237442, -0.12918196618556976, -0.12196440249681473, -0.11474683880805969, -0.10752928256988525, -0.10031171888113022, -0.09309415519237518, -0.08587659150362015, -0.07865902781486511, -0.07144147157669067, -0.06422390788793564, -0.0570063441991806, -0.049788784235715866, -0.04257122427225113, -0.03535367548465729, -0.0281361136585474, -0.020918551832437515, -0.013700990006327629, -0.006483428180217743, 0.0007341355085372925, 0.00795169547200203, 0.015169255435466766, 0.022386819124221802, 0.029604380950331688, 0.036821942776441574, 0.04403950273990631, 0.051257066428661346, 0.05847463011741638, 0.06569218635559082, 0.07290975004434586, 0.08012731373310089, 0.08734487742185593, 0.09456244111061096, 0.1017799973487854, 0.10899756103754044, 0.11621512472629547, 0.12343268096446991, 0.13065025210380554, 0.13786780834197998, 0.14508536458015442, 0.15230293571949005, 0.1595204919576645, 0.16673806309700012, 0.17395561933517456, 0.181173175573349, 0.18839073181152344, 0.19560830295085907]}, "parameters/conv2.weight": {"_type": "histogram", "values": [1.0, 0.0, 1.0, 1.0, 0.0, 0.0, 0.0, 1.0, 1.0, 1.0, 1.0, 1.0, 0.0, 2.0, 1.0, 3.0, 4.0, 1.0, 3.0, 4.0, 7.0, 12.0, 22.0, 12.0, 24.0, 20.0, 32.0, 31.0, 39.0, 42.0, 40.0, 42.0, 54.0, 56.0, 61.0, 73.0, 48.0, 57.0, 43.0, 48.0, 48.0, 48.0, 42.0, 43.0, 38.0, 30.0, 40.0, 25.0, 18.0, 15.0, 15.0, 15.0, 10.0, 7.0, 4.0, 2.0, 3.0, 3.0, 0.0, 1.0, 0.0, 1.0, 2.0, 1.0], "bins": [-0.17844930291175842, -0.17350603640079498, -0.16856278479099274, -0.1636195182800293, -0.15867626667022705, -0.1537330001592636, -0.14878973364830017, -0.14384648203849792, -0.13890321552753448, -0.13395994901657104, -0.1290166974067688, -0.12407343089580536, -0.11913017183542252, -0.11418691277503967, -0.10924365371465683, -0.10430039465427399, -0.09935713559389114, -0.0944138765335083, -0.08947061747312546, -0.08452735841274261, -0.07958409190177917, -0.07464083284139633, -0.06969757378101349, -0.06475430727005005, -0.059811051934957504, -0.05486779287457466, -0.04992453008890152, -0.04498127102851868, -0.040038011968135834, -0.03509474918246269, -0.03015149012207985, -0.025208227336406708, -0.020264968276023865, -0.015321707352995872, -0.010378447361290455, -0.005435187369585037, -0.000491926446557045, 0.004451334476470947, 0.00939459353685379, 0.014337856322526932, 0.019281115382909775, 0.024224376305937767, 0.02916763722896576, 0.0341108962893486, 0.039054155349731445, 0.04399741813540459, 0.04894067719578743, 0.05388393998146057, 0.058827199041843414, 0.06377045810222626, 0.0687137171626091, 0.07365697622299194, 0.07860024273395538, 0.08354350179433823, 0.08848676085472107, 0.09343002736568451, 0.09837327897548676, 0.1033165380358696, 0.10825979709625244, 0.11320306360721588, 0.11814632266759872, 0.12308958172798157, 0.1280328333377838, 0.13297609984874725, 0.1379193663597107]}, "parameters/conv2.bias": {"_type": "histogram", "values": [1.0, 0.0, 0.0, 0.0, 0.0, 0.0, 0.0, 0.0, 0.0, 0.0, 0.0, 0.0, 0.0, 0.0, 0.0, 0.0, 0.0, 0.0, 0.0, 0.0, 0.0, 0.0, 0.0, 0.0, 0.0, 0.0, 0.0, 1.0, 0.0, 0.0, 0.0, 0.0, 0.0, 0.0, 0.0, 0.0, 0.0, 0.0, 0.0, 0.0, 0.0, 0.0, 0.0, 0.0, 0.0, 0.0, 0.0, 0.0, 0.0, 0.0, 0.0, 0.0, 0.0, 0.0, 0.0, 0.0, 0.0, 0.0, 0.0, 0.0, 0.0, 0.0, 0.0, 1.0], "bins": [-0.2697661817073822, -0.26231515407562256, -0.2548641264438629, -0.24741311371326447, -0.23996210098266602, -0.23251107335090637, -0.22506004571914673, -0.21760903298854828, -0.21015802025794983, -0.20270699262619019, -0.19525597989559174, -0.1878049522638321, -0.18035393953323364, -0.172902911901474, -0.16545188426971436, -0.1580008715391159, -0.15054984390735626, -0.14309881627559662, -0.13564780354499817, -0.12819677591323853, -0.12074576318264008, -0.11329473555088043, -0.10584371536970139, -0.09839269518852234, -0.09094167500734329, -0.08349065482616425, -0.0760396346449852, -0.06858861446380615, -0.06113759055733681, -0.05368657037615776, -0.046235546469688416, -0.03878452628850937, -0.03133349120616913, -0.023882471024990082, -0.016431448981165886, -0.00898042693734169, -0.0015294067561626434, 0.005921613425016403, 0.013372637331485748, 0.020823657512664795, 0.02827467769384384, 0.03572569787502289, 0.043176718056201935, 0.05062774196267128, 0.05807876214385033, 0.06552977859973907, 0.07298080623149872, 0.08043182641267776, 0.08788284659385681, 0.09533386677503586, 0.1027848869562149, 0.11023591458797455, 0.117686927318573, 0.12513795495033264, 0.13258898258209229, 0.14003999531269073, 0.14749100804328918, 0.15494203567504883, 0.16239304840564728, 0.16984407603740692, 0.17729508876800537, 0.18474611639976501, 0.19219714403152466, 0.1996481567621231, 0.20709918439388275]}, "gradients/conv2.bias": {"_type": "histogram", "values": [1.0, 0.0, 0.0, 0.0, 0.0, 0.0, 0.0, 0.0, 0.0, 0.0, 0.0, 0.0, 0.0, 0.0, 0.0, 0.0, 0.0, 0.0, 0.0, 0.0, 0.0, 0.0, 0.0, 0.0, 0.0, 0.0, 0.0, 0.0, 0.0, 0.0, 0.0, 0.0, 0.0, 0.0, 0.0, 0.0, 0.0, 0.0, 0.0, 0.0, 0.0, 0.0, 0.0, 0.0, 0.0, 1.0, 0.0, 0.0, 0.0, 0.0, 0.0, 0.0, 0.0, 0.0, 0.0, 0.0, 0.0, 0.0, 0.0, 0.0, 0.0, 0.0, 0.0, 1.0],