{"parameters/conv1.weight": {"_type": "histogram", "values": [1.0, 1.0, 0.0, 0.0, 0.0, 0.0, 2.0, 2.0, 1.0, 2.0, 1.0, 2.0, 3.0, 3.0, 4.0, 5.0, 6.0, 5.0, 12.0, 2.0, 3.0, 3.0, 9.0, 9.0, 3.0, 10.0, 10.0, 6.0, 9.0, 6.0, 10.0, 10.0, 16.0, 7.0, 4.0, 16.0, 8.0, 4.0, 12.0, 14.0, 11.0, 13.0, 12.0, 10.0, 14.0, 8.0, 12.0, 10.0, 7.0, 9.0, 12.0, 5.0, 3.0, 12.0, 5.0, 7.0, 11.0, 1.0, 7.0, 3.0, 1.0, 2.0, 2.0, 2.0], "bins": [-0.3368048667907715, -0.3276061713695526, -0.31840744614601135, -0.3092087507247925, -0.3000100255012512, -0.29081133008003235, -0.2816126048564911, -0.2724139094352722, -0.26321518421173096, -0.2540164887905121, -0.24481776356697083, -0.23561905324459076, -0.2264203429222107, -0.21722164750099182, -0.20802293717861176, -0.1988242268562317, -0.18962553143501282, -0.18042682111263275, -0.17122811079025269, -0.16202940046787262, -0.15283069014549255, -0.14363199472427368, -0.13443328440189362, -0.12523457407951355, -0.11603586375713348, -0.10683715343475342, -0.09763844311237335, -0.08843974024057388, -0.07924102991819382, -0.07004231959581375, -0.060843612998723984, -0.051644906401634216, -0.04244619607925415, -0.033247485756874084, -0.024048779159784317, -0.0148500707000494, -0.005651362240314484, 0.0035473480820655823, 0.01274605467915535, 0.021944761276245117, 0.031143471598625183, 0.04034218192100525, 0.049540888518095016, 0.058739595115184784, 0.06793830543756485, 0.07713701575994492, 0.08633571863174438, 0.09553442895412445, 0.10473313927650452, 0.11393184959888458, 0.12313055992126465, 0.13232927024364471, 0.14152798056602478, 0.15072667598724365, 0.15992538630962372, 0.16912409663200378, 0.17832280695438385, 0.18752151727676392, 0.19672022759914398, 0.20591893792152405, 0.21511763334274292, 0.22431635856628418, 0.23351505398750305, 0.24271376430988312, 0.2519124746322632]}, "parameters/conv1.bias": {"_type": "histogram", "values": [1.0, 0.0, 0.0, 0.0, 0.0, 0.0, 0.0, 0.0, 0.0, 0.0, 0.0, 1.0, 0.0, 0.0, 0.0, 0.0, 0.0, 1.0, 0.0, 0.0, 0.0, 0.0, 0.0, 0.0, 0.0, 0.0, 0.0, 1.0, 0.0, 0.0, 0.0, 0.0, 1.0, 0.0, 0.0, 1.0, 1.0, 1.0, 0.0, 0.0, 1.0, 0.0, 0.0, 0.0, 1.0, 1.0, 0.0, 0.0, 0.0, 0.0, 0.0, 0.0, 1.0, 1.0, 0.0, 0.0, 0.0, 0.0, 1.0, 0.0, 0.0, 0.0, 1.0, 1.0], "bins": [-0.4300481379032135, -0.41967591643333435, -0.4093037247657776, -0.39893150329589844, -0.3885593116283417, -0.3781870901584625, -0.36781489849090576, -0.3574426770210266, -0.34707045555114746, -0.3366982340812683, -0.32632604241371155, -0.3159538209438324, -0.30558162927627563, -0.2952094078063965, -0.2848372161388397, -0.27446499466896057, -0.2640928030014038, -0.25372058153152466, -0.2433483898639679, -0.23297618329524994, -0.22260397672653198, -0.21223175525665283, -0.20185954868793488, -0.19148734211921692, -0.18111513555049896, -0.170742928981781, -0.16037072241306305, -0.1499985158443451, -0.13962629437446594, -0.12925410270690918, -0.11888188123703003, -0.10850967466831207, -0.09813745319843292, -0.08776524662971497, -0.07739304006099701, -0.06702082604169846, -0.0566486194729805, -0.04627641290426254, -0.03590420261025429, -0.025531992316246033, -0.015159785747528076, -0.00478757731616497, 0.005584631115198135, 0.01595683954656124, 0.026329047977924347, 0.0367012545466423, 0.04707346484065056, 0.057445675134658813, 0.06781788170337677, 0.07819008827209473, 0.08856229484081268, 0.09893450886011124, 0.1093067154288292, 0.11967892199754715, 0.1300511360168457, 0.14042334258556366, 0.15079554915428162, 0.16116775572299957, 0.17153996229171753, 0.18191216886043549, 0.19228437542915344, 0.2026565968990326, 0.21302880346775055, 0.2234010100364685, 0.23377321660518646]}, "parameters/conv2.weight": {"_type": "histogram", "values": [1.0, 0.0, 0.0, 0.0, 0.0, 1.0, 2.0, 1.0, 1.0, 1.0, 0.0, 3.0, 4.0, 3.0, 3.0, 2.0, 4.0, 4.0, 10.0, 10.0, 6.0, 9.0, 17.0, 21.0, 18.0, 15.0, 21.0, 34.0, 45.0, 43.0, 57.0, 55.0, 62.0, 56.0, 63.0, 66.0, 70.0, 66.0, 61.0, 64.0, 48.0, 45.0, 31.0, 46.0, 23.0, 17.0, 17.0, 16.0, 13.0, 6.0, 8.0, 9.0, 3.0, 2.0, 5.0, 1.0, 2.0, 3.0, 0.0, 1.0, 1.0, 1.0, 1.0, 2.0], "bins": [-0.20105595886707306, -0.19524914026260376, -0.18944230675697327, -0.18363547325134277, -0.17782865464687347, -0.17202183604240417, -0.16621500253677368, -0.1604081690311432, -0.1546013504266739, -0.1487945318222046, -0.1429876983165741, -0.1371808648109436, -0.1313740462064743, -0.125567227602005, -0.11976039409637451, -0.11395356804132462, -0.10814674198627472, -0.10233991593122482, -0.09653308987617493, -0.09072626382112503, -0.08491943776607513, -0.07911261171102524, -0.07330578565597534, -0.06749895960092545, -0.06169213354587555, -0.05588530749082565, -0.05007848143577576, -0.04427165538072586, -0.038464829325675964, -0.03265800327062607, -0.026851177215576172, -0.021044351160526276, -0.015237510204315186, -0.00943068414926529, -0.003623858094215393, 0.002182967960834503, 0.0079897940158844, 0.013796620070934296, 0.019603446125984192, 0.025410272181034088, 0.031217098236083984, 0.03702392429113388, 0.04283075034618378, 0.04863757640123367, 0.05444440245628357, 0.060251228511333466, 0.06605805456638336, 0.07186488062143326, 0.07767170667648315, 0.08347853273153305, 0.08928535878658295, 0.09509218484163284, 0.10089901089668274, 0.10670583695173264, 0.11251266300678253, 0.11831948906183243, 0.12412631511688232, 0.12993314862251282, 0.13573996722698212, 0.14154678583145142, 0.1473536193370819, 0.1531604528427124, 0.1589672714471817, 0.164774090051651, 0.1705809235572815]}, "parameters/conv2.bias": {"_type": "histogram", "values": [1.0, 0.0, 0.0, 0.0, 0.0, 0.0, 0.0, 0.0, 0.0, 0.0, 0.0, 0.0, 0.0, 0.0, 0.0, 0.0, 0.0, 0.0, 0.0, 0.0, 0.0, 0.0, 0.0, 0.0, 0.0, 0.0, 0.0, 1.0, 0.0, 0.0, 0.0, 0.0, 0.0, 0.0, 0.0, 0.0, 0.0, 0.0, 0.0, 0.0, 0.0, 0.0, 0.0, 0.0, 0.0, 0.0, 0.0, 0.0, 0.0, 0.0, 0.0, 0.0, 0.0, 0.0, 0.0, 0.0, 0.0, 0.0, 0.0, 0.0, 0.0, 0.0, 0.0, 1.0], "bins": [-0.24538832902908325, -0.23824356496334076, -0.23109881579875946, -0.22395405173301697, -0.21680928766727448, -0.20966452360153198, -0.20251977443695068, -0.1953750103712082, -0.1882302463054657, -0.1810854822397232, -0.1739407330751419, -0.16679596900939941, -0.15965120494365692, -0.15250644087791443, -0.14536169171333313, -0.13821692764759064, -0.13107217848300934, -0.12392742186784744, -0.11678265780210495, -0.10963790118694305, -0.10249313712120056, -0.09534838050603867, -0.08820362389087677, -0.08105885982513428, -0.07391410320997238, -0.06676934659481049, -0.05962458252906799, -0.0524798259139061, -0.0453350655734539, -0.03819030523300171, -0.031045548617839813, -0.02390078827738762, -0.01675601303577423, -0.009611253626644611, -0.0024664942175149918, 0.004678264260292053, 0.011823024600744247, 0.01896778494119644, 0.026112541556358337, 0.03325730189681053, 0.040402062237262726, 0.04754682257771492, 0.054691582918167114, 0.06183633953332901, 0.0689810961484909, 0.0761258602142334, 0.0832706168293953, 0.09041537344455719, 0.09756013751029968, 0.10470489412546158, 0.11184965819120407, 0.11899441480636597, 0.12613917887210846, 0.13328394293785095, 0.14042869210243225, 0.14757345616817474, 0.15471822023391724, 0.16186298429965973, 0.16900773346424103, 0.17615249752998352, 0.183297261595726, 0.1904420256614685, 0.1975867748260498, 0.2047315388917923, 0.2118762880563736]}, "gradients/conv2.bias": {"_type": "histogram", "values": [1.0, 0.0, 0.0, 0.0, 1.0, 0.0, 0.0, 0.0, 0.0, 0.0, 0.0, 0.0, 0.0, 0.0, 0.0, 0.0, 0.0, 0.0, 0.0, 0.0, 0.0, 0.0, 0.0, 0.0, 0.0, 0.0, 0.0, 0.0, 0.0, 0.0, 0.0, 0.0, 0.0, 0.0, 0.0, 0.0, 0.0, 0.0, 0.0, 0.0, 0.0, 0.0, 0.0, 0.0, 0.0, 0.0, 0.0, 0.0, 0.0, 0.0, 0.0, 0.0, 0.0, 0.0, 0.0, 0.0, 0.0, 0.0, 0.0, 0.0, 0.0, 0.0, 0.0, 1.0],