{"parameters/conv1.weight": {"_type": "histogram", "values": [1.0, 0.0, 0.0, 1.0, 1.0, 2.0, 2.0, 8.0, 8.0, 6.0, 3.0, 9.0, 6.0, 6.0, 11.0, 6.0, 1.0, 12.0, 6.0, 5.0, 11.0, 4.0, 6.0, 3.0, 4.0, 8.0, 6.0, 8.0, 5.0, 2.0, 10.0, 10.0, 8.0, 6.0, 4.0, 11.0, 9.0, 9.0, 8.0, 7.0, 12.0, 4.0, 5.0, 4.0, 4.0, 8.0, 5.0, 9.0, 6.0, 7.0, 5.0, 11.0, 5.0, 9.0, 5.0, 12.0, 4.0, 6.0, 10.0, 7.0, 8.0, 6.0, 7.0, 8.0], "bins": [-0.24445506930351257, -0.2374514937400818, -0.2304479032754898, -0.22344432771205902, -0.21644073724746704, -0.20943716168403625, -0.20243358612060547, -0.19543001055717468, -0.1884264200925827, -0.18142284452915192, -0.17441925406455994, -0.16741567850112915, -0.16041210293769836, -0.15340851247310638, -0.1464049369096756, -0.13940134644508362, -0.13239777088165283, -0.12539419531822205, -0.11839060485363007, -0.11138702929019928, -0.1043834462761879, -0.09737986326217651, -0.09037628769874573, -0.08337270468473434, -0.07636912167072296, -0.06936553865671158, -0.062361959367990494, -0.05535838007926941, -0.048354797065258026, -0.04135121405124664, -0.03434763476252556, -0.027344055473804474, -0.020340487360954285, -0.01333690620958805, -0.006333325058221817, 0.0006702560931444168, 0.007673837244510651, 0.014677420258522034, 0.02168099954724312, 0.028684578835964203, 0.035688161849975586, 0.04269174486398697, 0.049695324152708054, 0.05669890344142914, 0.06370248645544052, 0.0707060694694519, 0.07770964503288269, 0.08471322804689407, 0.09171681106090546, 0.09872039407491684, 0.10572397708892822, 0.11272755265235901, 0.11973113566637039, 0.12673471868038177, 0.13373829424381256, 0.14074188470840454, 0.14774546027183533, 0.1547490358352661, 0.1617526262998581, 0.16875620186328888, 0.17575979232788086, 0.18276336789131165, 0.18976694345474243, 0.19677051901817322, 0.2037741094827652]}, "parameters/conv1.bias": {"_type": "histogram", "values": [1.0, 0.0, 1.0, 1.0, 0.0, 0.0, 1.0, 1.0, 0.0, 1.0, 0.0, 0.0, 0.0, 0.0, 0.0, 0.0, 0.0, 0.0, 0.0, 0.0, 1.0, 1.0, 0.0, 0.0, 0.0, 1.0, 0.0, 0.0, 0.0, 1.0, 0.0, 0.0, 1.0, 0.0, 0.0, 1.0, 0.0, 0.0, 0.0, 0.0, 0.0, 0.0, 0.0, 0.0, 0.0, 1.0, 0.0, 0.0, 0.0, 0.0, 1.0, 0.0, 1.0, 0.0, 0.0, 0.0, 0.0, 0.0, 0.0, 0.0, 0.0, 0.0, 0.0, 1.0], "bins": [-0.1964043378829956, -0.18934255838394165, -0.1822807788848877, -0.17521899938583374, -0.16815723478794098, -0.16109545528888702, -0.15403367578983307, -0.1469718962907791, -0.13991013169288635, -0.1328483521938324, -0.12578657269477844, -0.11872480064630508, -0.11166302859783173, -0.10460124909877777, -0.09753946959972382, -0.09047769010066986, -0.0834159106016159, -0.07635413110256195, -0.06929235905408859, -0.06223057955503464, -0.05516880378127098, -0.048107028007507324, -0.04104524850845337, -0.03398347273468971, -0.026921696960926056, -0.0198599211871624, -0.012798143550753593, -0.005736365914344788, 0.001325409859418869, 0.008387185633182526, 0.01544896513223648, 0.022510740906000137, 0.029572516679763794, 0.03663429245352745, 0.04369606822729111, 0.05075784772634506, 0.05781962350010872, 0.06488139927387238, 0.07194317877292633, 0.07900495827198029, 0.08606673032045364, 0.0931285098195076, 0.10019028186798096, 0.10725206136703491, 0.11431384086608887, 0.12137561291456223, 0.12843739986419678, 0.13549916446208954, 0.1425609439611435, 0.14962272346019745, 0.1566845029592514, 0.16374626755714417, 0.17080804705619812, 0.17786982655525208, 0.18493160605430603, 0.19199338555335999, 0.19905516505241394, 0.2061169445514679, 0.21317872405052185, 0.2202405035495758, 0.22730226814746857, 0.23436404764652252, 0.24142582714557648, 0.24848760664463043, 0.2555493712425232]}, "parameters/conv2.weight": {"_type": "histogram", "values": [3.0, 1.0, 1.0, 3.0, 2.0, 2.0, 0.0, 6.0, 4.0, 6.0, 5.0, 5.0, 10.0, 10.0, 8.0, 23.0, 18.0, 27.0, 21.0, 26.0, 22.0, 39.0, 32.0, 26.0, 29.0, 35.0, 29.0, 29.0, 39.0, 42.0, 23.0, 27.0, 35.0, 33.0, 32.0, 31.0, 36.0, 27.0, 22.0, 27.0, 33.0, 32.0, 32.0, 37.0, 32.0, 32.0, 29.0, 15.0, 40.0, 33.0, 19.0, 20.0, 9.0, 13.0, 9.0, 4.0, 5.0, 6.0, 1.0, 1.0, 0.0, 0.0, 1.0, 1.0], "bins": [-0.08923178166151047, -0.08653361350297928, -0.08383544534444809, -0.0811372771859169, -0.07843911647796631, -0.07574094831943512, -0.07304278016090393, -0.07034461200237274, -0.06764644384384155, -0.06494827568531036, -0.062250107526779175, -0.059551943093538284, -0.056853774935007095, -0.054155606776475906, -0.051457442343235016, -0.04875927418470383, -0.04606110602617264, -0.04336293786764145, -0.04066476970911026, -0.03796660527586937, -0.03526843711733818, -0.03257026895880699, -0.029872102662920952, -0.027173936367034912, -0.024475768208503723, -0.021777600049972534, -0.019079433754086494, -0.016381267458200455, -0.013683099299669266, -0.010984932072460651, -0.008286764845252037, -0.005588598549365997, -0.0028904303908348083, -0.000192263163626194, 0.0025059040635824203, 0.005204071290791035, 0.007902238517999649, 0.010600405745208263, 0.013298572972416878, 0.015996739268302917, 0.018694907426834106, 0.021393075585365295, 0.024091241881251335, 0.026789408177137375, 0.029487576335668564, 0.03218574449419975, 0.03488390892744064, 0.03758207708597183, 0.04028024524450302, 0.04297841340303421, 0.0456765815615654, 0.04837474599480629, 0.05107291415333748, 0.05377108231186867, 0.05646924674510956, 0.05916741490364075, 0.061865583062171936, 0.06456375122070312, 0.06726191937923431, 0.0699600875377655, 0.07265825569629669, 0.07535641640424728, 0.07805458456277847, 0.08075275272130966, 0.08345092087984085]}, "parameters/conv2.bias": {"_type": "histogram", "values": [1.0, 0.0, 0.0, 0.0, 0.0, 0.0, 0.0, 0.0, 0.0, 0.0, 0.0, 0.0, 0.0, 0.0, 0.0, 0.0, 0.0, 0.0, 0.0, 0.0, 0.0, 0.0, 0.0, 0.0, 0.0, 0.0, 0.0, 0.0, 0.0, 0.0, 1.0, 0.0, 0.0, 0.0, 0.0, 0.0, 0.0, 0.0, 0.0, 0.0, 0.0, 0.0, 0.0, 0.0, 0.0, 0.0, 0.0, 0.0, 0.0, 0.0, 0.0, 0.0, 0.0, 0.0, 0.0, 0.0, 0.0, 0.0, 0.0, 0.0, 0.0, 0.0, 0.0, 1.0], "bins": [-0.14557957649230957, -0.14197497069835663, -0.1383703649044037, -0.13476574420928955, -0.1311611384153366, -0.12755653262138367, -0.12395192682743073, -0.12034732103347778, -0.11674270778894424, -0.1131381019949913, -0.10953348875045776, -0.10592888295650482, -0.10232427716255188, -0.09871966391801834, -0.0951150581240654, -0.09151044487953186, -0.08790583908557892, -0.08430123329162598, -0.08069662004709244, -0.0770920142531395, -0.07348740845918655, -0.06988279521465302, -0.06627818942070007, -0.06267358362674713, -0.05906897783279419, -0.05546436831355095, -0.05185976251959801, -0.04825515300035477, -0.044650543481111526, -0.041045933961868286, -0.037441328167915344, -0.033836718648672104, -0.030232109129428864, -0.026627501472830772, -0.023022891953587532, -0.01941828429698944, -0.0158136747777462, -0.01220906712114811, -0.008604459464550018, -0.004999849945306778, -0.0013952422887086868, 0.0022093660663813353, 0.005813974421471357, 0.009418582543730736, 0.013023191131651402, 0.016627799719572067, 0.02023240737617016, 0.0238370168954134, 0.02744162455201149, 0.03104623220860958, 0.03465083986520767, 0.03825544938445091, 0.04186005890369415, 0.045464664697647095, 0.049069274216890335, 0.052673883736133575, 0.05627848953008652, 0.05988309904932976, 0.063487708568573, 0.06709231436252594, 0.07069692015647888, 0.07430153340101242, 0.07790613919496536, 0.0815107524394989, 0.08511535823345184]}, "gradients/conv2.bias": {"_type": "histogram", "values": [1.0, 0.0, 0.0, 0.0, 0.0, 0.0, 0.0, 0.0, 0.0, 0.0, 0.0, 0.0, 0.0, 0.0, 0.0, 0.0, 0.0, 0.0, 0.0, 0.0, 0.0, 0.0, 0.0, 0.0, 0.0, 0.0, 0.0, 0.0, 0.0, 0.0, 0.0, 0.0, 0.0, 0.0, 0.0, 0.0, 0.0, 0.0, 0.0, 0.0, 0.0, 0.0, 1.0, 0.0, 0.0, 0.0, 0.0, 0.0, 0.0, 0.0, 0.0, 0.0, 0.0, 0.0, 0.0, 0.0, 0.0, 0.0, 0.0, 0.0, 0.0, 0.0, 0.0, 1.0],