{"parameters/conv1.weight": {"_type": "histogram", "values": [1.0, 1.0, 1.0, 1.0, 0.0, 2.0, 5.0, 5.0, 2.0, 3.0, 6.0, 7.0, 7.0, 7.0, 5.0, 9.0, 10.0, 12.0, 8.0, 9.0, 6.0, 4.0, 14.0, 11.0, 5.0, 6.0, 3.0, 10.0, 10.0, 10.0, 8.0, 11.0, 9.0, 6.0, 12.0, 14.0, 4.0, 4.0, 6.0, 5.0, 6.0, 7.0, 12.0, 8.0, 5.0, 10.0, 7.0, 10.0, 11.0, 11.0, 8.0, 6.0, 5.0, 6.0, 8.0, 4.0, 3.0, 5.0, 2.0, 2.0, 2.0, 1.0, 0.0, 2.0], "bins": [-0.278399258852005, -0.2697984576225281, -0.26119765639305115, -0.2525968551635742, -0.24399606883525848, -0.23539528250694275, -0.22679448127746582, -0.2181936800479889, -0.20959287881851196, -0.20099207758903503, -0.1923912912607193, -0.18379049003124237, -0.17518968880176544, -0.1665889024734497, -0.15798810124397278, -0.14938730001449585, -0.14078651368618011, -0.13218571245670319, -0.12358491867780685, -0.11498412489891052, -0.1063833236694336, -0.09778252989053726, -0.08918173611164093, -0.080580934882164, -0.07198014110326767, -0.06337934732437134, -0.05477854609489441, -0.04617775231599808, -0.03757695481181145, -0.028976157307624817, -0.020375363528728485, -0.011774566024541855, -0.0031737685203552246, 0.005427028052508831, 0.014027824625372887, 0.022628620266914368, 0.031229417771100998, 0.03983021527528763, 0.04843100905418396, 0.05703180655837059, 0.06563260406255722, 0.07423339784145355, 0.08283419907093048, 0.09143499284982681, 0.10003578662872314, 0.10863658785820007, 0.1172373816370964, 0.12583817541599274, 0.13443897664546967, 0.1430397778749466, 0.15164056420326233, 0.16024136543273926, 0.1688421666622162, 0.17744296789169312, 0.18604375422000885, 0.19464455544948578, 0.2032453417778015, 0.21184614300727844, 0.22044692933559418, 0.2290477305650711, 0.23764853179454803, 0.24624931812286377, 0.2548501193523407, 0.2634509205818176, 0.27205172181129456]}, "parameters/conv1.bias": {"_type": "histogram", "values": [1.0, 0.0, 0.0, 0.0, 0.0, 0.0, 1.0, 0.0, 0.0, 0.0, 0.0, 0.0, 1.0, 0.0, 1.0, 0.0, 1.0, 0.0, 0.0, 1.0, 0.0, 0.0, 0.0, 0.0, 0.0, 0.0, 0.0, 0.0, 0.0, 0.0, 1.0, 0.0, 0.0, 1.0, 0.0, 0.0, 0.0, 2.0, 0.0, 0.0, 0.0, 0.0, 0.0, 0.0, 0.0, 1.0, 0.0, 1.0, 0.0, 0.0, 0.0, 0.0, 2.0, 1.0, 0.0, 0.0, 0.0, 0.0, 0.0, 0.0, 0.0, 0.0, 0.0, 1.0], "bins": [-0.4480739235877991, -0.43659791350364685, -0.42512187361717224, -0.41364586353302, -0.4021698236465454, -0.3906938135623932, -0.37921780347824097, -0.36774176359176636, -0.35626575350761414, -0.3447897434234619, -0.3333137035369873, -0.3218376934528351, -0.31036168336868286, -0.29888564348220825, -0.28740963339805603, -0.2759336233139038, -0.2644575834274292, -0.252981573343277, -0.24150553345680237, -0.23002952337265015, -0.21855349838733673, -0.20707747340202332, -0.1956014633178711, -0.18412543833255768, -0.17264941334724426, -0.16117338836193085, -0.14969736337661743, -0.1382213532924652, -0.1267453283071518, -0.11526930332183838, -0.10379328578710556, -0.09231726825237274, -0.08084121346473694, -0.06936518847942352, -0.057889170944690704, -0.04641314968466759, -0.03493712842464447, -0.023461107164621353, -0.011985085904598236, -0.0005090683698654175, 0.010966956615447998, 0.022442977875471115, 0.03391899913549423, 0.04539502039551735, 0.056871041655540466, 0.06834706664085388, 0.0798230841755867, 0.09129910171031952, 0.10277512669563293, 0.11425115168094635, 0.12572717666625977, 0.137203186750412, 0.1486792117357254, 0.16015523672103882, 0.17163124680519104, 0.18310727179050446, 0.19458329677581787, 0.2060593217611313, 0.2175353467464447, 0.22901135683059692, 0.24048738181591034, 0.25196340680122375, 0.263439416885376, 0.2749154567718506, 0.2863914668560028]}, "parameters/conv2.weight": {"_type": "histogram", "values": [1.0, 0.0, 0.0, 1.0, 1.0, 3.0, 2.0, 4.0, 4.0, 2.0, 10.0, 3.0, 10.0, 13.0, 6.0, 12.0, 20.0, 19.0, 21.0, 29.0, 31.0, 38.0, 42.0, 38.0, 63.0, 48.0, 65.0, 55.0, 57.0, 64.0, 53.0, 65.0, 58.0, 52.0, 62.0, 52.0, 28.0, 34.0, 29.0, 16.0, 17.0, 19.0, 8.0, 8.0, 8.0, 9.0, 3.0, 4.0, 2.0, 2.0, 1.0, 1.0, 1.0, 0.0, 0.0, 1.0, 2.0, 1.0, 0.0, 1.0, 0.0, 0.0, 0.0, 1.0], "bins": [-0.16753487288951874, -0.16159586608409882, -0.1556568443775177, -0.14971783757209778, -0.14377883076667786, -0.13783982396125793, -0.13190080225467682, -0.1259617954492569, -0.12002278864383698, -0.11408377438783646, -0.10814476758241653, -0.10220575332641602, -0.0962667465209961, -0.09032773226499557, -0.08438871800899506, -0.07844971120357513, -0.07251069694757462, -0.0665716826915741, -0.060632675886154175, -0.054693661630153656, -0.048754654824733734, -0.042815640568733215, -0.036876630038022995, -0.030937619507312775, -0.024998608976602554, -0.019059598445892334, -0.013120586983859539, -0.007181575521826744, -0.0012425649911165237, 0.004696445539593697, 0.010635457932949066, 0.016574468463659286, 0.022513478994369507, 0.028452489525079727, 0.03439150005578995, 0.040330514311790466, 0.04626952111721039, 0.05220853537321091, 0.05814754590392113, 0.06408655643463135, 0.07002556324005127, 0.07596457749605179, 0.08190358430147171, 0.08784259855747223, 0.09378160536289215, 0.09972061961889267, 0.10565963387489319, 0.11159864068031311, 0.11753765493631363, 0.12347666919231415, 0.12941567599773407, 0.135354682803154, 0.1412937045097351, 0.14723271131515503, 0.15317171812057495, 0.15911072492599487, 0.165049746632576, 0.1709887534379959, 0.17692777514457703, 0.18286678194999695, 0.18880578875541687, 0.1947447955608368, 0.2006838172674179, 0.20662282407283783, 0.21256183087825775]}, "parameters/conv2.bias": {"_type": "histogram", "values": [1.0, 0.0, 0.0, 0.0, 0.0, 0.0, 0.0, 0.0, 0.0, 0.0, 0.0, 0.0, 0.0, 0.0, 0.0, 0.0, 0.0, 0.0, 0.0, 0.0, 0.0, 0.0, 0.0, 0.0, 0.0, 0.0, 0.0, 0.0, 1.0, 0.0, 0.0, 0.0, 0.0, 0.0, 0.0, 0.0, 0.0, 0.0, 0.0, 0.0, 0.0, 0.0, 0.0, 0.0, 0.0, 0.0, 0.0, 0.0, 0.0, 0.0, 0.0, 0.0, 0.0, 0.0, 0.0, 0.0, 0.0, 0.0, 0.0, 0.0, 0.0, 0.0, 0.0, 1.0], "bins": [-0.3424989581108093, -0.3355737626552582, -0.32864856719970703, -0.3217233717441559, -0.31479817628860474, -0.3078729808330536, -0.30094778537750244, -0.2940225899219513, -0.28709739446640015, -0.280172199010849, -0.27324700355529785, -0.2663218080997467, -0.25939661264419556, -0.2524714171886444, -0.24554622173309326, -0.23862102627754211, -0.23169583082199097, -0.22477063536643982, -0.21784543991088867, -0.21092024445533752, -0.20399504899978638, -0.19706985354423523, -0.19014465808868408, -0.18321946263313293, -0.1762942522764206, -0.16936905682086945, -0.1624438613653183, -0.15551866590976715, -0.148593470454216, -0.14166827499866486, -0.1347430795431137, -0.12781788408756256, -0.12089268863201141, -0.11396749317646027, -0.10704229772090912, -0.10011710226535797, -0.09319190680980682, -0.08626671135425568, -0.07934151589870453, -0.07241632044315338, -0.06549112498760223, -0.058565929532051086, -0.05164073407649994, -0.04471553862094879, -0.037790343165397644, -0.030865143984556198, -0.02393994852900505, -0.017014753073453903, -0.010089553892612457, -0.0031643579714000225, 0.0037608379498124123, 0.010686034336686134, 0.017611229792237282, 0.02453642711043358, 0.031461622565984726, 0.03838681802153587, 0.04531201347708702, 0.05223720893263817, 0.059162404388189316, 0.06608760356903076, 0.07301279902458191, 0.07993799448013306, 0.0868631899356842, 0.09378838539123535, 0.1007135808467865]}, "gradients/conv2.bias": {"_type": "histogram", "values": [1.0, 0.0, 0.0, 0.0, 0.0, 0.0, 0.0, 0.0, 0.0, 0.0, 0.0, 0.0, 0.0, 1.0, 0.0, 0.0, 0.0, 0.0, 0.0, 0.0, 0.0, 0.0, 0.0, 0.0, 0.0, 0.0, 0.0, 0.0, 0.0, 0.0, 0.0, 0.0, 0.0, 0.0, 0.0, 0.0, 0.0, 0.0, 0.0, 0.0, 0.0, 0.0, 0.0, 0.0, 0.0, 0.0, 0.0, 0.0, 0.0, 0.0, 0.0, 0.0, 0.0, 0.0, 0.0, 0.0, 0.0, 0.0, 0.0, 0.0, 0.0, 0.0, 0.0, 1.0],