{"parameters/conv1.weight": {"_type": "histogram", "values": [1.0, 0.0, 0.0, 0.0, 0.0, 0.0, 0.0, 0.0, 1.0, 0.0, 0.0, 1.0, 3.0, 4.0, 5.0, 2.0, 4.0, 3.0, 11.0, 9.0, 9.0, 10.0, 14.0, 10.0, 11.0, 12.0, 7.0, 9.0, 7.0, 8.0, 12.0, 12.0, 12.0, 8.0, 9.0, 12.0, 14.0, 7.0, 9.0, 13.0, 10.0, 10.0, 19.0, 13.0, 13.0, 16.0, 20.0, 6.0, 9.0, 6.0, 8.0, 3.0, 2.0, 5.0, 3.0, 2.0, 3.0, 0.0, 0.0, 1.0, 1.0, 0.0, 0.0, 1.0], "bins": [-0.3778191804885864, -0.36691099405288696, -0.3560028076171875, -0.34509462118148804, -0.33418646454811096, -0.3232782781124115, -0.31237009167671204, -0.3014619052410126, -0.2905537486076355, -0.27964556217193604, -0.2687373757362366, -0.2578291893005371, -0.24692103266716003, -0.23601284623146057, -0.2251046597957611, -0.21419647336006165, -0.20328828692436218, -0.19238010048866272, -0.18147192895412445, -0.170563742518425, -0.15965557098388672, -0.14874738454818726, -0.1378391981124878, -0.12693101167678833, -0.11602284014225006, -0.1051146611571312, -0.09420648217201233, -0.08329829573631287, -0.072390116751194, -0.061481937766075134, -0.05057375133037567, -0.039665572345256805, -0.028757363557815552, -0.017849182710051537, -0.006941001862287521, 0.003967180848121643, 0.014875359833240509, 0.025783538818359375, 0.03669172525405884, 0.047599904239177704, 0.05850808322429657, 0.06941626220941544, 0.0803244411945343, 0.09123262763023376, 0.10214080661535263, 0.1130489856004715, 0.12395717203617096, 0.13486534357070923, 0.1457735300064087, 0.15668171644210815, 0.16758988797664642, 0.1784980744123459, 0.18940624594688416, 0.20031443238258362, 0.21122261881828308, 0.22213080525398254, 0.2330389767885208, 0.24394716322422028, 0.25485533475875854, 0.265763521194458, 0.27667170763015747, 0.28757989406585693, 0.2984880805015564, 0.30939623713493347, 0.32030442357063293]}, "parameters/conv1.bias": {"_type": "histogram", "values": [1.0, 0.0, 0.0, 1.0, 0.0, 0.0, 0.0, 0.0, 0.0, 0.0, 0.0, 0.0, 0.0, 1.0, 0.0, 1.0, 0.0, 0.0, 0.0, 0.0, 0.0, 0.0, 0.0, 0.0, 0.0, 0.0, 1.0, 0.0, 0.0, 0.0, 0.0, 0.0, 0.0, 0.0, 0.0, 0.0, 0.0, 0.0, 0.0, 0.0, 1.0, 0.0, 0.0, 1.0, 1.0, 0.0, 0.0, 0.0, 1.0, 0.0, 0.0, 1.0, 1.0, 1.0, 0.0, 0.0, 1.0, 0.0, 0.0, 0.0, 1.0, 0.0, 0.0, 2.0], "bins": [-0.45908525586128235, -0.448816180229187, -0.4385471045970917, -0.4282780587673187, -0.4180089831352234, -0.40773990750312805, -0.3974708318710327, -0.3872017562389374, -0.37693268060684204, -0.3666636049747467, -0.35639452934265137, -0.3461254835128784, -0.3358564078807831, -0.32558733224868774, -0.3153182566165924, -0.30504918098449707, -0.2947801351547241, -0.2845110595226288, -0.27424198389053345, -0.2639729380607605, -0.25370386242866516, -0.24343478679656982, -0.2331657111644745, -0.22289663553237915, -0.212627574801445, -0.20235849916934967, -0.19208943843841553, -0.1818203628063202, -0.17155128717422485, -0.1612822264432907, -0.15101315081119537, -0.14074409008026123, -0.1304750144481659, -0.12020594626665115, -0.10993687808513641, -0.09966780245304108, -0.08939873427152634, -0.0791296660900116, -0.06886059045791626, -0.05859152227640152, -0.04832245409488678, -0.03805338591337204, -0.027784314006567, -0.017515243962407112, -0.007246173918247223, 0.003022894263267517, 0.013291966170072556, 0.023561038076877594, 0.033830106258392334, 0.044099174439907074, 0.05436824634671211, 0.06463731825351715, 0.07490638643503189, 0.08517545461654663, 0.09544453024864197, 0.10571359843015671, 0.11598266661167145, 0.12625174224376678, 0.13652080297470093, 0.14678987860679626, 0.1570589542388916, 0.16732801496982574, 0.17759709060192108, 0.18786615133285522, 0.19813522696495056]}, "parameters/conv2.weight": {"_type": "histogram", "values": [1.0, 1.0, 1.0, 0.0, 0.0, 0.0, 0.0, 0.0, 0.0, 2.0, 1.0, 0.0, 0.0, 0.0, 5.0, 3.0, 3.0, 5.0, 3.0, 4.0, 6.0, 12.0, 18.0, 9.0, 13.0, 18.0, 20.0, 26.0, 29.0, 46.0, 40.0, 46.0, 61.0, 59.0, 70.0, 71.0, 56.0, 93.0, 71.0, 63.0, 56.0, 50.0, 42.0, 42.0, 33.0, 27.0, 18.0, 13.0, 14.0, 8.0, 7.0, 10.0, 9.0, 6.0, 1.0, 2.0, 1.0, 1.0, 0.0, 2.0, 0.0, 0.0, 0.0, 2.0], "bins": [-0.24060207605361938, -0.23390400409698486, -0.22720591723918915, -0.22050784528255463, -0.2138097584247589, -0.2071116864681244, -0.20041361451148987, -0.19371552765369415, -0.18701745569705963, -0.1803193837404251, -0.1736212968826294, -0.16692322492599487, -0.16022513806819916, -0.15352706611156464, -0.14682897925376892, -0.1401309072971344, -0.13343283534049988, -0.12673476338386536, -0.12003667652606964, -0.11333860456943512, -0.10664052516222, -0.09994244575500488, -0.09324436634778976, -0.08654628694057465, -0.07984820008277893, -0.07315012067556381, -0.0664520412683487, -0.059753965586423874, -0.053055889904499054, -0.046357810497283936, -0.03965973109006882, -0.032961655408144, -0.026263579726219177, -0.019565502181649208, -0.012867423705756664, -0.0061693452298641205, 0.0005287323147058487, 0.007226809859275818, 0.013924889266490936, 0.020622964948415756, 0.027321044355630875, 0.03401912376284599, 0.04071719944477081, 0.04741527885198593, 0.05411335825920105, 0.06081143394112587, 0.06750951707363129, 0.07420758903026581, 0.08090566843748093, 0.08760374784469604, 0.09430182725191116, 0.10099990665912628, 0.1076979786157608, 0.11439605802297592, 0.12109413743019104, 0.12779220938682556, 0.13449029624462128, 0.1411883682012558, 0.1478864550590515, 0.15458452701568604, 0.16128261387348175, 0.16798068583011627, 0.174678772687912, 0.1813768446445465, 0.18807491660118103]}, "parameters/conv2.bias": {"_type": "histogram", "values": [1.0, 0.0, 0.0, 0.0, 0.0, 0.0, 0.0, 0.0, 0.0, 0.0, 0.0, 0.0, 0.0, 0.0, 0.0, 0.0, 0.0, 0.0, 0.0, 0.0, 0.0, 0.0, 0.0, 0.0, 0.0, 0.0, 1.0, 0.0, 0.0, 0.0, 0.0, 0.0, 0.0, 0.0, 0.0, 0.0, 0.0, 0.0, 0.0, 0.0, 0.0, 0.0, 0.0, 0.0, 0.0, 0.0, 0.0, 0.0, 0.0, 0.0, 0.0, 0.0, 0.0, 0.0, 0.0, 0.0, 0.0, 0.0, 0.0, 0.0, 0.0, 0.0, 0.0, 1.0], "bins": [-0.2612263858318329, -0.2535947263240814, -0.24596308171749115, -0.23833143711090088, -0.23069977760314941, -0.22306813299655914, -0.21543647348880768, -0.2078048288822174, -0.20017316937446594, -0.19254152476787567, -0.1849098652601242, -0.17727822065353394, -0.16964656114578247, -0.1620149165391922, -0.15438325703144073, -0.14675161242485046, -0.139119952917099, -0.13148830831050873, -0.12385664880275726, -0.1162249967455864, -0.10859334468841553, -0.10096170008182526, -0.09333004057407379, -0.08569839596748352, -0.07806675136089325, -0.07043509930372238, -0.06280344724655151, -0.055171795189380646, -0.04754014313220978, -0.03990849480032921, -0.03227684274315834, -0.024645190685987473, -0.017013534903526306, -0.009381882846355438, -0.001750231720507145, 0.005881419405341148, 0.013513071462512016, 0.021144721657037735, 0.028776373714208603, 0.03640802577137947, 0.04403967782855034, 0.05167132988572121, 0.059302981942892075, 0.06693463027477264, 0.07456628233194351, 0.08219793438911438, 0.08982958644628525, 0.09746123850345612, 0.10509289056062698, 0.11272454261779785, 0.12035619467496872, 0.1279878467321396, 0.13561949133872986, 0.14325115084648132, 0.1508827954530716, 0.15851445496082306, 0.16614609956741333, 0.1737777441740036, 0.18140940368175507, 0.18904104828834534, 0.1966727077960968, 0.20430435240268707, 0.21193601191043854, 0.2195676565170288, 0.22719931602478027]}, "gradients/conv2.bias": {"_type": "histogram", "values": [1.0, 0.0, 0.0, 0.0, 0.0, 0.0, 0.0, 0.0, 0.0, 0.0, 0.0, 0.0, 0.0, 0.0, 0.0, 0.0, 0.0, 0.0, 0.0, 0.0, 0.0, 0.0, 0.0, 0.0, 0.0, 0.0, 0.0, 0.0, 1.0, 0.0, 0.0, 0.0, 0.0, 0.0, 0.0, 0.0, 0.0, 0.0, 0.0, 0.0, 0.0, 0.0, 0.0, 0.0, 0.0, 0.0, 0.0, 0.0, 0.0, 0.0, 0.0, 0.0, 0.0, 0.0, 0.0, 0.0, 0.0, 0.0, 0.0, 0.0, 0.0, 0.0, 0.0, 1.0],