{"parameters/conv1.weight": {"_type": "histogram", "values": [1.0, 1.0, 0.0, 0.0, 1.0, 1.0, 1.0, 5.0, 3.0, 6.0, 3.0, 8.0, 3.0, 11.0, 6.0, 5.0, 9.0, 6.0, 11.0, 12.0, 8.0, 3.0, 9.0, 6.0, 11.0, 10.0, 7.0, 10.0, 10.0, 12.0, 3.0, 9.0, 7.0, 11.0, 13.0, 8.0, 7.0, 10.0, 12.0, 17.0, 8.0, 7.0, 8.0, 15.0, 10.0, 8.0, 9.0, 11.0, 7.0, 8.0, 9.0, 7.0, 4.0, 5.0, 3.0, 2.0, 1.0, 0.0, 0.0, 0.0, 1.0, 0.0, 0.0, 1.0], "bins": [-0.30316153168678284, -0.2936667799949646, -0.284171998500824, -0.27467724680900574, -0.2651824951171875, -0.2556877136230469, -0.24619296193122864, -0.2366982102394104, -0.22720344364643097, -0.21770867705345154, -0.2082139253616333, -0.19871915876865387, -0.18922439217567444, -0.1797296404838562, -0.17023487389087677, -0.16074010729789734, -0.1512453556060791, -0.14175058901309967, -0.13225583732128143, -0.122761070728302, -0.11326631158590317, -0.10377155244350433, -0.0942767858505249, -0.08478202670812607, -0.07528726756572723, -0.0657925084233284, -0.05629774555563927, -0.046802982687950134, -0.0373082235455513, -0.027813464403152466, -0.018318701535463333, -0.0088239386677742, 0.0006708204746246338, 0.010165581479668617, 0.0196603424847126, 0.029155103489756584, 0.03864986449480057, 0.0481446236371994, 0.057639386504888535, 0.06713414937257767, 0.0766289085149765, 0.08612366765737534, 0.09561842679977417, 0.1051131933927536, 0.11460795253515244, 0.12410271167755127, 0.1335974782705307, 0.14309224486351013, 0.15258699655532837, 0.1620817631483078, 0.17157651484012604, 0.18107128143310547, 0.1905660331249237, 0.20006079971790314, 0.20955556631088257, 0.2190503180027008, 0.22854508459568024, 0.23803985118865967, 0.2475346028804779, 0.25702935457229614, 0.26652413606643677, 0.276018887758255, 0.28551363945007324, 0.29500842094421387, 0.3045031726360321]}, "parameters/conv1.bias": {"_type": "histogram", "values": [1.0, 0.0, 0.0, 0.0, 0.0, 0.0, 0.0, 1.0, 0.0, 0.0, 0.0, 0.0, 0.0, 0.0, 0.0, 0.0, 0.0, 0.0, 0.0, 0.0, 1.0, 0.0, 1.0, 0.0, 0.0, 0.0, 0.0, 0.0, 0.0, 0.0, 0.0, 0.0, 0.0, 0.0, 0.0, 0.0, 1.0, 0.0, 0.0, 0.0, 0.0, 1.0, 0.0, 0.0, 0.0, 0.0, 1.0, 1.0, 0.0, 0.0, 0.0, 2.0, 0.0, 0.0, 1.0, 0.0, 1.0, 0.0, 0.0, 1.0, 0.0, 0.0, 1.0, 2.0], "bins": [-0.47287917137145996, -0.4624570608139038, -0.45203498005867004, -0.4416128695011139, -0.4311907887458801, -0.420768678188324, -0.4103465676307678, -0.39992445707321167, -0.3895023763179779, -0.37908026576042175, -0.368658185005188, -0.35823607444763184, -0.3478139638900757, -0.3373918831348419, -0.32696977257728577, -0.316547691822052, -0.30612558126449585, -0.2957034707069397, -0.28528138995170593, -0.2748592793941498, -0.264437198638916, -0.25401508808135986, -0.2435929775238037, -0.23317088186740875, -0.2227487862110138, -0.21232669055461884, -0.20190459489822388, -0.19148248434066772, -0.18106038868427277, -0.1706382930278778, -0.16021618247032166, -0.1497940868139267, -0.13937202095985413, -0.12894992530345917, -0.11852782219648361, -0.10810571908950806, -0.0976836234331131, -0.08726152777671814, -0.07683942466974258, -0.06641732156276703, -0.05599522590637207, -0.04557312652468681, -0.035151027143001556, -0.0247289277613163, -0.014306828379631042, -0.0038847289979457855, 0.0065373703837394714, 0.016959473490715027, 0.027381569147109985, 0.03780366852879524, 0.0482257679104805, 0.058647867292165756, 0.06906996667385101, 0.07949206233024597, 0.08991416543722153, 0.10033626854419708, 0.11075836420059204, 0.121180459856987, 0.13160255551338196, 0.1420246660709381, 0.15244676172733307, 0.16286885738372803, 0.17329096794128418, 0.18371306359767914, 0.1941351592540741]}, "parameters/conv2.weight": {"_type": "histogram", "values": [1.0, 0.0, 0.0, 1.0, 0.0, 1.0, 0.0, 2.0, 2.0, 1.0, 0.0, 0.0, 1.0, 5.0, 4.0, 4.0, 5.0, 4.0, 7.0, 6.0, 9.0, 11.0, 15.0, 12.0, 26.0, 24.0, 29.0, 30.0, 39.0, 37.0, 38.0, 60.0, 67.0, 60.0, 67.0, 74.0, 72.0, 61.0, 68.0, 56.0, 61.0, 45.0, 36.0, 36.0, 19.0, 25.0, 14.0, 16.0, 19.0, 8.0, 7.0, 4.0, 2.0, 0.0, 3.0, 0.0, 1.0, 0.0, 1.0, 3.0, 0.0, 0.0, 0.0, 1.0], "bins": [-0.20979908108711243, -0.20375202596187592, -0.1977049708366394, -0.1916579157114029, -0.18561086058616638, -0.17956380546092987, -0.17351675033569336, -0.16746969521045685, -0.16142264008522034, -0.15537558495998383, -0.14932852983474731, -0.1432814747095108, -0.1372344195842743, -0.13118736445903778, -0.12514030933380127, -0.11909325420856476, -0.11304619908332825, -0.10699914395809174, -0.10095208883285522, -0.09490503370761871, -0.0888579785823822, -0.08281092345714569, -0.07676386833190918, -0.07071681320667267, -0.06466975808143616, -0.058622702956199646, -0.052575647830963135, -0.046528592705726624, -0.04048153758049011, -0.0344344824552536, -0.02838742733001709, -0.02234037220478058, -0.016293302178382874, -0.010246247053146362, -0.004199191927909851, 0.0018478631973266602, 0.007894918322563171, 0.013941973447799683, 0.019989028573036194, 0.026036083698272705, 0.032083138823509216, 0.03813019394874573, 0.04417724907398224, 0.05022430419921875, 0.05627135932445526, 0.06231841444969177, 0.06836546957492828, 0.0744125247001648, 0.0804595798254013, 0.08650663495063782, 0.09255369007587433, 0.09860074520111084, 0.10464780032634735, 0.11069485545158386, 0.11674191057682037, 0.12278896570205688, 0.1288360208272934, 0.1348830759525299, 0.14093013107776642, 0.14697718620300293, 0.15302424132823944, 0.15907129645347595, 0.16511835157871246, 0.17116540670394897, 0.17721246182918549]}, "parameters/conv2.bias": {"_type": "histogram", "values": [1.0, 0.0, 0.0, 0.0, 0.0, 0.0, 0.0, 0.0, 0.0, 0.0, 0.0, 0.0, 0.0, 0.0, 0.0, 0.0, 0.0, 0.0, 0.0, 0.0, 0.0, 0.0, 0.0, 0.0, 0.0, 0.0, 0.0, 0.0, 0.0, 1.0, 0.0, 0.0, 0.0, 0.0, 0.0, 0.0, 0.0, 0.0, 0.0, 0.0, 0.0, 0.0, 0.0, 0.0, 0.0, 0.0, 0.0, 0.0, 0.0, 0.0, 0.0, 0.0, 0.0, 0.0, 0.0, 0.0, 0.0, 0.0, 0.0, 0.0, 0.0, 0.0, 0.0, 1.0], "bins": [-0.2619137763977051, -0.2553479075431824, -0.24878205358982086, -0.24221619963645935, -0.23565033078193665, -0.22908447682857513, -0.22251862287521362, -0.21595275402069092, -0.2093869000673294, -0.2028210461139679, -0.1962551772594452, -0.18968932330608368, -0.18312346935272217, -0.17655760049819946, -0.16999174654483795, -0.16342589259147644, -0.15686002373695374, -0.15029416978359222, -0.14372830092906952, -0.137162446975708, -0.1305965781211853, -0.12403072416782379, -0.11746487021446228, -0.11089900881052017, -0.10433314740657806, -0.09776728600263596, -0.09120142459869385, -0.08463557064533234, -0.07806970924139023, -0.07150384783744812, -0.06493799388408661, -0.0583721324801445, -0.0518062561750412, -0.04524039477109909, -0.03867453709244728, -0.03210867941379547, -0.025542818009853363, -0.018976956605911255, -0.012411098927259445, -0.0058452412486076355, 0.0007206201553344727, 0.007286479696631432, 0.01385233923792839, 0.02041819877922535, 0.02698405832052231, 0.033549919724464417, 0.040115777403116226, 0.046681635081768036, 0.053247496485710144, 0.05981335788965225, 0.06637921929359436, 0.07294507324695587, 0.07951093465089798, 0.08607679605484009, 0.0926426500082016, 0.09920851141214371, 0.10577437281608582, 0.11234023422002792, 0.11890609562397003, 0.12547194957733154, 0.13203781843185425, 0.13860367238521576, 0.14516952633857727, 0.15173539519309998, 0.1583012491464615]}, "gradients/conv2.bias": {"_type": "histogram", "values": [1.0, 0.0, 0.0, 0.0, 0.0, 0.0, 0.0, 0.0, 0.0, 0.0, 0.0, 0.0, 0.0, 0.0, 0.0, 0.0, 0.0, 0.0, 1.0, 0.0, 0.0, 0.0, 0.0, 0.0, 0.0, 0.0, 0.0, 0.0, 0.0, 0.0, 0.0, 0.0, 0.0, 0.0, 0.0, 0.0, 0.0, 0.0, 0.0, 0.0, 0.0, 0.0, 0.0, 0.0, 0.0, 0.0, 0.0, 0.0, 0.0, 0.0, 0.0, 0.0, 0.0, 0.0, 0.0, 0.0, 0.0, 0.0, 0.0, 0.0, 0.0, 0.0, 0.0, 1.0],