{"parameters/conv1.weight": {"_type": "histogram", "values": [1.0, 0.0, 2.0, 5.0, 7.0, 5.0, 8.0, 8.0, 10.0, 8.0, 5.0, 6.0, 10.0, 6.0, 2.0, 4.0, 5.0, 8.0, 11.0, 6.0, 5.0, 9.0, 4.0, 2.0, 12.0, 2.0, 7.0, 4.0, 8.0, 4.0, 13.0, 5.0, 6.0, 6.0, 8.0, 8.0, 8.0, 10.0, 6.0, 9.0, 10.0, 6.0, 7.0, 9.0, 7.0, 6.0, 4.0, 5.0, 7.0, 7.0, 6.0, 6.0, 8.0, 6.0, 5.0, 4.0, 6.0, 7.0, 7.0, 7.0, 7.0, 5.0, 4.0, 1.0], "bins": [-0.22101202607154846, -0.21419547498226166, -0.20737890899181366, -0.20056235790252686, -0.19374579191207886, -0.18692924082279205, -0.18011268973350525, -0.17329612374305725, -0.16647955775260925, -0.15966300666332245, -0.15284644067287445, -0.14602988958358765, -0.13921332359313965, -0.13239677250385284, -0.12558022141456604, -0.11876365542411804, -0.11194710433483124, -0.10513054579496384, -0.09831398725509644, -0.09149743616580963, -0.08468087017536163, -0.07786431908607483, -0.07104776054620743, -0.06423120200634003, -0.057414643466472626, -0.050598084926605225, -0.043781526386737823, -0.03696497157216072, -0.03014841303229332, -0.02333185449242592, -0.016515299677848816, -0.009698741137981415, -0.0028821825981140137, 0.003934375010430813, 0.01075093261897564, 0.01756748929619789, 0.024384047836065292, 0.031200606375932693, 0.038017161190509796, 0.0448337197303772, 0.0516502782702446, 0.058466836810112, 0.0652833953499794, 0.0720999538898468, 0.0789165049791336, 0.0857330709695816, 0.09254962205886841, 0.09936618059873581, 0.10618273913860321, 0.11299929767847061, 0.11981585621833801, 0.12663240730762482, 0.13344897329807281, 0.14026552438735962, 0.14708209037780762, 0.15389864146709442, 0.16071519255638123, 0.16753174364566803, 0.17434830963611603, 0.18116486072540283, 0.18798142671585083, 0.19479797780513763, 0.20161452889442444, 0.20843109488487244, 0.21524766087532043]}, "parameters/conv1.bias": {"_type": "histogram", "values": [1.0, 0.0, 0.0, 0.0, 0.0, 1.0, 0.0, 0.0, 0.0, 0.0, 1.0, 0.0, 1.0, 1.0, 0.0, 0.0, 0.0, 1.0, 0.0, 0.0, 0.0, 0.0, 0.0, 0.0, 1.0, 0.0, 1.0, 0.0, 0.0, 1.0, 0.0, 0.0, 1.0, 0.0, 0.0, 0.0, 2.0, 0.0, 0.0, 0.0, 0.0, 0.0, 0.0, 0.0, 1.0, 0.0, 0.0, 0.0, 0.0, 0.0, 0.0, 0.0, 0.0, 0.0, 0.0, 0.0, 0.0, 1.0, 0.0, 0.0, 0.0, 0.0, 1.0, 1.0], "bins": [-0.1884647160768509, -0.18201616406440735, -0.1755675971508026, -0.16911904513835907, -0.16267049312591553, -0.1562219262123108, -0.14977337419986725, -0.1433248221874237, -0.13687625527381897, -0.13042770326137543, -0.12397914379835129, -0.11753058433532715, -0.11108202487230301, -0.10463346540927887, -0.09818491339683533, -0.09173635393381119, -0.08528780192136765, -0.0788392424583435, -0.07239069044589996, -0.06594213098287582, -0.059493571519851685, -0.053045015782117844, -0.046596460044384, -0.04014790058135986, -0.03369934484362602, -0.027250787243247032, -0.020802229642868042, -0.014353673905134201, -0.007905116304755211, -0.0014565587043762207, 0.00499199703335762, 0.01144055649638176, 0.0178891122341156, 0.02433766983449459, 0.03078622743487358, 0.03723478317260742, 0.04368334263563156, 0.0501318983733654, 0.05658045411109924, 0.06302901357412338, 0.06947757303714752, 0.07592613250017166, 0.0823746845126152, 0.08882324397563934, 0.09527180343866348, 0.10172036290168762, 0.10816891491413116, 0.1146174743771553, 0.12106602638959885, 0.12751458585262299, 0.13396313786506653, 0.14041170477867126, 0.1468602567911148, 0.15330880880355835, 0.15975737571716309, 0.16620592772960663, 0.17265447974205017, 0.1791030317544937, 0.18555159866809845, 0.192000150680542, 0.19844870269298553, 0.20489726960659027, 0.2113458216190338, 0.21779438853263855, 0.2242429405450821]}, "parameters/conv2.weight": {"_type": "histogram", "values": [1.0, 3.0, 3.0, 2.0, 6.0, 5.0, 12.0, 4.0, 14.0, 22.0, 16.0, 22.0, 14.0, 24.0, 15.0, 26.0, 32.0, 29.0, 30.0, 22.0, 16.0, 37.0, 29.0, 22.0, 36.0, 25.0, 24.0, 27.0, 37.0, 24.0, 26.0, 27.0, 27.0, 31.0, 25.0, 29.0, 32.0, 34.0, 31.0, 26.0, 26.0, 32.0, 23.0, 24.0, 26.0, 22.0, 24.0, 31.0, 19.0, 22.0, 21.0, 13.0, 11.0, 7.0, 10.0, 6.0, 4.0, 2.0, 1.0, 3.0, 1.0, 2.0, 0.0, 3.0], "bins": [-0.07416635751724243, -0.07174805551767349, -0.06932975351810455, -0.06691145151853561, -0.06449314951896667, -0.06207484379410744, -0.0596565380692482, -0.05723823606967926, -0.05481993407011032, -0.05240163207054138, -0.04998333007097244, -0.047565024346113205, -0.045146722346544266, -0.04272842034697533, -0.04031011462211609, -0.03789181262254715, -0.03547351062297821, -0.03305520862340927, -0.030636904761195183, -0.028218600898981094, -0.025800298899412155, -0.023381996899843216, -0.020963693037629128, -0.01854538917541504, -0.0161270871758461, -0.013708784244954586, -0.011290481314063072, -0.008872178383171558, -0.0064538754522800446, -0.004035572521388531, -0.001617269590497017, 0.0008010342717170715, 0.0032193437218666077, 0.0056376466527581215, 0.008055949583649635, 0.01047425251454115, 0.012892555445432663, 0.015310858376324177, 0.01772916130721569, 0.02014746516942978, 0.022565767168998718, 0.024984069168567657, 0.027402373030781746, 0.029820676892995834, 0.032238978892564774, 0.03465728089213371, 0.03707558661699295, 0.03949388861656189, 0.04191219061613083, 0.04433049261569977, 0.04674879461526871, 0.049167100340127945, 0.051585402339696884, 0.05400370433926582, 0.05642201006412506, 0.058840312063694, 0.06125861406326294, 0.06367691606283188, 0.06609521806240082, 0.06851352006196976, 0.0709318220615387, 0.07335013151168823, 0.07576843351125717, 0.07818673551082611, 0.08060503751039505]}, "parameters/conv2.bias": {"_type": "histogram", "values": [1.0, 0.0, 0.0, 0.0, 0.0, 0.0, 0.0, 0.0, 0.0, 0.0, 0.0, 0.0, 0.0, 1.0, 0.0, 0.0, 0.0, 0.0, 0.0, 0.0, 0.0, 0.0, 0.0, 0.0, 0.0, 0.0, 0.0, 0.0, 0.0, 0.0, 0.0, 0.0, 0.0, 0.0, 0.0, 0.0, 0.0, 0.0, 0.0, 0.0, 0.0, 0.0, 0.0, 0.0, 0.0, 0.0, 0.0, 0.0, 0.0, 0.0, 0.0, 0.0, 0.0, 0.0, 0.0, 0.0, 0.0, 0.0, 0.0, 0.0, 0.0, 0.0, 0.0, 1.0], "bins": [-0.08889665454626083, -0.0862748846411705, -0.08365312218666077, -0.08103135228157043, -0.0784095823764801, -0.07578781992197037, -0.07316605001688004, -0.0705442875623703, -0.06792251765727997, -0.06530074775218964, -0.0626789852976799, -0.06005721539258957, -0.057435449212789536, -0.0548136830329895, -0.05219191312789917, -0.049570146948099136, -0.0469483807682991, -0.04432661458849907, -0.041704848408699036, -0.039083078503608704, -0.03646131232380867, -0.033839546144008636, -0.031217778101563454, -0.02859601005911827, -0.025974243879318237, -0.023352477699518204, -0.02073070965707302, -0.018108941614627838, -0.015487175434827805, -0.012865408323705196, -0.010243641212582588, -0.007621873170137405, -0.005000114440917969, -0.0023783473297953606, 0.00024341978132724762, 0.002865186892449856, 0.005486954003572464, 0.008108721114695072, 0.01073048822581768, 0.013352256268262863, 0.015974022448062897, 0.01859578862786293, 0.021217556670308113, 0.023839324712753296, 0.02646109089255333, 0.029082857072353363, 0.031704626977443695, 0.03432639315724373, 0.03694815933704376, 0.039569925516843796, 0.04219169169664383, 0.04481346160173416, 0.047435227781534195, 0.05005699396133423, 0.05267876386642456, 0.055300530046224594, 0.05792229622602463, 0.06054406240582466, 0.0631658285856247, 0.06578759849071503, 0.06840936839580536, 0.0710311308503151, 0.07365290075540543, 0.07627466320991516, 0.0788964331150055]}, "gradients/conv2.bias": {"_type": "histogram", "values": [1.0, 0.0, 0.0, 0.0, 0.0, 1.0, 0.0, 0.0, 0.0, 0.0, 0.0, 0.0, 0.0, 0.0, 0.0, 0.0, 0.0, 0.0, 0.0, 0.0, 0.0, 0.0, 0.0, 0.0, 0.0, 0.0, 0.0, 0.0, 0.0, 0.0, 0.0, 0.0, 0.0, 0.0, 0.0, 0.0, 0.0, 0.0, 0.0, 0.0, 0.0, 0.0, 0.0, 0.0, 0.0, 0.0, 0.0, 0.0, 0.0, 0.0, 0.0, 0.0, 0.0, 0.0, 0.0, 0.0, 0.0, 0.0, 0.0, 0.0, 0.0, 0.0, 0.0, 1.0],