{"parameters/conv1.weight": {"_type": "histogram", "values": [1.0, 1.0, 3.0, 6.0, 13.0, 8.0, 11.0, 3.0, 4.0, 3.0, 5.0, 5.0, 10.0, 4.0, 5.0, 9.0, 8.0, 2.0, 6.0, 7.0, 6.0, 4.0, 10.0, 7.0, 8.0, 15.0, 7.0, 8.0, 4.0, 9.0, 9.0, 7.0, 7.0, 7.0, 5.0, 3.0, 8.0, 6.0, 5.0, 3.0, 6.0, 5.0, 2.0, 8.0, 12.0, 8.0, 5.0, 9.0, 4.0, 6.0, 7.0, 7.0, 6.0, 8.0, 2.0, 7.0, 6.0, 3.0, 7.0, 8.0, 8.0, 5.0, 3.0, 6.0], "bins": [-0.21713434159755707, -0.2103831171989441, -0.20363187789916992, -0.19688065350055695, -0.19012942910194397, -0.1833781898021698, -0.17662696540355682, -0.16987574100494385, -0.16312450170516968, -0.1563732773065567, -0.14962203800678253, -0.14287081360816956, -0.13611958920955658, -0.1293683648109436, -0.12261712551116943, -0.11586590111255646, -0.10911467671394348, -0.10236344486474991, -0.09561222046613693, -0.08886098861694336, -0.08210976421833038, -0.07535853236913681, -0.06860730051994324, -0.06185607239603996, -0.05510484427213669, -0.048353616148233414, -0.04160238802433014, -0.034851156175136566, -0.02809992805123329, -0.021348699927330017, -0.014597468078136444, -0.00784623995423317, -0.0010949969291687012, 0.005656232126057148, 0.012407461181282997, 0.01915869116783142, 0.025909919291734695, 0.03266114741563797, 0.03941237926483154, 0.04616360738873482, 0.05291483551263809, 0.05966606363654137, 0.06641729176044464, 0.07316852360963821, 0.07991975545883179, 0.08667097985744476, 0.09342221170663834, 0.10017344355583191, 0.10692466795444489, 0.11367589980363846, 0.12042712420225143, 0.127178356051445, 0.13392958045005798, 0.14068081974983215, 0.14743204414844513, 0.1541832685470581, 0.16093450784683228, 0.16768573224544525, 0.17443697154521942, 0.1811881959438324, 0.18793942034244537, 0.19469064474105835, 0.20144188404083252, 0.2081931084394455, 0.21494433283805847]}, "parameters/conv1.bias": {"_type": "histogram", "values": [1.0, 0.0, 1.0, 0.0, 0.0, 0.0, 2.0, 0.0, 0.0, 1.0, 0.0, 0.0, 0.0, 0.0, 0.0, 1.0, 0.0, 0.0, 0.0, 0.0, 2.0, 0.0, 0.0, 0.0, 0.0, 0.0, 0.0, 1.0, 0.0, 1.0, 0.0, 0.0, 0.0, 1.0, 0.0, 0.0, 0.0, 1.0, 1.0, 0.0, 0.0, 0.0, 0.0, 0.0, 0.0, 0.0, 0.0, 0.0, 0.0, 0.0, 0.0, 0.0, 0.0, 0.0, 0.0, 0.0, 0.0, 1.0, 0.0, 0.0, 1.0, 0.0, 0.0, 1.0], "bins": [-0.18577717244625092, -0.17918725311756134, -0.17259731888771057, -0.166007399559021, -0.15941748023033142, -0.15282756090164185, -0.14623764157295227, -0.1396477073431015, -0.13305778801441193, -0.12646786868572235, -0.11987794190645218, -0.113288015127182, -0.10669809579849243, -0.10010817646980286, -0.09351824969053268, -0.08692832291126251, -0.08033840358257294, -0.07374848425388336, -0.06715855747461319, -0.060568634420633316, -0.05397871136665344, -0.04738878831267357, -0.040798865258693695, -0.03420894220471382, -0.027619019150733948, -0.021029096096754074, -0.0144391730427742, -0.007849249988794327, -0.0012593269348144531, 0.0053305961191654205, 0.011920519173145294, 0.018510442227125168, 0.02510036528110504, 0.031690288335084915, 0.03828021138906479, 0.04487013444304466, 0.051460057497024536, 0.05804998055100441, 0.06463990360498428, 0.07122983038425446, 0.07781974971294403, 0.0844096690416336, 0.09099959582090378, 0.09758952260017395, 0.10417944192886353, 0.1107693612575531, 0.11735928803682327, 0.12394921481609344, 0.13053913414478302, 0.1371290534734726, 0.14371898770332336, 0.15030890703201294, 0.15689882636070251, 0.1634887456893921, 0.17007866501808167, 0.17666859924793243, 0.183258518576622, 0.18984843790531158, 0.19643837213516235, 0.20302829146385193, 0.2096182107925415, 0.21620813012123108, 0.22279804944992065, 0.22938798367977142, 0.235977903008461]}, "parameters/conv2.weight": {"_type": "histogram", "values": [1.0, 2.0, 2.0, 0.0, 3.0, 0.0, 4.0, 2.0, 4.0, 5.0, 8.0, 14.0, 13.0, 12.0, 15.0, 29.0, 23.0, 30.0, 27.0, 18.0, 27.0, 27.0, 31.0, 31.0, 22.0, 50.0, 32.0, 30.0, 33.0, 26.0, 30.0, 44.0, 32.0, 30.0, 23.0, 34.0, 24.0, 27.0, 36.0, 33.0, 35.0, 26.0, 33.0, 22.0, 24.0, 39.0, 20.0, 25.0, 29.0, 19.0, 23.0, 11.0, 12.0, 13.0, 10.0, 11.0, 3.0, 0.0, 2.0, 4.0, 2.0, 1.0, 1.0, 1.0], "bins": [-0.08567387610673904, -0.08302381634712219, -0.08037375658750534, -0.07772369682788849, -0.07507363706827164, -0.07242357730865479, -0.06977352499961853, -0.06712346524000168, -0.06447340548038483, -0.061823345720767975, -0.05917328596115112, -0.05652322620153427, -0.05387317016720772, -0.051223110407590866, -0.048573050647974014, -0.04592299461364746, -0.04327293112874031, -0.04062287136912346, -0.03797281160950661, -0.035322755575180054, -0.0326726958155632, -0.03002263605594635, -0.0273725762963295, -0.024722518399357796, -0.022072458639740944, -0.019422398880124092, -0.01677234098315239, -0.014122281223535538, -0.01147222239524126, -0.008822163566946983, -0.0061721038073301315, -0.003522045910358429, -0.0008719861507415771, 0.0017780729103833437, 0.0044281319715082645, 0.007078191265463829, 0.009728250093758106, 0.012378308922052383, 0.015028368681669235, 0.017678426578640938, 0.02032848633825779, 0.02297854609787464, 0.025628603994846344, 0.028278663754463196, 0.030928723514080048, 0.0335787832736969, 0.03622884303331375, 0.038878899067640305, 0.041528958827257156, 0.04417901858687401, 0.04682907834649086, 0.04947913438081741, 0.052129194140434265, 0.05477925390005112, 0.05742931365966797, 0.06007937341928482, 0.06272943317890167, 0.06537949293851852, 0.06802955269813538, 0.07067961245775223, 0.07332967221736908, 0.07597972452640533, 0.07862979173660278, 0.08127984404563904, 0.08392990380525589]}, "parameters/conv2.bias": {"_type": "histogram", "values": [1.0, 0.0, 0.0, 0.0, 0.0, 0.0, 0.0, 0.0, 0.0, 0.0, 0.0, 0.0, 1.0, 0.0, 0.0, 0.0, 0.0, 0.0, 0.0, 0.0, 0.0, 0.0, 0.0, 0.0, 0.0, 0.0, 0.0, 0.0, 0.0, 0.0, 0.0, 0.0, 0.0, 0.0, 0.0, 0.0, 0.0, 0.0, 0.0, 0.0, 0.0, 0.0, 0.0, 0.0, 0.0, 0.0, 0.0, 0.0, 0.0, 0.0, 0.0, 0.0, 0.0, 0.0, 0.0, 0.0, 0.0, 0.0, 0.0, 0.0, 0.0, 0.0, 0.0, 1.0], "bins": [-0.0918000116944313, -0.08841551840305328, -0.08503101766109467, -0.08164652436971664, -0.07826203107833862, -0.07487753033638, -0.07149303704500198, -0.06810854375362396, -0.06472405046224594, -0.06133955344557762, -0.0579550601541996, -0.05457056313753128, -0.05118606984615326, -0.04780157282948494, -0.04441707581281662, -0.0410325825214386, -0.03764808550477028, -0.03426358848810196, -0.030879095196723938, -0.02749459818005562, -0.024110104888677597, -0.020725607872009277, -0.017341112717986107, -0.013956617563962936, -0.010572122409939766, -0.0071876272559165955, -0.0038031316362321377, -0.0004186360165476799, 0.0029658591374754906, 0.006350355222821236, 0.009734850376844406, 0.013119345530867577, 0.016503840684890747, 0.019888335838913918, 0.023272830992937088, 0.026657328009605408, 0.03004182130098343, 0.03342631831765175, 0.03681081533432007, 0.04019530862569809, 0.04357980191707611, 0.04696429893374443, 0.05034879222512245, 0.05373328924179077, 0.05711778253316879, 0.06050227954983711, 0.06388677656650543, 0.06727126985788345, 0.07065576314926147, 0.0740402564406395, 0.07742475718259811, 0.08080925047397614, 0.08419374376535416, 0.08757823705673218, 0.0909627377986908, 0.09434723109006882, 0.09773173183202744, 0.10111622512340546, 0.10450072586536407, 0.1078852191567421, 0.11126971244812012, 0.11465421319007874, 0.11803870648145676, 0.12142319977283478, 0.1248076930642128]}, "gradients/conv2.bias": {"_type": "histogram", "values": [1.0, 0.0, 0.0, 0.0, 0.0, 0.0, 0.0, 0.0, 0.0, 0.0, 0.0, 0.0, 0.0, 0.0, 0.0, 0.0, 0.0, 0.0, 0.0, 0.0, 0.0, 0.0, 0.0, 0.0, 0.0, 0.0, 0.0, 0.0, 0.0, 0.0, 0.0, 0.0, 0.0, 0.0, 0.0, 0.0, 0.0, 0.0, 0.0, 0.0, 0.0, 0.0, 0.0, 0.0, 0.0, 0.0, 0.0, 0.0, 0.0, 0.0, 0.0, 0.0, 0.0, 0.0, 0.0, 0.0, 0.0, 0.0, 0.0, 0.0, 0.0, 0.0, 1.0, 1.0],