{"parameters/conv1.weight": {"_type": "histogram", "values": [3.0, 2.0, 4.0, 8.0, 6.0, 11.0, 5.0, 6.0, 9.0, 4.0, 6.0, 5.0, 4.0, 3.0, 9.0, 6.0, 13.0, 6.0, 9.0, 4.0, 6.0, 9.0, 4.0, 5.0, 7.0, 9.0, 5.0, 11.0, 11.0, 9.0, 7.0, 5.0, 6.0, 0.0, 11.0, 6.0, 5.0, 3.0, 7.0, 6.0, 5.0, 1.0, 7.0, 12.0, 7.0, 6.0, 6.0, 3.0, 4.0, 8.0, 10.0, 5.0, 8.0, 12.0, 6.0, 9.0, 7.0, 2.0, 3.0, 7.0, 4.0, 1.0, 6.0, 6.0], "bins": [-0.2125525027513504, -0.20604389905929565, -0.1995352953672409, -0.19302669167518616, -0.1865181028842926, -0.18000948429107666, -0.1735008955001831, -0.16699229180812836, -0.1604836881160736, -0.15397508442401886, -0.1474664807319641, -0.14095787703990936, -0.13444927334785461, -0.12794068455696106, -0.12143208086490631, -0.11492347717285156, -0.10841487348079681, -0.10190626978874207, -0.09539766609668732, -0.08888906985521317, -0.08238046616315842, -0.07587186247110367, -0.06936326622962952, -0.06285466253757477, -0.05634605884552002, -0.04983745515346527, -0.04332885518670082, -0.03682025521993637, -0.030311651527881622, -0.023803047835826874, -0.017294447869062424, -0.010785847902297974, -0.004277244210243225, 0.002231357619166374, 0.008739959448575974, 0.015248561277985573, 0.021757163107395172, 0.02826576679944992, 0.03477436676621437, 0.04128296673297882, 0.04779157042503357, 0.05430017411708832, 0.06080877408385277, 0.06731737405061722, 0.07382597774267197, 0.08033458143472672, 0.08684317767620087, 0.09335178136825562, 0.09986038506031036, 0.10636898875236511, 0.11287759244441986, 0.11938618868589401, 0.12589478492736816, 0.1324034035205841, 0.13891199231147766, 0.1454205960035324, 0.15192919969558716, 0.1584378033876419, 0.16494640707969666, 0.1714550107717514, 0.17796361446380615, 0.1844722032546997, 0.19098080694675446, 0.1974894106388092, 0.20399801433086395]}, "parameters/conv1.bias": {"_type": "histogram", "values": [1.0, 0.0, 0.0, 1.0, 1.0, 1.0, 0.0, 0.0, 0.0, 0.0, 0.0, 1.0, 0.0, 1.0, 0.0, 0.0, 0.0, 0.0, 0.0, 0.0, 0.0, 0.0, 1.0, 0.0, 0.0, 1.0, 0.0, 0.0, 1.0, 1.0, 0.0, 0.0, 0.0, 1.0, 1.0, 0.0, 0.0, 0.0, 0.0, 0.0, 0.0, 0.0, 0.0, 0.0, 1.0, 0.0, 0.0, 0.0, 0.0, 0.0, 0.0, 0.0, 1.0, 0.0, 0.0, 0.0, 0.0, 0.0, 1.0, 0.0, 0.0, 0.0, 0.0, 1.0], "bins": [-0.21452662348747253, -0.20742151141166687, -0.2003163844347, -0.19321127235889435, -0.18610616028308868, -0.17900103330612183, -0.17189592123031616, -0.1647908091545105, -0.15768569707870483, -0.15058058500289917, -0.1434754580259323, -0.13637034595012665, -0.12926523387432098, -0.12216011434793472, -0.11505499482154846, -0.1079498827457428, -0.10084475576877594, -0.09373963624238968, -0.08663452416658401, -0.07952940464019775, -0.07242429256439209, -0.06531917303800583, -0.05821405351161957, -0.051108937710523605, -0.04400382190942764, -0.03689870610833168, -0.02979358844459057, -0.022688470780849457, -0.015583354979753494, -0.008478239178657532, -0.0013731196522712708, 0.005731996148824692, 0.012837111949920654, 0.019942227751016617, 0.02704734541475773, 0.03415246307849884, 0.0412575788795948, 0.048362694680690765, 0.055467814207077026, 0.06257292628288269, 0.06967804580926895, 0.07678316533565521, 0.08388827741146088, 0.09099339693784714, 0.0980985164642334, 0.10520362854003906, 0.11230874806642532, 0.11941386759281158, 0.12651897966861725, 0.1336240917444229, 0.14072921872138977, 0.14783433079719543, 0.1549394428730011, 0.16204455494880676, 0.16914968192577362, 0.17625479400157928, 0.18335992097854614, 0.1904650330543518, 0.19757016003131866, 0.20467527210712433, 0.21178038418293, 0.21888551115989685, 0.22599062323570251, 0.23309573531150818, 0.24020084738731384]}, "parameters/conv2.weight": {"_type": "histogram", "values": [1.0, 1.0, 0.0, 1.0, 4.0, 5.0, 7.0, 11.0, 13.0, 12.0, 14.0, 21.0, 14.0, 21.0, 22.0, 19.0, 23.0, 26.0, 33.0, 23.0, 32.0, 34.0, 32.0, 31.0, 34.0, 26.0, 37.0, 48.0, 32.0, 30.0, 23.0, 33.0, 36.0, 26.0, 23.0, 31.0, 35.0, 31.0, 27.0, 34.0, 25.0, 30.0, 30.0, 23.0, 18.0, 22.0, 28.0, 16.0, 19.0, 20.0, 12.0, 8.0, 12.0, 7.0, 6.0, 1.0, 5.0, 2.0, 3.0, 1.0, 2.0, 1.0, 2.0, 1.0], "bins": [-0.07695670425891876, -0.07445698231458664, -0.07195725291967392, -0.0694575309753418, -0.06695780158042908, -0.06445807963609695, -0.06195835769176483, -0.05945863202214241, -0.05695890635251999, -0.05445918068289757, -0.051959455013275146, -0.049459733068943024, -0.0469600073993206, -0.04446028172969818, -0.04196055978536606, -0.03946083411574364, -0.036961108446121216, -0.034461382776498795, -0.03196165710687637, -0.02946193516254425, -0.02696220949292183, -0.024462483823299408, -0.021962760016322136, -0.019463036209344864, -0.016963310539722443, -0.014463585801422596, -0.01196386106312275, -0.009464136324822903, -0.006964411586523056, -0.004464686848223209, -0.0019649621099233627, 0.0005347616970539093, 0.0030344948172569275, 0.005534219555556774, 0.00803394429385662, 0.010533669032156467, 0.013033393770456314, 0.01553311850875616, 0.018032843247056007, 0.02053256705403328, 0.0230322927236557, 0.025532018393278122, 0.028031742200255394, 0.030531466007232666, 0.03303119167685509, 0.03553091734647751, 0.03803063929080963, 0.04053036496043205, 0.043030090630054474, 0.045529816299676895, 0.048029541969299316, 0.05052926391363144, 0.05302898958325386, 0.05552871525287628, 0.058028437197208405, 0.060528162866830826, 0.06302788853645325, 0.06552761048078537, 0.06802733987569809, 0.07052706182003021, 0.07302679121494293, 0.07552651315927505, 0.07802623510360718, 0.0805259644985199, 0.08302568644285202]}, "parameters/conv2.bias": {"_type": "histogram", "values": [1.0, 0.0, 0.0, 0.0, 0.0, 0.0, 0.0, 0.0, 0.0, 0.0, 0.0, 0.0, 0.0, 0.0, 0.0, 0.0, 0.0, 0.0, 0.0, 0.0, 0.0, 0.0, 0.0, 0.0, 0.0, 0.0, 1.0, 0.0, 0.0, 0.0, 0.0, 0.0, 0.0, 0.0, 0.0, 0.0, 0.0, 0.0, 0.0, 0.0, 0.0, 0.0, 0.0, 0.0, 0.0, 0.0, 0.0, 0.0, 0.0, 0.0, 0.0, 0.0, 0.0, 0.0, 0.0, 0.0, 0.0, 0.0, 0.0, 0.0, 0.0, 0.0, 0.0, 1.0], "bins": [-0.17413266003131866, -0.170633926987648, -0.16713519394397736, -0.1636364609003067, -0.16013772785663605, -0.1566389799118042, -0.15314024686813354, -0.1496415138244629, -0.14614278078079224, -0.14264404773712158, -0.13914531469345093, -0.13564658164978027, -0.13214784860610962, -0.12864911556243896, -0.1251503825187683, -0.12165164202451706, -0.1181529089808464, -0.11465417593717575, -0.1111554428935051, -0.10765670239925385, -0.10415796935558319, -0.10065923631191254, -0.09716050326824188, -0.09366177022457123, -0.09016303718090057, -0.08666430413722992, -0.08316557109355927, -0.07966683804988861, -0.07616809755563736, -0.0726693645119667, -0.06917063146829605, -0.0656718984246254, -0.06217316538095474, -0.05867443233728409, -0.055175695568323135, -0.05167696252465248, -0.04817822575569153, -0.044679492712020874, -0.04118075966835022, -0.037682026624679565, -0.03418328985571861, -0.03068455494940281, -0.027185820043087006, -0.02368708699941635, -0.020188352093100548, -0.016689617186784744, -0.01319088414311409, -0.009692149236798286, -0.006193414330482483, -0.0026946798898279667, 0.0008040545508265495, 0.0043027885258197784, 0.007801523432135582, 0.011300258338451385, 0.01479899138212204, 0.018297726288437843, 0.021796461194753647, 0.02529519610106945, 0.028793931007385254, 0.03229266405105591, 0.03579139709472656, 0.039290133863687515, 0.04278886690735817, 0.04628760367631912, 0.04978633671998978]}, "gradients/conv2.bias": {"_type": "histogram", "values": [1.0, 0.0, 0.0, 0.0, 0.0, 0.0, 0.0, 0.0, 0.0, 0.0, 0.0, 0.0, 0.0, 0.0, 0.0, 1.0, 0.0, 0.0, 0.0, 0.0, 0.0, 0.0, 0.0, 0.0, 0.0, 0.0, 0.0, 0.0, 0.0, 0.0, 0.0, 0.0, 0.0, 0.0, 0.0, 0.0, 0.0, 0.0, 0.0, 0.0, 0.0, 0.0, 0.0, 0.0, 0.0, 0.0, 0.0, 0.0, 0.0, 0.0, 0.0, 0.0, 0.0, 0.0, 0.0, 0.0, 0.0, 0.0, 0.0, 0.0, 0.0, 0.0, 0.0, 1.0],