{"parameters/conv1.weight": {"_type": "histogram", "values": [1.0, 0.0, 1.0, 1.0, 0.0, 1.0, 2.0, 2.0, 3.0, 6.0, 0.0, 10.0, 6.0, 9.0, 12.0, 11.0, 6.0, 7.0, 10.0, 11.0, 9.0, 8.0, 11.0, 9.0, 8.0, 13.0, 7.0, 10.0, 8.0, 9.0, 8.0, 8.0, 7.0, 10.0, 6.0, 7.0, 14.0, 10.0, 8.0, 13.0, 5.0, 8.0, 8.0, 6.0, 11.0, 8.0, 6.0, 12.0, 11.0, 11.0, 5.0, 5.0, 6.0, 2.0, 3.0, 1.0, 4.0, 3.0, 0.0, 0.0, 1.0, 1.0, 0.0, 1.0], "bins": [-0.2946985960006714, -0.28552454710006714, -0.2763505280017853, -0.26717647910118103, -0.25800246000289917, -0.24882842600345612, -0.23965439200401306, -0.2304803431034088, -0.22130632400512695, -0.2121322900056839, -0.20295825600624084, -0.1937842220067978, -0.18461018800735474, -0.17543615400791168, -0.16626212000846863, -0.15708807110786438, -0.14791403710842133, -0.13874000310897827, -0.12956596910953522, -0.12039193511009216, -0.11121790111064911, -0.10204386711120605, -0.0928698256611824, -0.08369579166173935, -0.0745217576622963, -0.06534772366285324, -0.05617368966341019, -0.046999651938676834, -0.03782561793923378, -0.028651583939790726, -0.019477546215057373, -0.010303512215614319, -0.0011294782161712646, 0.008044556714594364, 0.017218591645359993, 0.026392627507448196, 0.03556666150689125, 0.044740695506334305, 0.05391473323106766, 0.06308876723051071, 0.07226280122995377, 0.08143683522939682, 0.09061086922883987, 0.09978491067886353, 0.10895894467830658, 0.11813297867774963, 0.1273070126771927, 0.13648104667663574, 0.1456550806760788, 0.15482911467552185, 0.1640031486749649, 0.17317718267440796, 0.182351216673851, 0.19152525067329407, 0.20069929957389832, 0.20987331867218018, 0.21904736757278442, 0.22822140157222748, 0.23739543557167053, 0.2465694695711136, 0.25574350357055664, 0.2649175524711609, 0.27409157156944275, 0.283265620470047, 0.29243963956832886]}, "parameters/conv1.bias": {"_type": "histogram", "values": [1.0, 0.0, 0.0, 0.0, 1.0, 1.0, 0.0, 0.0, 0.0, 1.0, 0.0, 0.0, 1.0, 0.0, 0.0, 0.0, 2.0, 0.0, 0.0, 0.0, 0.0, 0.0, 0.0, 0.0, 1.0, 0.0, 0.0, 0.0, 0.0, 0.0, 0.0, 1.0, 0.0, 0.0, 0.0, 1.0, 0.0, 0.0, 0.0, 0.0, 0.0, 1.0, 0.0, 0.0, 1.0, 1.0, 0.0, 0.0, 0.0, 0.0, 2.0, 0.0, 0.0, 0.0, 0.0, 0.0, 0.0, 0.0, 0.0, 0.0, 0.0, 0.0, 0.0, 1.0], "bins": [-0.37738946080207825, -0.366818368434906, -0.35624727606773376, -0.3456761837005615, -0.3351050913333893, -0.32453399896621704, -0.3139629364013672, -0.30339181423187256, -0.2928207516670227, -0.28224965929985046, -0.2716785669326782, -0.261107474565506, -0.25053638219833374, -0.2399652898311615, -0.22939421236515045, -0.2188231199979782, -0.20825201272964478, -0.19768092036247253, -0.1871098279953003, -0.17653873562812805, -0.1659676432609558, -0.15539655089378357, -0.14482547342777252, -0.13425438106060028, -0.12368328869342804, -0.1131121963262558, -0.10254110395908356, -0.09197001904249191, -0.08139892667531967, -0.07082783430814743, -0.060256749391555786, -0.049685657024383545, -0.039114564657211304, -0.02854347415268421, -0.01797238364815712, -0.007401295006275177, 0.003169797360897064, 0.013740889728069305, 0.02431197464466095, 0.03488306701183319, 0.04545415937900543, 0.05602525174617767, 0.06659634411334991, 0.07716742902994156, 0.0877385213971138, 0.09830961376428604, 0.10888069868087769, 0.11945179104804993, 0.13002288341522217, 0.1405939757823944, 0.15116506814956665, 0.1617361605167389, 0.17230725288391113, 0.18287834525108337, 0.19344942271709442, 0.20402051508426666, 0.2145916074514389, 0.22516269981861115, 0.2357337921857834, 0.24630486965179443, 0.2568759620189667, 0.2674470543861389, 0.27801814675331116, 0.2885892391204834, 0.29916033148765564]}, "parameters/conv2.weight": {"_type": "histogram", "values": [1.0, 1.0, 0.0, 0.0, 0.0, 1.0, 2.0, 1.0, 6.0, 7.0, 8.0, 8.0, 9.0, 16.0, 24.0, 20.0, 38.0, 46.0, 54.0, 44.0, 46.0, 55.0, 67.0, 70.0, 70.0, 77.0, 77.0, 58.0, 73.0, 59.0, 47.0, 31.0, 40.0, 29.0, 24.0, 20.0, 11.0, 14.0, 9.0, 10.0, 3.0, 7.0, 1.0, 3.0, 2.0, 1.0, 1.0, 2.0, 0.0, 1.0, 1.0, 1.0, 0.0, 1.0, 0.0, 1.0, 0.0, 0.0, 1.0, 0.0, 0.0, 0.0, 0.0, 1.0], "bins": [-0.17062947154045105, -0.1638641059398651, -0.15709875524044037, -0.15033338963985443, -0.1435680240392685, -0.13680267333984375, -0.1300373077392578, -0.12327194213867188, -0.11650658398866653, -0.1097412258386612, -0.10297586023807526, -0.09621050208806992, -0.08944514393806458, -0.08267977833747864, -0.0759144201874733, -0.06914906203746796, -0.06238369643688202, -0.05561833456158638, -0.04885297268629074, -0.0420876145362854, -0.03532225266098976, -0.028556890785694122, -0.021791532635688782, -0.015026170760393143, -0.008260808885097504, -0.0014954479411244392, 0.005269913002848625, 0.012035273015499115, 0.018800634890794754, 0.025565996766090393, 0.032331354916095734, 0.03909671679139137, 0.04586207866668701, 0.05262744054198265, 0.05939280241727829, 0.06615816056728363, 0.07292352616786957, 0.07968888431787491, 0.08645424246788025, 0.09321960806846619, 0.09998496621847153, 0.10675032436847687, 0.1135156899690628, 0.12028104811906815, 0.1270464062690735, 0.13381177186965942, 0.14057713747024536, 0.1473424881696701, 0.15410785377025604, 0.16087321937084198, 0.16763857007026672, 0.17440393567085266, 0.1811693012714386, 0.18793466687202454, 0.19470001757144928, 0.20146538317203522, 0.20823073387145996, 0.2149960994720459, 0.22176145017147064, 0.22852681577205658, 0.23529218137264252, 0.24205753207206726, 0.2488228976726532, 0.25558826327323914, 0.2623536288738251]}, "parameters/conv2.bias": {"_type": "histogram", "values": [1.0, 0.0, 0.0, 0.0, 0.0, 0.0, 0.0, 0.0, 0.0, 0.0, 0.0, 0.0, 0.0, 0.0, 0.0, 0.0, 0.0, 0.0, 0.0, 0.0, 0.0, 0.0, 0.0, 0.0, 0.0, 0.0, 0.0, 1.0, 0.0, 0.0, 0.0, 0.0, 0.0, 0.0, 0.0, 0.0, 0.0, 0.0, 0.0, 0.0, 0.0, 0.0, 0.0, 0.0, 0.0, 0.0, 0.0, 0.0, 0.0, 0.0, 0.0, 0.0, 0.0, 0.0, 0.0, 0.0, 0.0, 0.0, 0.0, 0.0, 0.0, 0.0, 0.0, 1.0], "bins": [-0.3312714695930481, -0.32397159934043884, -0.3166717290878296, -0.30937185883522034, -0.3020719885826111, -0.29477211833000183, -0.2874722480773926, -0.2801723778247833, -0.2728725075721741, -0.2655726373195648, -0.25827276706695557, -0.2509728968143463, -0.24367302656173706, -0.2363731563091278, -0.22907328605651855, -0.2217734158039093, -0.21447354555130005, -0.2071736752986908, -0.19987380504608154, -0.1925739347934723, -0.18527406454086304, -0.17797419428825378, -0.17067432403564453, -0.16337445378303528, -0.15607456862926483, -0.14877469837665558, -0.14147482812404633, -0.13417495787143707, -0.12687508761882782, -0.11957521736621857, -0.11227534711360931, -0.10497547686100006, -0.09767560660839081, -0.09037573635578156, -0.0830758661031723, -0.07577599585056305, -0.0684761255979538, -0.061176251620054245, -0.05387638136744499, -0.04657651111483574, -0.039276640862226486, -0.03197677060961723, -0.02467690035700798, -0.017377028241753578, -0.010077157989144325, -0.002777285873889923, 0.00452258437871933, 0.011822454631328583, 0.019122324883937836, 0.02642219513654709, 0.03372206538915634, 0.041021935641765594, 0.04832180589437485, 0.0556216798722744, 0.06292155385017395, 0.0702214241027832, 0.07752129435539246, 0.08482116460800171, 0.09212103486061096, 0.09942090511322021, 0.10672077536582947, 0.11402064561843872, 0.12132051587104797, 0.12862038612365723, 0.13592025637626648]}, "gradients/conv2.bias": {"_type": "histogram", "values": [1.0, 0.0, 0.0, 0.0, 0.0, 0.0, 0.0, 0.0, 0.0, 0.0, 0.0, 0.0, 0.0, 0.0, 0.0, 0.0, 0.0, 0.0, 0.0, 0.0, 0.0, 0.0, 0.0, 0.0, 0.0, 0.0, 0.0, 0.0, 0.0, 0.0, 0.0, 0.0, 0.0, 0.0, 0.0, 0.0, 0.0, 0.0, 0.0, 0.0, 0.0, 0.0, 0.0, 1.0, 0.0, 0.0, 0.0, 0.0, 0.0, 0.0, 0.0, 0.0, 0.0, 0.0, 0.0, 0.0, 0.0, 0.0, 0.0, 0.0, 0.0, 0.0, 0.0, 1.0],