{"parameters/conv1.weight": {"_type": "histogram", "values": [3.0, 3.0, 3.0, 1.0, 1.0, 2.0, 2.0, 5.0, 4.0, 11.0, 3.0, 3.0, 1.0, 2.0, 5.0, 2.0, 3.0, 3.0, 2.0, 6.0, 4.0, 8.0, 3.0, 4.0, 5.0, 0.0, 8.0, 1.0, 1.0, 3.0, 2.0, 5.0, 5.0, 6.0, 1.0, 3.0, 0.0, 2.0, 3.0, 3.0, 2.0, 2.0, 3.0, 3.0, 1.0, 1.0, 2.0, 4.0, 6.0, 2.0, 2.0, 6.0, 4.0, 4.0, 7.0, 4.0, 2.0, 6.0, 3.0, 0.0, 1.0, 0.0, 0.0, 3.0], "bins": [-0.20452116429805756, -0.19791559875011444, -0.19131003320217133, -0.18470445275306702, -0.1780988872051239, -0.1714933216571808, -0.16488775610923767, -0.15828219056129456, -0.15167661011219025, -0.14507104456424713, -0.13846547901630402, -0.1318598985671997, -0.1252543330192566, -0.11864876747131348, -0.11204320192337036, -0.10543762892484665, -0.09883206337690353, -0.09222649782896042, -0.0856209248304367, -0.07901535928249359, -0.07240978628396988, -0.06580422073602676, -0.05919865146279335, -0.052593082189559937, -0.04598751291632652, -0.03938194364309311, -0.032776374369859695, -0.02617080695927143, -0.019565237686038017, -0.012959670275449753, -0.006354101002216339, 0.0002514682710170746, 0.006857037544250488, 0.013462606817483902, 0.020068176090717316, 0.02667374350130558, 0.03327931463718414, 0.03988488018512726, 0.04649044945836067, 0.053096018731594086, 0.0597015880048275, 0.06630715727806091, 0.07291272282600403, 0.07951829582452774, 0.08612386137247086, 0.09272943437099457, 0.09933499991893768, 0.1059405654668808, 0.11254613846540451, 0.11915170401334763, 0.12575727701187134, 0.13236284255981445, 0.13896840810775757, 0.14557397365570068, 0.152179554104805, 0.1587851196527481, 0.16539068520069122, 0.17199625074863434, 0.17860181629657745, 0.18520739674568176, 0.19181296229362488, 0.198418527841568, 0.2050240933895111, 0.21162965893745422, 0.21823523938655853]}, "parameters/conv1.bias": {"_type": "histogram", "values": [1.0, 0.0, 0.0, 0.0, 0.0, 0.0, 0.0, 0.0, 1.0, 1.0, 0.0, 0.0, 0.0, 0.0, 0.0, 0.0, 0.0, 0.0, 0.0, 0.0, 0.0, 0.0, 0.0, 0.0, 0.0, 0.0, 0.0, 1.0, 1.0, 0.0, 0.0, 0.0, 0.0, 0.0, 0.0, 0.0, 1.0, 0.0, 0.0, 0.0, 0.0, 0.0, 0.0, 0.0, 0.0, 0.0, 0.0, 0.0, 0.0, 0.0, 0.0, 0.0, 0.0, 0.0, 0.0, 1.0, 0.0, 0.0, 0.0, 0.0, 0.0, 0.0, 0.0, 1.0], "bins": [-0.18923918902873993, -0.18180683255195618, -0.17437449097633362, -0.16694213449954987, -0.1595097780227661, -0.15207743644714355, -0.1446450799703598, -0.13721272349357605, -0.1297803819179535, -0.12234803289175034, -0.11491567641496658, -0.10748332738876343, -0.10005097091197968, -0.09261862188577652, -0.08518627285957336, -0.07775391638278961, -0.07032155990600586, -0.0628892108798027, -0.05545685440301895, -0.048024505376815796, -0.04059215262532234, -0.03315979987382889, -0.025727450847625732, -0.01829509809613228, -0.010862745344638824, -0.003430393524467945, 0.004001958295702934, 0.011434309184551239, 0.018866661936044693, 0.026299014687538147, 0.0337313637137413, 0.041163716465234756, 0.048596084117889404, 0.05602843686938286, 0.06346078962087631, 0.07089313864707947, 0.07832549512386322, 0.08575784415006638, 0.09319019317626953, 0.10062254965305328, 0.10805489867925644, 0.1154872477054596, 0.12291960418224335, 0.1303519606590271, 0.13778430223464966, 0.1452166587114334, 0.15264901518821716, 0.16008135676383972, 0.16751371324062347, 0.17494606971740723, 0.18237841129302979, 0.18981076776981354, 0.1972431242465973, 0.20467546582221985, 0.2121078222990036, 0.21954017877578735, 0.2269725203514099, 0.23440487682819366, 0.24183721840381622, 0.24926957488059998, 0.25670191645622253, 0.2641342878341675, 0.27156662940979004, 0.2789989709854126, 0.28643134236335754]}, "parameters/conv2.weight": {"_type": "histogram", "values": [1.0, 1.0, 0.0, 0.0, 0.0, 3.0, 3.0, 7.0, 4.0, 10.0, 11.0, 7.0, 12.0, 14.0, 14.0, 7.0, 13.0, 11.0, 22.0, 12.0, 21.0, 14.0, 16.0, 12.0, 13.0, 15.0, 7.0, 17.0, 15.0, 15.0, 19.0, 16.0, 14.0, 14.0, 11.0, 26.0, 16.0, 11.0, 19.0, 17.0, 12.0, 20.0, 12.0, 11.0, 11.0, 6.0, 9.0, 10.0, 11.0, 8.0, 8.0, 3.0, 2.0, 3.0, 5.0, 3.0, 1.0, 3.0, 0.0, 1.0, 0.0, 0.0, 0.0, 1.0], "bins": [-0.10747497528791428, -0.10386879742145538, -0.10026261955499649, -0.0966564416885376, -0.0930502638220787, -0.08944408595561981, -0.08583790808916092, -0.08223173022270203, -0.07862555235624313, -0.07501937448978424, -0.07141319662332535, -0.06780701875686646, -0.06420084089040756, -0.06059466302394867, -0.05698848515748978, -0.053382307291030884, -0.04977612942457199, -0.0461699515581131, -0.042563773691654205, -0.03895759582519531, -0.03535141795873642, -0.03174524009227753, -0.028139062225818634, -0.02453288435935974, -0.02092670649290085, -0.017320528626441956, -0.013714350759983063, -0.01010817289352417, -0.006501995027065277, -0.0028958171606063843, 0.0007103607058525085, 0.004316538572311401, 0.007922708988189697, 0.01152888685464859, 0.015135064721107483, 0.018741242587566376, 0.02234742045402527, 0.02595359832048416, 0.029559776186943054, 0.03316595405340195, 0.03677213191986084, 0.04037830978631973, 0.043984487652778625, 0.04759066551923752, 0.05119684338569641, 0.054803021252155304, 0.0584091991186142, 0.06201537698507309, 0.06562155485153198, 0.06922773271799088, 0.07283391058444977, 0.07644008845090866, 0.08004626631736755, 0.08365244418382645, 0.08725862205028534, 0.09086479991674423, 0.09447097778320312, 0.09807715564966202, 0.10168333351612091, 0.1052895113825798, 0.1088956892490387, 0.11250186711549759, 0.11610804498195648, 0.11971422284841537, 0.12332040071487427]}, "parameters/conv2.bias": {"_type": "histogram", "values": [1.0, 0.0, 0.0, 0.0, 0.0, 0.0, 0.0, 0.0, 0.0, 0.0, 0.0, 0.0, 0.0, 0.0, 0.0, 0.0, 0.0, 0.0, 0.0, 0.0, 1.0, 0.0, 0.0, 0.0, 0.0, 0.0, 0.0, 0.0, 0.0, 0.0, 0.0, 0.0, 0.0, 0.0, 0.0, 0.0, 0.0, 0.0, 0.0, 0.0, 0.0, 0.0, 0.0, 0.0, 0.0, 0.0, 0.0, 0.0, 0.0, 0.0, 0.0, 0.0, 0.0, 0.0, 0.0, 0.0, 0.0, 0.0, 0.0, 0.0, 0.0, 0.0, 0.0, 1.0], "bins": [-0.1797863394021988, -0.1741485893726349, -0.16851083934307098, -0.16287308931350708, -0.15723533928394318, -0.15159758925437927, -0.14595983922481537, -0.14032208919525146, -0.13468433916568756, -0.12904658913612366, -0.12340883910655975, -0.11777108907699585, -0.11213333904743195, -0.10649558901786804, -0.10085783898830414, -0.09522008895874023, -0.08958233892917633, -0.08394458889961243, -0.07830683887004852, -0.07266908884048462, -0.06703133881092072, -0.06139358878135681, -0.05575583875179291, -0.050118088722229004, -0.0444803386926651, -0.038842588663101196, -0.03320483863353729, -0.02756708860397339, -0.021929338574409485, -0.01629158854484558, -0.010653838515281677, -0.0050160884857177734, 0.0006216615438461304, 0.006259411573410034, 0.011897161602973938, 0.017534911632537842, 0.023172661662101746, 0.02881041169166565, 0.03444816172122955, 0.04008591175079346, 0.04572366178035736, 0.051361411809921265, 0.05699916183948517, 0.06263691186904907, 0.06827466189861298, 0.07391241192817688, 0.07955016195774078, 0.08518791198730469, 0.09082566201686859, 0.0964634120464325, 0.1021011620759964, 0.1077389121055603, 0.1133766621351242, 0.11901441216468811, 0.12465216219425201, 0.13028991222381592, 0.13592766225337982, 0.14156541228294373, 0.14720316231250763, 0.15284091234207153, 0.15847866237163544, 0.16411641240119934, 0.16975416243076324, 0.17539191246032715, 0.18102966248989105]}, "gradients/conv2.bias": {"_type": "histogram", "values": [1.0, 0.0, 0.0, 0.0, 0.0, 0.0, 0.0, 0.0, 0.0, 0.0, 0.0, 0.0, 0.0, 0.0, 0.0, 0.0, 0.0, 0.0, 0.0, 0.0, 0.0, 0.0, 0.0, 0.0, 0.0, 0.0, 0.0, 0.0, 0.0, 0.0, 0.0, 0.0, 0.0, 0.0, 0.0, 0.0, 0.0, 0.0, 0.0, 0.0, 0.0, 0.0, 0.0, 0.0, 0.0, 0.0, 0.0, 0.0, 0.0, 0.0, 0.0, 0.0, 0.0, 0.0, 0.0, 0.0, 0.0, 0.0, 0.0, 1.0, 0.0, 0.0, 0.0, 1.0],