{"parameters/conv1.weight": {"_type": "histogram", "values": [1.0, 0.0, 0.0, 0.0, 0.0, 1.0, 0.0, 1.0, 0.0, 2.0, 1.0, 4.0, 1.0, 2.0, 3.0, 7.0, 5.0, 7.0, 10.0, 2.0, 14.0, 10.0, 7.0, 12.0, 8.0, 8.0, 8.0, 5.0, 5.0, 16.0, 8.0, 14.0, 8.0, 9.0, 11.0, 10.0, 8.0, 13.0, 5.0, 10.0, 8.0, 13.0, 11.0, 14.0, 11.0, 4.0, 8.0, 13.0, 14.0, 10.0, 6.0, 11.0, 6.0, 6.0, 5.0, 5.0, 5.0, 6.0, 1.0, 4.0, 1.0, 0.0, 1.0, 1.0], "bins": [-0.35670968890190125, -0.34672585129737854, -0.33674198389053345, -0.32675814628601074, -0.31677430868148804, -0.30679047107696533, -0.2968066334724426, -0.28682276606559753, -0.27683892846107483, -0.2668550908565521, -0.25687122344970703, -0.24688738584518433, -0.23690354824066162, -0.22691971063613892, -0.21693585813045502, -0.20695200562477112, -0.1969681680202484, -0.1869843304157257, -0.1770004779100418, -0.1670166254043579, -0.1570327877998352, -0.1470489501953125, -0.1370650976896286, -0.1270812451839447, -0.117097407579422, -0.1071135625243187, -0.0971297174692154, -0.08714587241411209, -0.07716202735900879, -0.06717818230390549, -0.057194337248802185, -0.04721049219369888, -0.03722664713859558, -0.02724280208349228, -0.017258957028388977, -0.007275111973285675, 0.002708733081817627, 0.012692578136920929, 0.02267642319202423, 0.03266026824712753, 0.042644113302230835, 0.05262795835733414, 0.06261180341243744, 0.07259564846754074, 0.08257949352264404, 0.09256333857774734, 0.10254718363285065, 0.11253102868795395, 0.12251487374305725, 0.13249871134757996, 0.14248256385326385, 0.15246641635894775, 0.16245025396347046, 0.17243409156799316, 0.18241794407367706, 0.19240179657936096, 0.20238563418388367, 0.21236947178840637, 0.22235332429409027, 0.23233717679977417, 0.24232101440429688, 0.2523048520088196, 0.2622886896133423, 0.2722725570201874, 0.2822563946247101]}, "parameters/conv1.bias": {"_type": "histogram", "values": [1.0, 0.0, 0.0, 0.0, 0.0, 1.0, 1.0, 0.0, 0.0, 0.0, 0.0, 0.0, 0.0, 0.0, 0.0, 0.0, 1.0, 0.0, 0.0, 0.0, 0.0, 0.0, 0.0, 0.0, 0.0, 0.0, 0.0, 0.0, 0.0, 0.0, 0.0, 0.0, 1.0, 0.0, 0.0, 1.0, 1.0, 1.0, 0.0, 0.0, 0.0, 0.0, 0.0, 0.0, 0.0, 2.0, 0.0, 0.0, 0.0, 0.0, 0.0, 0.0, 0.0, 0.0, 1.0, 0.0, 1.0, 0.0, 0.0, 0.0, 2.0, 0.0, 0.0, 2.0], "bins": [-0.410371869802475, -0.40120983123779297, -0.3920477628707886, -0.38288572430610657, -0.3737236559391022, -0.36456161737442017, -0.35539954900741577, -0.34623751044273376, -0.33707544207572937, -0.32791340351104736, -0.31875133514404297, -0.30958929657936096, -0.30042722821235657, -0.29126518964767456, -0.28210312128067017, -0.27294108271598816, -0.26377904415130615, -0.25461700558662415, -0.24545493721961975, -0.23629288375377655, -0.22713083028793335, -0.21796877682209015, -0.20880672335624695, -0.19964468479156494, -0.19048261642456055, -0.18132056295871735, -0.17215850949287415, -0.16299645602703094, -0.15383440256118774, -0.14467234909534454, -0.13551029562950134, -0.12634825706481934, -0.11718618869781494, -0.10802413523197174, -0.09886208176612854, -0.08970002830028534, -0.08053797483444214, -0.07137592136859894, -0.062213875353336334, -0.053051821887493134, -0.04388976842164993, -0.03472771495580673, -0.02556566335260868, -0.01640361174941063, -0.007241558283567429, 0.001920495182275772, 0.011082544922828674, 0.020244598388671875, 0.029406651854515076, 0.038568705320358276, 0.04773075878620148, 0.05689280852675438, 0.06605486571788788, 0.07521691918373108, 0.08437896519899368, 0.09354101866483688, 0.10270307213068008, 0.11186512559652328, 0.12102717906236649, 0.1301892250776291, 0.1393512785434723, 0.1485133320093155, 0.1576753854751587, 0.1668374389410019, 0.1759994924068451]}, "parameters/conv2.weight": {"_type": "histogram", "values": [2.0, 0.0, 1.0, 0.0, 1.0, 0.0, 3.0, 1.0, 0.0, 0.0, 1.0, 4.0, 8.0, 4.0, 6.0, 5.0, 6.0, 9.0, 9.0, 9.0, 16.0, 17.0, 28.0, 22.0, 19.0, 35.0, 27.0, 47.0, 42.0, 40.0, 57.0, 56.0, 52.0, 53.0, 50.0, 73.0, 55.0, 48.0, 58.0, 58.0, 40.0, 41.0, 40.0, 32.0, 22.0, 30.0, 16.0, 15.0, 8.0, 10.0, 5.0, 4.0, 8.0, 1.0, 0.0, 2.0, 2.0, 0.0, 0.0, 0.0, 0.0, 0.0, 1.0, 1.0], "bins": [-0.1907726526260376, -0.18512296676635742, -0.17947326600551605, -0.17382356524467468, -0.1681738793849945, -0.16252419352531433, -0.15687449276447296, -0.1512247920036316, -0.14557510614395142, -0.13992542028427124, -0.13427571952342987, -0.1286260187625885, -0.12297633290290833, -0.11732663959264755, -0.11167694628238678, -0.10602725297212601, -0.10037755966186523, -0.09472786635160446, -0.08907817304134369, -0.08342847973108292, -0.07777878642082214, -0.07212909311056137, -0.0664793998003006, -0.060829706490039825, -0.05518001317977905, -0.04953031986951828, -0.04388062655925751, -0.038230933248996735, -0.03258123993873596, -0.02693154662847519, -0.021281853318214417, -0.015632160007953644, -0.009982466697692871, -0.004332773387432098, 0.0013169199228286743, 0.006966613233089447, 0.01261630654335022, 0.018265999853610992, 0.023915693163871765, 0.029565386474132538, 0.03521507978439331, 0.04086477309465408, 0.046514466404914856, 0.05216415971517563, 0.0578138530254364, 0.06346354633569717, 0.06911323964595795, 0.07476293295621872, 0.08041262626647949, 0.08606231957674026, 0.09171201288700104, 0.09736170619726181, 0.10301139950752258, 0.10866109281778336, 0.11431078612804413, 0.1199604794383049, 0.12561017274856567, 0.13125985860824585, 0.13690955936908722, 0.1425592601299286, 0.14820894598960876, 0.15385863184928894, 0.1595083326101303, 0.16515803337097168, 0.17080771923065186]}, "parameters/conv2.bias": {"_type": "histogram", "values": [1.0, 0.0, 0.0, 0.0, 0.0, 0.0, 0.0, 0.0, 0.0, 0.0, 0.0, 0.0, 0.0, 0.0, 0.0, 0.0, 0.0, 0.0, 0.0, 0.0, 0.0, 0.0, 0.0, 0.0, 0.0, 0.0, 0.0, 1.0, 0.0, 0.0, 0.0, 0.0, 0.0, 0.0, 0.0, 0.0, 0.0, 0.0, 0.0, 0.0, 0.0, 0.0, 0.0, 0.0, 0.0, 0.0, 0.0, 0.0, 0.0, 0.0, 0.0, 0.0, 0.0, 0.0, 0.0, 0.0, 0.0, 0.0, 0.0, 0.0, 0.0, 0.0, 0.0, 1.0], "bins": [-0.19850461184978485, -0.19069552421569824, -0.18288643658161163, -0.17507734894752502, -0.1672682762145996, -0.159459188580513, -0.1516501009464264, -0.14384101331233978, -0.13603192567825317, -0.12822283804416656, -0.12041375786066055, -0.11260467022657394, -0.10479559004306793, -0.09698650240898132, -0.08917741477489471, -0.0813683271408081, -0.07355925440788269, -0.06575016677379608, -0.05794108659029007, -0.05013199895620346, -0.04232291504740715, -0.03451383113861084, -0.02670474350452423, -0.01889565959572792, -0.01108657568693161, -0.003277490846812725, 0.00453159399330616, 0.01234067976474762, 0.02014976367354393, 0.02795884758234024, 0.03576793521642685, 0.04357701912522316, 0.051386117935180664, 0.059195201843976974, 0.06700428575277328, 0.0748133733868599, 0.0826224535703659, 0.09043154120445251, 0.09824062883853912, 0.10604971647262573, 0.11385879665613174, 0.12166788429021835, 0.12947696447372437, 0.13728605210781097, 0.14509513974189758, 0.152904212474823, 0.1607133150100708, 0.16852238774299622, 0.17633147537708282, 0.18414056301116943, 0.19194965064525604, 0.19975873827934265, 0.20756781101226807, 0.21537689864635468, 0.22318598628044128, 0.2309950739145279, 0.2388041615486145, 0.2466132491827011, 0.2544223368167877, 0.26223140954971313, 0.27004051208496094, 0.27784958481788635, 0.28565865755081177, 0.29346776008605957, 0.301276832818985]}, "gradients/conv2.bias": {"_type": "histogram", "values": [1.0, 0.0, 0.0, 0.0, 0.0, 0.0, 0.0, 0.0, 0.0, 0.0, 0.0, 0.0, 0.0, 0.0, 0.0, 0.0, 0.0, 0.0, 0.0, 0.0, 0.0, 0.0, 0.0, 0.0, 0.0, 0.0, 0.0, 0.0, 0.0, 0.0, 0.0, 0.0, 0.0, 0.0, 0.0, 0.0, 0.0, 0.0, 0.0, 0.0, 1.0, 0.0, 0.0, 0.0, 0.0, 0.0, 0.0, 0.0, 0.0, 0.0, 0.0, 0.0, 0.0, 0.0, 0.0, 0.0, 0.0, 0.0, 0.0, 0.0, 0.0, 0.0, 0.0, 1.0],