{"parameters/conv1.weight": {"_type": "histogram", "values": [1.0, 0.0, 0.0, 1.0, 0.0, 2.0, 0.0, 1.0, 0.0, 2.0, 0.0, 3.0, 1.0, 6.0, 6.0, 15.0, 7.0, 8.0, 9.0, 10.0, 8.0, 4.0, 9.0, 13.0, 4.0, 11.0, 6.0, 8.0, 10.0, 11.0, 9.0, 5.0, 15.0, 10.0, 8.0, 9.0, 4.0, 10.0, 4.0, 4.0, 15.0, 10.0, 16.0, 8.0, 5.0, 6.0, 7.0, 4.0, 9.0, 9.0, 9.0, 5.0, 6.0, 5.0, 9.0, 8.0, 5.0, 12.0, 5.0, 6.0, 4.0, 0.0, 0.0, 3.0], "bins": [-0.3072240948677063, -0.29869553446769714, -0.290166974067688, -0.28163838386535645, -0.2731098234653473, -0.26458126306533813, -0.256052702665329, -0.24752414226531982, -0.23899556696414948, -0.23046700656414032, -0.22193843126296997, -0.21340987086296082, -0.20488131046295166, -0.1963527351617813, -0.18782417476177216, -0.1792955994606018, -0.17076703906059265, -0.1622384786605835, -0.15370990335941315, -0.145181342959404, -0.13665276765823364, -0.1281242072582245, -0.11959564685821533, -0.11106707900762558, -0.10253851115703583, -0.09400994330644608, -0.08548137545585632, -0.07695281505584717, -0.06842424720525742, -0.059895679354667664, -0.05136711522936821, -0.042838551104068756, -0.034309983253479004, -0.0257814172655344, -0.017252851277589798, -0.008724285289645195, -0.00019571930170059204, 0.00833284854888916, 0.016861412674188614, 0.025389976799488068, 0.03391854465007782, 0.04244711250066757, 0.050975676625967026, 0.05950424075126648, 0.06803280860185623, 0.07656137645244598, 0.08508993685245514, 0.09361850470304489, 0.10214707255363464, 0.1106756404042244, 0.11920420825481415, 0.1277327686548233, 0.13626134395599365, 0.1447899043560028, 0.15331846475601196, 0.16184702515602112, 0.17037560045719147, 0.17890416085720062, 0.18743273615837097, 0.19596129655838013, 0.20448985695838928, 0.21301843225955963, 0.2215469926595688, 0.23007556796073914, 0.2386041283607483]}, "parameters/conv1.bias": {"_type": "histogram", "values": [1.0, 0.0, 1.0, 0.0, 0.0, 0.0, 0.0, 0.0, 0.0, 0.0, 2.0, 0.0, 0.0, 0.0, 0.0, 0.0, 0.0, 0.0, 1.0, 0.0, 0.0, 0.0, 0.0, 0.0, 0.0, 0.0, 0.0, 0.0, 0.0, 1.0, 0.0, 0.0, 2.0, 0.0, 1.0, 1.0, 0.0, 0.0, 0.0, 1.0, 0.0, 0.0, 0.0, 0.0, 0.0, 0.0, 0.0, 0.0, 0.0, 0.0, 1.0, 0.0, 0.0, 0.0, 1.0, 0.0, 1.0, 0.0, 0.0, 1.0, 0.0, 0.0, 0.0, 1.0], "bins": [-0.2888484001159668, -0.28034183382987976, -0.2718352675437927, -0.2633286714553833, -0.25482210516929626, -0.24631553888320923, -0.2378089725971222, -0.22930240631103516, -0.22079582512378693, -0.2122892588376999, -0.20378267765045166, -0.19527611136436462, -0.1867695450782776, -0.17826296389102936, -0.16975639760494232, -0.1612498164176941, -0.15274325013160706, -0.14423668384552002, -0.1357301026582718, -0.12722353637218475, -0.11871696263551712, -0.11021038889884949, -0.10170382261276245, -0.09319724887609482, -0.08469067513942719, -0.07618410140275955, -0.06767752766609192, -0.05917096138000488, -0.05066438764333725, -0.04215781390666962, -0.03365124389529228, -0.025144673883914948, -0.016638100147247314, -0.00813152827322483, 0.0003750436007976532, 0.008881615474820137, 0.01738818734884262, 0.025894761085510254, 0.03440133109688759, 0.04290790110826492, 0.051414474844932556, 0.05992104858160019, 0.06842762231826782, 0.07693418860435486, 0.08544076234102249, 0.09394733607769012, 0.10245390236377716, 0.1109604761004448, 0.11946704983711243, 0.12797361612319946, 0.1364801973104477, 0.14498676359653473, 0.15349334478378296, 0.16199991106987, 0.17050647735595703, 0.17901304364204407, 0.1875196248292923, 0.19602619111537933, 0.20453277230262756, 0.2130393385887146, 0.22154590487480164, 0.23005248606204987, 0.2385590523481369, 0.24706563353538513, 0.25557219982147217]}, "parameters/conv2.weight": {"_type": "histogram", "values": [1.0, 0.0, 0.0, 0.0, 0.0, 0.0, 0.0, 1.0, 1.0, 1.0, 1.0, 3.0, 0.0, 1.0, 2.0, 0.0, 5.0, 6.0, 14.0, 10.0, 13.0, 15.0, 22.0, 28.0, 23.0, 32.0, 39.0, 41.0, 54.0, 41.0, 50.0, 54.0, 62.0, 61.0, 52.0, 60.0, 54.0, 54.0, 54.0, 31.0, 45.0, 47.0, 44.0, 27.0, 28.0, 29.0, 15.0, 14.0, 9.0, 12.0, 11.0, 9.0, 4.0, 3.0, 6.0, 1.0, 3.0, 4.0, 0.0, 1.0, 0.0, 0.0, 0.0, 2.0], "bins": [-0.17999720573425293, -0.17484354972839355, -0.16968989372253418, -0.1645362228155136, -0.15938256680965424, -0.15422891080379486, -0.14907525479793549, -0.1439215987920761, -0.13876792788505554, -0.13361427187919617, -0.1284606158733368, -0.12330695241689682, -0.11815328896045685, -0.11299963295459747, -0.1078459769487381, -0.10269232094287872, -0.09753866493701935, -0.09238500893115997, -0.08723134547472, -0.08207768946886063, -0.07692402601242065, -0.07177037000656128, -0.0666167140007019, -0.06146305426955223, -0.05630939453840256, -0.051155734807252884, -0.04600207507610321, -0.040848419070243835, -0.03569475933909416, -0.03054109960794449, -0.025387441739439964, -0.02023378387093544, -0.015080109238624573, -0.009926450438797474, -0.004772791638970375, 0.0003808671608567238, 0.005534525960683823, 0.010688185691833496, 0.01584184356033802, 0.020995501428842545, 0.026149161159992218, 0.03130282089114189, 0.036456480622291565, 0.04161013662815094, 0.04676379635930061, 0.05191745609045029, 0.05707111209630966, 0.062224771827459335, 0.06737843155860901, 0.07253208756446838, 0.07768575102090836, 0.08283940702676773, 0.0879930704832077, 0.09314672648906708, 0.09830038249492645, 0.10345403850078583, 0.1086077019572258, 0.11376135796308517, 0.11891502141952515, 0.12406867742538452, 0.1292223334312439, 0.13437598943710327, 0.13952966034412384, 0.14468331634998322, 0.1498369723558426]}, "parameters/conv2.bias": {"_type": "histogram", "values": [1.0, 0.0, 0.0, 0.0, 0.0, 0.0, 0.0, 0.0, 0.0, 0.0, 0.0, 0.0, 0.0, 0.0, 0.0, 0.0, 0.0, 0.0, 0.0, 0.0, 0.0, 0.0, 0.0, 0.0, 0.0, 0.0, 0.0, 0.0, 0.0, 0.0, 1.0, 0.0, 0.0, 0.0, 0.0, 0.0, 0.0, 0.0, 0.0, 0.0, 0.0, 0.0, 0.0, 0.0, 0.0, 0.0, 0.0, 0.0, 0.0, 0.0, 0.0, 0.0, 0.0, 0.0, 0.0, 0.0, 0.0, 0.0, 0.0, 0.0, 0.0, 0.0, 0.0, 1.0], "bins": [-0.20516382157802582, -0.1981208473443985, -0.19107787311077118, -0.18403489887714386, -0.17699192464351654, -0.16994895040988922, -0.1629059761762619, -0.15586300194263458, -0.14882002770900726, -0.14177705347537994, -0.13473407924175262, -0.1276911050081253, -0.12064813077449799, -0.11360515654087067, -0.10656218230724335, -0.09951920807361603, -0.09247623383998871, -0.08543325960636139, -0.07839028537273407, -0.07134731113910675, -0.06430433690547943, -0.05726136267185211, -0.05021838843822479, -0.04317541420459747, -0.036132439970970154, -0.029089465737342834, -0.022046491503715515, -0.015003517270088196, -0.007960543036460876, -0.0009175688028335571, 0.006125405430793762, 0.013168379664421082, 0.020211338996887207, 0.027254313230514526, 0.034297287464141846, 0.041340261697769165, 0.048383235931396484, 0.055426210165023804, 0.06246918439865112, 0.06951215863227844, 0.07655513286590576, 0.08359810709953308, 0.0906410813331604, 0.09768405556678772, 0.10472702980041504, 0.11177000403404236, 0.11881297826766968, 0.125855952501297, 0.13289892673492432, 0.13994190096855164, 0.14698487520217896, 0.15402784943580627, 0.1610708236694336, 0.1681137979030609, 0.17515677213668823, 0.18219974637031555, 0.18924272060394287, 0.1962856948375702, 0.2033286690711975, 0.21037164330482483, 0.21741461753845215, 0.22445759177207947, 0.2315005660057068, 0.2385435402393341, 0.24558651447296143]}, "gradients/conv2.bias": {"_type": "histogram", "values": [1.0, 0.0, 0.0, 0.0, 0.0, 0.0, 0.0, 0.0, 0.0, 0.0, 0.0, 0.0, 0.0, 0.0, 0.0, 0.0, 0.0, 0.0, 0.0, 0.0, 0.0, 0.0, 0.0, 0.0, 0.0, 0.0, 0.0, 0.0, 1.0, 0.0, 0.0, 0.0, 0.0, 0.0, 0.0, 0.0, 0.0, 0.0, 0.0, 0.0, 0.0, 0.0, 0.0, 0.0, 0.0, 0.0, 0.0, 0.0, 0.0, 0.0, 0.0, 0.0, 0.0, 0.0, 0.0, 0.0, 0.0, 0.0, 0.0, 0.0, 0.0, 0.0, 0.0, 1.0],