{"parameters/conv1.weight": {"_type": "histogram", "values": [1.0, 0.0, 0.0, 0.0, 0.0, 0.0, 0.0, 0.0, 1.0, 0.0, 2.0, 3.0, 3.0, 1.0, 2.0, 3.0, 2.0, 6.0, 11.0, 9.0, 8.0, 10.0, 11.0, 9.0, 18.0, 9.0, 12.0, 15.0, 9.0, 14.0, 12.0, 7.0, 17.0, 15.0, 11.0, 12.0, 9.0, 13.0, 11.0, 12.0, 12.0, 8.0, 4.0, 3.0, 7.0, 15.0, 9.0, 7.0, 9.0, 6.0, 8.0, 7.0, 9.0, 7.0, 2.0, 4.0, 2.0, 0.0, 0.0, 2.0, 0.0, 0.0, 0.0, 1.0], "bins": [-0.36627474427223206, -0.35559916496276855, -0.34492358565330505, -0.33424800634384155, -0.32357239723205566, -0.31289681792259216, -0.30222123861312866, -0.29154565930366516, -0.28087007999420166, -0.27019450068473816, -0.25951892137527466, -0.24884332716464996, -0.23816774785518646, -0.22749216854572296, -0.21681657433509827, -0.20614099502563477, -0.19546541571617126, -0.18478983640670776, -0.17411425709724426, -0.16343866288661957, -0.15276308357715607, -0.14208750426769257, -0.13141191005706787, -0.12073633074760437, -0.11006075143814087, -0.09938517212867737, -0.08870958536863327, -0.07803399860858917, -0.06735841929912567, -0.05668283626437187, -0.04600725322961807, -0.035331666469573975, -0.024656057357788086, -0.013980474323034286, -0.003304891288280487, 0.007370691746473312, 0.018046274781227112, 0.02872185781598091, 0.03939744085073471, 0.05007302761077881, 0.06074860692024231, 0.07142418622970581, 0.08209977298974991, 0.092775359749794, 0.10345093905925751, 0.11412651836872101, 0.1248021051287651, 0.1354776918888092, 0.1461532711982727, 0.1568288505077362, 0.1675044298171997, 0.1781800240278244, 0.1888556033372879, 0.1995311826467514, 0.2102067768573761, 0.2208823561668396, 0.2315579354763031, 0.2422335147857666, 0.2529090940952301, 0.2635846734046936, 0.2742602825164795, 0.284935861825943, 0.2956114411354065, 0.30628702044487, 0.3169625997543335]}, "parameters/conv1.bias": {"_type": "histogram", "values": [1.0, 1.0, 0.0, 0.0, 0.0, 0.0, 1.0, 0.0, 0.0, 0.0, 0.0, 0.0, 0.0, 0.0, 0.0, 0.0, 0.0, 0.0, 0.0, 0.0, 0.0, 1.0, 0.0, 0.0, 0.0, 0.0, 0.0, 0.0, 0.0, 0.0, 0.0, 1.0, 1.0, 0.0, 0.0, 0.0, 0.0, 0.0, 0.0, 0.0, 1.0, 0.0, 0.0, 0.0, 2.0, 0.0, 0.0, 1.0, 0.0, 2.0, 0.0, 0.0, 1.0, 0.0, 0.0, 0.0, 0.0, 1.0, 1.0, 0.0, 0.0, 0.0, 0.0, 1.0], "bins": [-0.41514915227890015, -0.40517494082450867, -0.3952007591724396, -0.3852265477180481, -0.375252366065979, -0.3652781546115875, -0.35530394315719604, -0.34532976150512695, -0.3353555500507355, -0.325381338596344, -0.3154071569442749, -0.3054329454898834, -0.29545876383781433, -0.28548455238342285, -0.27551037073135376, -0.2655361592769623, -0.2555619478225708, -0.24558775126934052, -0.23561355471611023, -0.22563934326171875, -0.21566514670848846, -0.20569095015525818, -0.1957167536020279, -0.1857425570487976, -0.17576837539672852, -0.16579417884349823, -0.15581998229026794, -0.14584577083587646, -0.13587157428264618, -0.1258973777294159, -0.11592318117618561, -0.10594897717237473, -0.09597475826740265, -0.08600056171417236, -0.07602635771036148, -0.0660521611571312, -0.05607796087861061, -0.04610376060009003, -0.03612956404685974, -0.02615536004304886, -0.016181163489818573, -0.0062069641426205635, 0.003767235204577446, 0.01374143362045288, 0.023715633898973465, 0.03368983417749405, 0.043664030730724335, 0.05363823473453522, 0.0636124312877655, 0.07358662784099579, 0.08356083184480667, 0.09353502839803696, 0.10350923240184784, 0.11348342895507812, 0.12345762550830841, 0.1334318220615387, 0.14340603351593018, 0.15338023006916046, 0.16335442662239075, 0.17332863807678223, 0.1833028346300125, 0.1932770311832428, 0.20325122773647308, 0.21322542428970337, 0.22319962084293365]}, "parameters/conv2.weight": {"_type": "histogram", "values": [3.0, 0.0, 0.0, 0.0, 0.0, 0.0, 0.0, 0.0, 4.0, 2.0, 1.0, 3.0, 3.0, 4.0, 6.0, 12.0, 5.0, 12.0, 14.0, 9.0, 12.0, 19.0, 20.0, 20.0, 28.0, 27.0, 31.0, 40.0, 32.0, 33.0, 44.0, 41.0, 64.0, 43.0, 60.0, 44.0, 48.0, 53.0, 45.0, 45.0, 49.0, 48.0, 35.0, 31.0, 32.0, 30.0, 29.0, 17.0, 14.0, 19.0, 15.0, 13.0, 8.0, 7.0, 4.0, 2.0, 2.0, 4.0, 3.0, 7.0, 1.0, 0.0, 2.0, 1.0], "bins": [-0.17119459807872772, -0.16631078720092773, -0.16142696142196655, -0.15654313564300537, -0.15165932476520538, -0.1467755138874054, -0.1418916881084442, -0.13700786232948303, -0.13212405145168304, -0.12724024057388306, -0.12235641479492188, -0.11747259646654129, -0.1125887781381607, -0.10770495980978012, -0.10282114148139954, -0.09793732315301895, -0.09305350482463837, -0.08816968649625778, -0.0832858681678772, -0.07840204983949661, -0.07351823151111603, -0.06863441318273544, -0.06375059485435486, -0.058866776525974274, -0.05398295819759369, -0.049099139869213104, -0.04421532154083252, -0.039331503212451935, -0.03444768488407135, -0.029563866555690765, -0.02468004822731018, -0.019796229898929596, -0.014912396669387817, -0.010028578341007233, -0.005144760012626648, -0.00026094168424606323, 0.0046228766441345215, 0.009506694972515106, 0.014390513300895691, 0.019274331629276276, 0.02415814995765686, 0.029041968286037445, 0.03392578661441803, 0.038809604942798615, 0.0436934232711792, 0.048577241599559784, 0.05346105992794037, 0.05834487825632095, 0.06322869658470154, 0.06811251491308212, 0.07299633324146271, 0.07788015156984329, 0.08276396989822388, 0.08764778822660446, 0.09253160655498505, 0.09741542488336563, 0.10229924321174622, 0.1071830615401268, 0.11206687986850739, 0.11695069819688797, 0.12183451652526855, 0.12671834230422974, 0.13160215318202972, 0.1364859640598297, 0.1413697898387909]}, "parameters/conv2.bias": {"_type": "histogram", "values": [1.0, 0.0, 0.0, 0.0, 0.0, 0.0, 0.0, 0.0, 0.0, 0.0, 0.0, 0.0, 0.0, 0.0, 0.0, 0.0, 0.0, 0.0, 0.0, 0.0, 0.0, 0.0, 0.0, 0.0, 0.0, 0.0, 0.0, 0.0, 0.0, 0.0, 0.0, 1.0, 0.0, 0.0, 0.0, 0.0, 0.0, 0.0, 0.0, 0.0, 0.0, 0.0, 0.0, 0.0, 0.0, 0.0, 0.0, 0.0, 0.0, 0.0, 0.0, 0.0, 0.0, 0.0, 0.0, 0.0, 0.0, 0.0, 0.0, 0.0, 0.0, 0.0, 0.0, 1.0], "bins": [-0.1835664063692093, -0.17619319260120392, -0.16881996393203735, -0.16144675016403198, -0.1540735363960266, -0.14670032262802124, -0.13932710886001587, -0.1319538801908493, -0.12458066642284393, -0.11720745265483856, -0.1098342314362526, -0.10246101021766663, -0.09508779644966125, -0.08771458268165588, -0.08034136146306992, -0.07296814024448395, -0.06559492647647858, -0.05822170898318291, -0.05084849148988724, -0.04347527399659157, -0.0361020565032959, -0.02872883901000023, -0.02135562151670456, -0.01398240402340889, -0.00660918653011322, 0.0007640309631824493, 0.008137248456478119, 0.015510465949773788, 0.022883683443069458, 0.030256900936365128, 0.0376301184296608, 0.04500333592295647, 0.05237656831741333, 0.059749785810709, 0.06712300330400467, 0.07449622452259064, 0.08186943829059601, 0.08924265205860138, 0.09661587327718735, 0.10398909449577332, 0.11136230826377869, 0.11873552203178406, 0.12610873579978943, 0.133481964468956, 0.14085517823696136, 0.14822839200496674, 0.1556016206741333, 0.16297483444213867, 0.17034804821014404, 0.17772126197814941, 0.18509447574615479, 0.19246770441532135, 0.19984091818332672, 0.2072141319513321, 0.21458736062049866, 0.22196057438850403, 0.2293337881565094, 0.23670700192451477, 0.24408021569252014, 0.2514534294605255, 0.25882667303085327, 0.26619988679885864, 0.273573100566864, 0.2809463143348694, 0.28831952810287476]}, "gradients/conv2.bias": {"_type": "histogram", "values": [1.0, 0.0, 0.0, 0.0, 0.0, 0.0, 0.0, 0.0, 0.0, 0.0, 0.0, 0.0, 0.0, 0.0, 0.0, 0.0, 0.0, 0.0, 0.0, 0.0, 0.0, 0.0, 0.0, 0.0, 0.0, 0.0, 0.0, 0.0, 0.0, 0.0, 0.0, 0.0, 0.0, 0.0, 0.0, 0.0, 0.0, 0.0, 1.0, 0.0, 0.0, 0.0, 0.0, 0.0, 0.0, 0.0, 0.0, 0.0, 0.0, 0.0, 0.0, 0.0, 0.0, 0.0, 0.0, 0.0, 0.0, 0.0, 0.0, 0.0, 0.0, 0.0, 0.0, 1.0],