{"parameters/conv1.weight": {"_type": "histogram", "values": [1.0, 0.0, 0.0, 1.0, 0.0, 3.0, 1.0, 2.0, 1.0, 2.0, 5.0, 1.0, 2.0, 2.0, 3.0, 2.0, 7.0, 3.0, 5.0, 4.0, 2.0, 1.0, 5.0, 5.0, 2.0, 9.0, 6.0, 4.0, 3.0, 4.0, 1.0, 6.0, 6.0, 0.0, 2.0, 5.0, 3.0, 4.0, 1.0, 5.0, 3.0, 3.0, 3.0, 1.0, 8.0, 2.0, 6.0, 3.0, 4.0, 2.0, 5.0, 4.0, 4.0, 6.0, 4.0, 4.0, 3.0, 1.0, 7.0, 0.0, 4.0, 1.0, 1.0, 2.0], "bins": [-0.2409362941980362, -0.23407778143882751, -0.22721926867961884, -0.22036075592041016, -0.21350225806236267, -0.206643745303154, -0.1997852325439453, -0.19292671978473663, -0.18606820702552795, -0.17920969426631927, -0.1723511815071106, -0.1654926836490631, -0.15863417088985443, -0.15177565813064575, -0.14491714537143707, -0.1380586326122284, -0.1312001347541809, -0.12434162199497223, -0.11748311668634415, -0.11062460392713547, -0.10376609861850739, -0.0969075858592987, -0.09004907310009003, -0.08319056034088135, -0.07633205503225327, -0.06947354227304459, -0.0626150369644165, -0.055756524205207825, -0.048898015171289444, -0.04203950613737106, -0.035180993378162384, -0.028322484344244003, -0.021463990211486816, -0.014605480246245861, -0.007746970281004906, -0.0008884593844413757, 0.005970049649477005, 0.012828558683395386, 0.019687071442604065, 0.026545580476522446, 0.033404089510440826, 0.04026259854435921, 0.04712110757827759, 0.05397962033748627, 0.06083812937140465, 0.06769663840532303, 0.07455515116453171, 0.08141365647315979, 0.08827216923236847, 0.09513068199157715, 0.10198918730020523, 0.10884770005941391, 0.11570620536804199, 0.12256471812725067, 0.12942323088645935, 0.13628174364566803, 0.1431402564048767, 0.1499987691640854, 0.15685728192329407, 0.16371577978134155, 0.17057429254055023, 0.1774328052997589, 0.1842913180589676, 0.19114983081817627, 0.19800832867622375]}, "parameters/conv1.bias": {"_type": "histogram", "values": [1.0, 1.0, 0.0, 0.0, 0.0, 0.0, 0.0, 0.0, 0.0, 0.0, 0.0, 0.0, 0.0, 0.0, 0.0, 0.0, 0.0, 0.0, 0.0, 1.0, 0.0, 0.0, 0.0, 0.0, 0.0, 0.0, 0.0, 0.0, 0.0, 1.0, 0.0, 0.0, 0.0, 0.0, 0.0, 0.0, 0.0, 0.0, 0.0, 0.0, 0.0, 0.0, 0.0, 0.0, 0.0, 0.0, 1.0, 0.0, 0.0, 0.0, 0.0, 0.0, 1.0, 0.0, 0.0, 0.0, 0.0, 0.0, 0.0, 0.0, 1.0, 0.0, 0.0, 1.0], "bins": [-0.12106557190418243, -0.11511726677417755, -0.10916896909475327, -0.10322066396474838, -0.0972723662853241, -0.09132406115531921, -0.08537575602531433, -0.07942745089530945, -0.07347915321588516, -0.06753084808588028, -0.061582550406455994, -0.05563424527645111, -0.049685943871736526, -0.04373764246702194, -0.03778933733701706, -0.031841035932302475, -0.02589273452758789, -0.019944433122873306, -0.013996129855513573, -0.008047826588153839, -0.0020995251834392548, 0.0038487762212753296, 0.009797081351280212, 0.015745382755994797, 0.02169368416070938, 0.027641985565423965, 0.03359028697013855, 0.03953859210014343, 0.04548689350485802, 0.0514351949095726, 0.057383500039577484, 0.06333179771900177, 0.06928011775016785, 0.07522842288017273, 0.08117672055959702, 0.0871250256896019, 0.09307332336902618, 0.09902162849903107, 0.10496993362903595, 0.11091823875904083, 0.11686653643846512, 0.12281484156847, 0.1287631392478943, 0.13471144437789917, 0.14065974950790405, 0.14660805463790894, 0.15255635976791382, 0.1585046499967575, 0.1644529551267624, 0.17040126025676727, 0.17634956538677216, 0.18229785561561584, 0.18824616074562073, 0.1941944658756256, 0.2001427710056305, 0.20609107613563538, 0.21203938126564026, 0.21798768639564514, 0.22393599152565002, 0.2298842966556549, 0.2358325868844986, 0.24178089201450348, 0.24772919714450836, 0.25367748737335205, 0.25962579250335693]}, "parameters/conv2.weight": {"_type": "histogram", "values": [2.0, 1.0, 0.0, 2.0, 2.0, 2.0, 2.0, 5.0, 4.0, 5.0, 11.0, 3.0, 13.0, 11.0, 11.0, 10.0, 15.0, 16.0, 9.0, 14.0, 12.0, 11.0, 12.0, 14.0, 22.0, 10.0, 10.0, 18.0, 15.0, 8.0, 14.0, 17.0, 24.0, 19.0, 13.0, 14.0, 21.0, 16.0, 12.0, 14.0, 15.0, 14.0, 14.0, 12.0, 16.0, 9.0, 13.0, 13.0, 9.0, 14.0, 7.0, 7.0, 6.0, 3.0, 3.0, 3.0, 1.0, 2.0, 0.0, 1.0, 1.0, 0.0, 0.0, 3.0], "bins": [-0.10424435138702393, -0.10085652768611908, -0.09746870398521423, -0.09408088028430939, -0.09069305658340454, -0.0873052328824997, -0.08391740918159485, -0.08052958548069, -0.07714176177978516, -0.07375393807888031, -0.07036611437797546, -0.06697829067707062, -0.06359046697616577, -0.060202643275260925, -0.05681481957435608, -0.05342699587345123, -0.050039175897836685, -0.04665135219693184, -0.04326352849602699, -0.03987570479512215, -0.0364878810942173, -0.03310006111860275, -0.029712235555052757, -0.02632441185414791, -0.022936588153243065, -0.01954876445233822, -0.016160940751433372, -0.012773117981851101, -0.009385294280946255, -0.005997471511363983, -0.002609647810459137, 0.0007781758904457092, 0.004165999591350555, 0.007553823292255402, 0.010941646993160248, 0.01432946976274252, 0.01771729439496994, 0.021105116233229637, 0.024492939934134483, 0.02788076363503933, 0.031268589198589325, 0.03465641289949417, 0.03804423660039902, 0.041432060301303864, 0.04481988400220871, 0.048207707703113556, 0.0515955314040184, 0.05498335510492325, 0.058371175080537796, 0.06175899878144264, 0.06514681875705719, 0.06853464245796204, 0.07192246615886688, 0.07531028985977173, 0.07869811356067657, 0.08208593726158142, 0.08547376096248627, 0.08886158466339111, 0.09224940836429596, 0.0956372320652008, 0.09902505576610565, 0.1024128794670105, 0.10580070316791534, 0.10918852686882019, 0.11257635056972504]}, "parameters/conv2.bias": {"_type": "histogram", "values": [1.0, 0.0, 0.0, 0.0, 0.0, 0.0, 0.0, 0.0, 0.0, 0.0, 0.0, 0.0, 0.0, 1.0, 0.0, 0.0, 0.0, 0.0, 0.0, 0.0, 0.0, 0.0, 0.0, 0.0, 0.0, 0.0, 0.0, 0.0, 0.0, 0.0, 0.0, 0.0, 0.0, 0.0, 0.0, 0.0, 0.0, 0.0, 0.0, 0.0, 0.0, 0.0, 0.0, 0.0, 0.0, 0.0, 0.0, 0.0, 0.0, 0.0, 0.0, 0.0, 0.0, 0.0, 0.0, 0.0, 0.0, 0.0, 0.0, 0.0, 0.0, 0.0, 0.0, 1.0], "bins": [-0.12149237841367722, -0.11802855134010315, -0.11456472426652908, -0.11110089719295502, -0.10763707011938095, -0.10417324304580688, -0.10070942342281342, -0.09724559634923935, -0.09378176927566528, -0.09031794220209122, -0.08685411512851715, -0.08339028805494308, -0.07992646098136902, -0.07646264135837555, -0.07299880683422089, -0.06953498721122742, -0.06607115268707275, -0.06260732561349869, -0.05914349853992462, -0.055679671466350555, -0.05221584811806679, -0.04875202104449272, -0.045288193970918655, -0.04182437062263489, -0.03836054354906082, -0.034896716475486755, -0.03143288940191269, -0.027969064190983772, -0.024505238980054855, -0.02104141190648079, -0.017577584832906723, -0.014113759621977806, -0.01064993441104889, -0.007186108268797398, -0.0037222816608846188, -0.0002584550529718399, 0.0032053710892796516, 0.006669197231531143, 0.01013302430510521, 0.013596849516034126, 0.017060676589608192, 0.02052450366318226, 0.023988328874111176, 0.02745215594768524, 0.030915983021259308, 0.034379810094833374, 0.03784363716840744, 0.04130746051669121, 0.044771287590265274, 0.04823511466383934, 0.051698941737413406, 0.055162765085697174, 0.05862659215927124, 0.062090419232845306, 0.06555424630641937, 0.06901807337999344, 0.0724819004535675, 0.07594572752714157, 0.07940955460071564, 0.0828733816742897, 0.08633720874786377, 0.08980102837085724, 0.0932648628950119, 0.09672868251800537, 0.10019250959157944]}, "gradients/conv2.bias": {"_type": "histogram", "values": [1.0, 0.0, 0.0, 0.0, 0.0, 0.0, 0.0, 0.0, 0.0, 0.0, 0.0, 0.0, 0.0, 0.0, 0.0, 0.0, 0.0, 0.0, 0.0, 0.0, 0.0, 0.0, 0.0, 0.0, 0.0, 0.0, 0.0, 0.0, 0.0, 0.0, 0.0, 0.0, 0.0, 0.0, 0.0, 0.0, 0.0, 0.0, 0.0, 0.0, 0.0, 0.0, 0.0, 0.0, 0.0, 0.0, 0.0, 0.0, 0.0, 0.0, 0.0, 0.0, 0.0, 0.0, 0.0, 0.0, 0.0, 1.0, 0.0, 0.0, 0.0, 0.0, 0.0, 1.0],