{"parameters/conv1.weight": {"_type": "histogram", "values": [1.0, 0.0, 0.0, 1.0, 1.0, 0.0, 0.0, 2.0, 0.0, 4.0, 0.0, 2.0, 8.0, 8.0, 8.0, 10.0, 6.0, 6.0, 11.0, 12.0, 11.0, 8.0, 8.0, 11.0, 7.0, 8.0, 9.0, 15.0, 7.0, 7.0, 14.0, 8.0, 11.0, 9.0, 5.0, 15.0, 5.0, 8.0, 4.0, 11.0, 13.0, 6.0, 7.0, 5.0, 5.0, 13.0, 7.0, 9.0, 9.0, 16.0, 9.0, 10.0, 3.0, 7.0, 6.0, 4.0, 3.0, 3.0, 2.0, 0.0, 0.0, 1.0, 0.0, 1.0], "bins": [-0.31124159693717957, -0.3019840121269226, -0.29272639751434326, -0.2834688127040863, -0.27421119809150696, -0.26495361328125, -0.25569599866867065, -0.2464384138584137, -0.23718081414699554, -0.2279232144355774, -0.21866561472415924, -0.2094080150127411, -0.20015043020248413, -0.19089281558990479, -0.18163523077964783, -0.17237763106822968, -0.16312003135681152, -0.15386243164539337, -0.14460483193397522, -0.13534723222255707, -0.12608963251113892, -0.11683204025030136, -0.1075744479894638, -0.09831684827804565, -0.0890592485666275, -0.07980164885520935, -0.0705440491437912, -0.061286456882953644, -0.05202885717153549, -0.04277125746011734, -0.03351366147398949, -0.024256065487861633, -0.014998465776443481, -0.005740867927670479, 0.003516729921102524, 0.012774327769875526, 0.02203192561864853, 0.03128952533006668, 0.040547121316194534, 0.04980471730232239, 0.05906231701374054, 0.06831991672515869, 0.07757751643657684, 0.0868351086974144, 0.09609270840883255, 0.1053503081202507, 0.11460790038108826, 0.12386550009250641, 0.13312309980392456, 0.1423806995153427, 0.15163829922676086, 0.16089589893817902, 0.17015349864959717, 0.17941108345985413, 0.18866868317127228, 0.19792628288269043, 0.20718388259410858, 0.21644148230552673, 0.22569908201694489, 0.23495668172836304, 0.24421426653862, 0.25347188115119934, 0.2627294659614563, 0.27198708057403564, 0.2812446653842926]}, "parameters/conv1.bias": {"_type": "histogram", "values": [1.0, 0.0, 1.0, 0.0, 0.0, 0.0, 0.0, 0.0, 0.0, 0.0, 1.0, 0.0, 0.0, 1.0, 0.0, 0.0, 0.0, 0.0, 0.0, 0.0, 2.0, 1.0, 0.0, 0.0, 0.0, 1.0, 1.0, 0.0, 0.0, 0.0, 0.0, 0.0, 0.0, 0.0, 0.0, 0.0, 1.0, 0.0, 0.0, 0.0, 2.0, 0.0, 0.0, 0.0, 0.0, 0.0, 0.0, 0.0, 0.0, 0.0, 0.0, 1.0, 0.0, 0.0, 0.0, 0.0, 1.0, 0.0, 0.0, 1.0, 0.0, 0.0, 0.0, 1.0], "bins": [-0.2654727101325989, -0.25774016976356506, -0.25000759959220886, -0.24227505922317505, -0.23454251885414124, -0.22680996358394623, -0.21907740831375122, -0.2113448679447174, -0.2036123275756836, -0.1958797723054886, -0.18814723193645477, -0.18041467666625977, -0.17268213629722595, -0.16494958102703094, -0.15721702575683594, -0.14948448538780212, -0.14175193011760712, -0.1340193748474121, -0.1262868344783783, -0.11855427920818329, -0.11082173883914948, -0.10308918356895447, -0.09535663574934006, -0.08762408792972565, -0.07989154011011124, -0.07215899229049683, -0.06442644447088242, -0.05669389292597771, -0.048961345106363297, -0.041228797286748886, -0.03349624574184418, -0.025763697922229767, -0.018031135201454163, -0.010298586450517178, -0.0025660376995801926, 0.005166511982679367, 0.012899059802293777, 0.020631607621908188, 0.028364159166812897, 0.03609670698642731, 0.04382925480604172, 0.05156180262565613, 0.05929435044527054, 0.06702689826488495, 0.07475945353507996, 0.08249199390411377, 0.09022454917430878, 0.09795709699392319, 0.1056896448135376, 0.11342219263315201, 0.12115474045276642, 0.12888729572296143, 0.13661983609199524, 0.14435239136219025, 0.15208494663238525, 0.15981748700141907, 0.16755002737045288, 0.1752825826406479, 0.1830151230096817, 0.1907476782798767, 0.19848021864891052, 0.20621277391910553, 0.21394532918930054, 0.22167786955833435, 0.22941042482852936]}, "parameters/conv2.weight": {"_type": "histogram", "values": [1.0, 0.0, 0.0, 0.0, 1.0, 0.0, 1.0, 1.0, 1.0, 1.0, 1.0, 1.0, 1.0, 1.0, 2.0, 3.0, 5.0, 4.0, 6.0, 10.0, 8.0, 6.0, 26.0, 16.0, 34.0, 43.0, 59.0, 54.0, 65.0, 76.0, 72.0, 54.0, 69.0, 81.0, 58.0, 50.0, 51.0, 72.0, 43.0, 49.0, 39.0, 32.0, 28.0, 24.0, 12.0, 12.0, 9.0, 5.0, 5.0, 2.0, 1.0, 0.0, 2.0, 0.0, 1.0, 0.0, 0.0, 1.0, 0.0, 0.0, 0.0, 0.0, 0.0, 1.0], "bins": [-0.1807999163866043, -0.17533476650714874, -0.16986961662769318, -0.1644044667482376, -0.15893931686878204, -0.15347416698932648, -0.1480090171098709, -0.14254386723041534, -0.13707871735095978, -0.1316135674715042, -0.12614841759204865, -0.12068326771259308, -0.11521811783313751, -0.10975296795368195, -0.10428781807422638, -0.09882266819477081, -0.09335751831531525, -0.08789236843585968, -0.08242721855640411, -0.07696206867694855, -0.07149691879749298, -0.06603176891803741, -0.06056661903858185, -0.05510146915912628, -0.049636319279670715, -0.04417116940021515, -0.03870601952075958, -0.033240869641304016, -0.02777571976184845, -0.022310569882392883, -0.016845420002937317, -0.01138027012348175, -0.005915135145187378, -0.0004499852657318115, 0.005015164613723755, 0.010480314493179321, 0.015945464372634888, 0.021410614252090454, 0.02687576413154602, 0.03234091401100159, 0.03780606389045715, 0.04327121376991272, 0.048736363649368286, 0.05420151352882385, 0.05966666340827942, 0.06513181328773499, 0.07059696316719055, 0.07606211304664612, 0.08152726292610168, 0.08699241280555725, 0.09245756268501282, 0.09792271256446838, 0.10338786244392395, 0.10885301232337952, 0.11431816220283508, 0.11978331208229065, 0.12524846196174622, 0.13071361184120178, 0.13617876172065735, 0.14164391160011292, 0.14710906147956848, 0.15257421135902405, 0.15803936123847961, 0.16350451111793518, 0.16896966099739075]}, "parameters/conv2.bias": {"_type": "histogram", "values": [1.0, 0.0, 0.0, 0.0, 0.0, 0.0, 0.0, 0.0, 0.0, 0.0, 0.0, 0.0, 0.0, 0.0, 0.0, 0.0, 0.0, 0.0, 0.0, 0.0, 0.0, 0.0, 0.0, 0.0, 0.0, 1.0, 0.0, 0.0, 0.0, 0.0, 0.0, 0.0, 0.0, 0.0, 0.0, 0.0, 0.0, 0.0, 0.0, 0.0, 0.0, 0.0, 0.0, 0.0, 0.0, 0.0, 0.0, 0.0, 0.0, 0.0, 0.0, 0.0, 0.0, 0.0, 0.0, 0.0, 0.0, 0.0, 0.0, 0.0, 0.0, 0.0, 0.0, 1.0], "bins": [-0.1622876524925232, -0.15608952939510345, -0.14989140629768372, -0.14369326829910278, -0.13749514520168304, -0.1312970221042633, -0.12509889900684357, -0.11890077590942383, -0.11270265281200409, -0.10650452971458435, -0.10030639916658401, -0.09410827606916428, -0.08791015297174454, -0.0817120224237442, -0.07551389932632446, -0.06931577622890472, -0.06311764568090439, -0.05691951885819435, -0.05072139576077461, -0.044523268938064575, -0.038325145840644836, -0.0321270190179348, -0.025928892195224762, -0.019730769097805023, -0.013532642275094986, -0.007334516849368811, -0.0011363914236426353, 0.005061734467744827, 0.011259859427809715, 0.017457984387874603, 0.02365611121058464, 0.02985423430800438, 0.036052361130714417, 0.042250487953424454, 0.04844861105084419, 0.05464673787355423, 0.06084486097097397, 0.0670429915189743, 0.07324111461639404, 0.07943923771381378, 0.08563736081123352, 0.09183548390865326, 0.0980336144566536, 0.10423173755407333, 0.11042986065149307, 0.11662799119949341, 0.12282611429691315, 0.12902423739433289, 0.13522237539291382, 0.14142049849033356, 0.1476186215877533, 0.15381675958633423, 0.16001488268375397, 0.1662130057811737, 0.17241112887859344, 0.17860925197601318, 0.18480737507343292, 0.19100549817085266, 0.1972036212682724, 0.20340174436569214, 0.20959988236427307, 0.2157980054616928, 0.22199612855911255, 0.2281942516565323, 0.23439237475395203]}, "gradients/conv2.bias": {"_type": "histogram", "values": [1.0, 0.0, 0.0, 0.0, 0.0, 0.0, 0.0, 0.0, 0.0, 0.0, 0.0, 0.0, 0.0, 0.0, 0.0, 0.0, 0.0, 0.0, 0.0, 0.0, 0.0, 0.0, 0.0, 0.0, 0.0, 0.0, 0.0, 0.0, 0.0, 0.0, 0.0, 0.0, 0.0, 0.0, 0.0, 0.0, 0.0, 0.0, 0.0, 0.0, 0.0, 0.0, 0.0, 0.0, 0.0, 0.0, 0.0, 0.0, 0.0, 0.0, 0.0, 0.0, 0.0, 0.0, 0.0, 1.0, 0.0, 0.0, 0.0, 0.0, 0.0, 0.0, 0.0, 1.0],