{"parameters/conv1.weight": {"_type": "histogram", "values": [2.0, 5.0, 6.0, 8.0, 5.0, 7.0, 3.0, 9.0, 12.0, 6.0, 6.0, 11.0, 5.0, 9.0, 1.0, 5.0, 9.0, 6.0, 5.0, 4.0, 8.0, 5.0, 3.0, 5.0, 4.0, 8.0, 5.0, 5.0, 5.0, 6.0, 5.0, 3.0, 6.0, 7.0, 9.0, 4.0, 8.0, 10.0, 8.0, 6.0, 14.0, 15.0, 3.0, 9.0, 10.0, 8.0, 5.0, 6.0, 6.0, 7.0, 6.0, 3.0, 7.0, 3.0, 3.0, 2.0, 9.0, 5.0, 5.0, 6.0, 5.0, 7.0, 8.0, 4.0], "bins": [-0.2079840898513794, -0.2015211433172226, -0.1950581967830658, -0.1885952353477478, -0.182132288813591, -0.1756693422794342, -0.1692063808441162, -0.1627434343099594, -0.1562804877758026, -0.1498175412416458, -0.143354594707489, -0.13689163327217102, -0.13042868673801422, -0.12396574020385742, -0.11750278621912003, -0.11103983223438263, -0.10457688570022583, -0.09811393916606903, -0.09165098518133163, -0.08518803119659424, -0.07872508466243744, -0.07226213812828064, -0.06579918414354324, -0.059336233884096146, -0.05287328362464905, -0.04641033336520195, -0.03994738310575485, -0.033484432846307755, -0.027021482586860657, -0.02055853232741356, -0.014095582067966461, -0.007632631808519363, -0.0011696666479110718, 0.005293283611536026, 0.011756233870983124, 0.01821918413043022, 0.02468213438987732, 0.031145084649324417, 0.037608034908771515, 0.04407098516821861, 0.05053393542766571, 0.05699688568711281, 0.0634598359465599, 0.0699227899312973, 0.0763857364654541, 0.0828486829996109, 0.0893116369843483, 0.0957745909690857, 0.10223753750324249, 0.10870048403739929, 0.11516343802213669, 0.12162639200687408, 0.12808933854103088, 0.13455228507518768, 0.14101523160934448, 0.14747819304466248, 0.15394113957881927, 0.16040408611297607, 0.16686704754829407, 0.17332999408245087, 0.17979294061660767, 0.18625588715076447, 0.19271883368492126, 0.19918179512023926, 0.20564474165439606]}, "parameters/conv1.bias": {"_type": "histogram", "values": [1.0, 0.0, 0.0, 0.0, 0.0, 0.0, 0.0, 0.0, 2.0, 0.0, 0.0, 1.0, 0.0, 1.0, 0.0, 0.0, 0.0, 0.0, 0.0, 1.0, 0.0, 0.0, 0.0, 1.0, 0.0, 2.0, 0.0, 0.0, 0.0, 0.0, 0.0, 0.0, 0.0, 0.0, 0.0, 0.0, 0.0, 0.0, 1.0, 0.0, 1.0, 0.0, 0.0, 0.0, 0.0, 1.0, 0.0, 0.0, 0.0, 0.0, 0.0, 0.0, 0.0, 0.0, 1.0, 1.0, 0.0, 0.0, 0.0, 0.0, 0.0, 0.0, 0.0, 2.0], "bins": [-0.21440142393112183, -0.20765845477581024, -0.20091550052165985, -0.19417253136634827, -0.18742957711219788, -0.1806866079568863, -0.1739436388015747, -0.16720068454742432, -0.16045771539211273, -0.15371474623680115, -0.14697179198265076, -0.14022882282733917, -0.1334858536720276, -0.1267428994178772, -0.11999993026256561, -0.11325696855783463, -0.10651400685310364, -0.09977104514837265, -0.09302808344364166, -0.08628511428833008, -0.07954215258359909, -0.0727991908788681, -0.06605622172355652, -0.05931326001882553, -0.05257029831409454, -0.045827336609363556, -0.03908437117934227, -0.032341405749320984, -0.025598444044589996, -0.01885548233985901, -0.012112516909837723, -0.005369551479816437, 0.001373395323753357, 0.008116358891129494, 0.01485932245850563, 0.021602286025881767, 0.028345249593257904, 0.03508821129798889, 0.04183117672801018, 0.048574142158031464, 0.05531710386276245, 0.06206006556749344, 0.06880302727222443, 0.07554599642753601, 0.082288958132267, 0.08903191983699799, 0.09577488899230957, 0.10251785069704056, 0.10926081240177155, 0.11600377410650253, 0.12274673581123352, 0.1294897049665451, 0.1362326741218567, 0.14297562837600708, 0.14971859753131866, 0.15646156668663025, 0.16320452094078064, 0.16994749009609222, 0.17669044435024261, 0.1834334135055542, 0.1901763677597046, 0.19691933691501617, 0.20366230607032776, 0.21040526032447815, 0.21714822947978973]}, "parameters/conv2.weight": {"_type": "histogram", "values": [1.0, 0.0, 1.0, 1.0, 3.0, 2.0, 2.0, 5.0, 8.0, 10.0, 7.0, 14.0, 10.0, 15.0, 21.0, 29.0, 22.0, 28.0, 26.0, 33.0, 28.0, 34.0, 35.0, 26.0, 40.0, 30.0, 26.0, 37.0, 32.0, 27.0, 39.0, 31.0, 39.0, 37.0, 38.0, 31.0, 33.0, 32.0, 24.0, 32.0, 19.0, 29.0, 27.0, 27.0, 22.0, 28.0, 29.0, 24.0, 22.0, 24.0, 12.0, 7.0, 11.0, 11.0, 3.0, 5.0, 2.0, 3.0, 2.0, 2.0, 1.0, 0.0, 0.0, 1.0], "bins": [-0.0833912119269371, -0.0807119831442833, -0.07803274691104889, -0.07535351812839508, -0.07267428934574127, -0.06999506056308746, -0.06731583178043365, -0.06463659554719925, -0.06195736676454544, -0.05927813798189163, -0.056598905473947525, -0.05391967296600342, -0.05124044418334961, -0.0485612154006958, -0.045881982892751694, -0.04320275038480759, -0.04052352160215378, -0.03784429281949997, -0.03516506031155586, -0.032485827803611755, -0.029806599020957947, -0.02712736837565899, -0.02444813773036003, -0.021768907085061073, -0.019089676439762115, -0.016410445794463158, -0.0137312151491642, -0.011051984503865242, -0.008372753858566284, -0.005693523213267326, -0.0030142925679683685, -0.0003350619226694107, 0.00234416127204895, 0.005023391917347908, 0.007702622562646866, 0.010381853207945824, 0.013061083853244781, 0.01574031449854374, 0.018419545143842697, 0.021098775789141655, 0.023778006434440613, 0.02645723707973957, 0.02913646772503853, 0.031815700232982635, 0.034494929015636444, 0.03717415779829025, 0.03985339030623436, 0.04253262281417847, 0.045211851596832275, 0.047891080379486084, 0.05057031288743019, 0.0532495453953743, 0.05592877417802811, 0.058608002960681915, 0.06128723546862602, 0.06396646797657013, 0.06664569675922394, 0.06932492554187775, 0.07200415432453156, 0.07468339055776596, 0.07736261934041977, 0.08004184812307358, 0.08272108435630798, 0.08540031313896179, 0.0880795419216156]}, "parameters/conv2.bias": {"_type": "histogram", "values": [1.0, 0.0, 0.0, 0.0, 0.0, 0.0, 0.0, 0.0, 0.0, 0.0, 0.0, 0.0, 0.0, 0.0, 0.0, 0.0, 0.0, 0.0, 0.0, 0.0, 0.0, 0.0, 0.0, 0.0, 0.0, 0.0, 0.0, 1.0, 0.0, 0.0, 0.0, 0.0, 0.0, 0.0, 0.0, 0.0, 0.0, 0.0, 0.0, 0.0, 0.0, 0.0, 0.0, 0.0, 0.0, 0.0, 0.0, 0.0, 0.0, 0.0, 0.0, 0.0, 0.0, 0.0, 0.0, 0.0, 0.0, 0.0, 0.0, 0.0, 0.0, 0.0, 0.0, 1.0], "bins": [-0.12499172985553741, -0.12203703820705414, -0.11908233910799026, -0.11612764745950699, -0.11317294836044312, -0.11021825671195984, -0.10726356506347656, -0.10430886596441269, -0.10135416686534882, -0.09839947521686554, -0.09544477611780167, -0.09249008446931839, -0.08953538537025452, -0.08658069372177124, -0.08362600207328796, -0.08067130297422409, -0.07771661132574081, -0.07476191967725754, -0.07180722057819366, -0.06885252892971039, -0.06589782983064651, -0.06294313818216324, -0.059988442808389664, -0.05703374743461609, -0.054079052060842514, -0.05112435668706894, -0.048169661313295364, -0.04521496593952179, -0.04226027429103851, -0.03930557519197464, -0.036350883543491364, -0.03339618816971779, -0.030441485345363617, -0.027486789971590042, -0.024532094597816467, -0.02157740108668804, -0.018622705712914467, -0.015668010339140892, -0.012713316828012466, -0.009758621454238892, -0.006803926080465317, -0.0038492311723530293, -0.0008945362642407417, 0.0020601581782102585, 0.005014853551983833, 0.007969548925757408, 0.010924242436885834, 0.013878937810659409, 0.016833633184432983, 0.019788328558206558, 0.022743023931980133, 0.02569771744310856, 0.028652412816882133, 0.03160710632801056, 0.034561801701784134, 0.03751649707555771, 0.040471192449331284, 0.04342588782310486, 0.04638058319687843, 0.04933527857065201, 0.052289970219135284, 0.05524466931819916, 0.058199360966682434, 0.06115405634045601, 0.06410875171422958]}, "gradients/conv2.bias": {"_type": "histogram", "values": [1.0, 0.0, 0.0, 0.0, 0.0, 0.0, 0.0, 0.0, 0.0, 0.0, 0.0, 0.0, 0.0, 0.0, 0.0, 0.0, 0.0, 0.0, 0.0, 0.0, 0.0, 0.0, 0.0, 0.0, 0.0, 0.0, 0.0, 0.0, 0.0, 0.0, 0.0, 1.0, 0.0, 0.0, 0.0, 0.0, 0.0, 0.0, 0.0, 0.0, 0.0, 0.0, 0.0, 0.0, 0.0, 0.0, 0.0, 0.0, 0.0, 0.0, 0.0, 0.0, 0.0, 0.0, 0.0, 0.0, 0.0, 0.0, 0.0, 0.0, 0.0, 0.0, 0.0, 1.0],