{"parameters/conv1.weight": {"_type": "histogram", "values": [2.0, 0.0, 0.0, 3.0, 9.0, 12.0, 6.0, 7.0, 6.0, 5.0, 4.0, 6.0, 3.0, 6.0, 5.0, 7.0, 7.0, 5.0, 7.0, 6.0, 5.0, 1.0, 9.0, 12.0, 5.0, 8.0, 9.0, 4.0, 5.0, 7.0, 6.0, 10.0, 14.0, 2.0, 7.0, 7.0, 9.0, 9.0, 6.0, 7.0, 7.0, 11.0, 6.0, 7.0, 10.0, 6.0, 7.0, 7.0, 6.0, 4.0, 4.0, 7.0, 5.0, 2.0, 5.0, 6.0, 6.0, 7.0, 13.0, 9.0, 4.0, 5.0, 6.0, 2.0], "bins": [-0.22381988167762756, -0.21706518530845642, -0.21031048893928528, -0.20355580747127533, -0.1968011111021042, -0.19004641473293304, -0.1832917332649231, -0.17653703689575195, -0.1697823405265808, -0.16302764415740967, -0.15627294778823853, -0.14951826632022858, -0.14276356995105743, -0.1360088735818863, -0.12925419211387634, -0.1224994957447052, -0.11574479937553406, -0.10899010300636292, -0.10223541408777237, -0.09548072516918182, -0.08872602880001068, -0.08197133243083954, -0.07521664351224899, -0.06846195459365845, -0.061707258224487305, -0.05495256558060646, -0.048197872936725616, -0.04144318029284477, -0.03468848764896393, -0.027933795005083084, -0.02117910236120224, -0.014424409717321396, -0.007669717073440552, -0.0009150244295597076, 0.0058396682143211365, 0.01259436085820198, 0.019349053502082825, 0.02610374614596367, 0.03285843878984451, 0.03961313143372536, 0.0463678240776062, 0.053122516721487045, 0.05987720936536789, 0.06663189828395844, 0.07338659465312958, 0.08014129102230072, 0.08689597994089127, 0.09365066885948181, 0.10040536522865295, 0.1071600615978241, 0.11391475051641464, 0.12066943943500519, 0.12742413580417633, 0.13417883217334747, 0.14093351364135742, 0.14768821001052856, 0.1544429063796997, 0.16119760274887085, 0.167952299118042, 0.17470698058605194, 0.18146167695522308, 0.18821637332439423, 0.19497105479240417, 0.20172575116157532, 0.20848044753074646]}, "parameters/conv1.bias": {"_type": "histogram", "values": [1.0, 0.0, 1.0, 0.0, 0.0, 0.0, 0.0, 1.0, 0.0, 2.0, 0.0, 0.0, 0.0, 0.0, 1.0, 0.0, 1.0, 0.0, 1.0, 0.0, 0.0, 0.0, 0.0, 0.0, 0.0, 1.0, 0.0, 1.0, 0.0, 1.0, 0.0, 0.0, 0.0, 0.0, 1.0, 0.0, 0.0, 0.0, 0.0, 0.0, 0.0, 1.0, 0.0, 0.0, 0.0, 0.0, 0.0, 1.0, 0.0, 0.0, 0.0, 0.0, 0.0, 1.0, 0.0, 0.0, 0.0, 0.0, 0.0, 0.0, 0.0, 0.0, 0.0, 1.0], "bins": [-0.19968236982822418, -0.1924712359905243, -0.1852600872516632, -0.17804895341396332, -0.17083780467510223, -0.16362667083740234, -0.15641552209854126, -0.14920438826084137, -0.14199325442314148, -0.1347821205854416, -0.1275709718465805, -0.12035983800888062, -0.11314868927001953, -0.10593755543231964, -0.09872641414403915, -0.09151527285575867, -0.08430412411689758, -0.0770929828286171, -0.06988184154033661, -0.06267070770263672, -0.05545956268906593, -0.048248421400785446, -0.04103728383779526, -0.03382614254951477, -0.026615001261234283, -0.019403859972953796, -0.012192720547318459, -0.004981581121683121, 0.0022295601665973663, 0.009440701454877853, 0.016651839017868042, 0.02386298030614853, 0.031074106693267822, 0.03828524798154831, 0.045496389269828796, 0.052707526832818985, 0.05991866812109947, 0.06712980568408966, 0.07434094697237015, 0.08155208826065063, 0.08876322954893112, 0.09597437083721161, 0.1031855121254921, 0.11039665341377258, 0.11760778725147247, 0.12481893599033356, 0.13203006982803345, 0.13924121856689453, 0.14645235240459442, 0.1536634862422943, 0.1608746349811554, 0.16808576881885529, 0.17529691755771637, 0.18250805139541626, 0.18971920013427734, 0.19693033397197723, 0.20414146780967712, 0.21135260164737701, 0.2185637503862381, 0.225774884223938, 0.23298603296279907, 0.24019716680049896, 0.24740830063819885, 0.25461944937705994, 0.261830598115921]}, "parameters/conv2.weight": {"_type": "histogram", "values": [1.0, 0.0, 1.0, 1.0, 1.0, 1.0, 2.0, 0.0, 6.0, 4.0, 4.0, 9.0, 17.0, 14.0, 20.0, 24.0, 26.0, 20.0, 28.0, 20.0, 30.0, 27.0, 36.0, 28.0, 29.0, 38.0, 32.0, 35.0, 37.0, 33.0, 21.0, 29.0, 22.0, 36.0, 48.0, 35.0, 38.0, 42.0, 21.0, 26.0, 38.0, 42.0, 33.0, 29.0, 38.0, 26.0, 21.0, 19.0, 24.0, 13.0, 16.0, 18.0, 13.0, 6.0, 6.0, 5.0, 4.0, 2.0, 1.0, 1.0, 1.0, 1.0, 0.0, 1.0], "bins": [-0.08761322498321533, -0.08487322926521301, -0.0821332260966301, -0.07939322292804718, -0.07665322721004486, -0.07391323149204254, -0.07117322832345963, -0.06843322515487671, -0.06569322943687439, -0.06295323371887207, -0.060213230550289154, -0.057473231106996536, -0.05473323166370392, -0.0519932322204113, -0.04925323277711868, -0.046513233333826065, -0.04377323389053345, -0.04103323444724083, -0.03829323500394821, -0.035553235560655594, -0.032813236117362976, -0.03007323667407036, -0.02733323723077774, -0.024593237787485123, -0.021853238344192505, -0.019113238900899887, -0.01637323945760727, -0.013633240014314651, -0.010893240571022034, -0.008153241127729416, -0.005413241684436798, -0.0026732422411441803, 6.674975156784058e-05, 0.0028067491948604584, 0.005546748638153076, 0.008286748081445694, 0.011026747524738312, 0.01376674696803093, 0.016506746411323547, 0.019246745854616165, 0.021986745297908783, 0.0247267447412014, 0.02746674418449402, 0.030206743627786636, 0.032946743071079254, 0.03568674251437187, 0.03842674195766449, 0.04116674140095711, 0.043906740844249725, 0.04664674028754234, 0.04938673973083496, 0.05212673917412758, 0.0548667386174202, 0.057606738060712814, 0.06034673750400543, 0.06308673322200775, 0.06582673639059067, 0.06856673955917358, 0.0713067352771759, 0.07404673099517822, 0.07678673416376114, 0.07952673733234406, 0.08226673305034637, 0.0850067287683487, 0.08774673193693161]}, "parameters/conv2.bias": {"_type": "histogram", "values": [1.0, 0.0, 0.0, 0.0, 0.0, 0.0, 0.0, 0.0, 0.0, 0.0, 0.0, 0.0, 0.0, 0.0, 0.0, 1.0, 0.0, 0.0, 0.0, 0.0, 0.0, 0.0, 0.0, 0.0, 0.0, 0.0, 0.0, 0.0, 0.0, 0.0, 0.0, 0.0, 0.0, 0.0, 0.0, 0.0, 0.0, 0.0, 0.0, 0.0, 0.0, 0.0, 0.0, 0.0, 0.0, 0.0, 0.0, 0.0, 0.0, 0.0, 0.0, 0.0, 0.0, 0.0, 0.0, 0.0, 0.0, 0.0, 0.0, 0.0, 0.0, 0.0, 0.0, 1.0], "bins": [-0.09703022986650467, -0.0926862508058548, -0.08834227174520493, -0.08399829268455505, -0.07965431362390518, -0.07531033456325531, -0.07096634805202484, -0.06662237644195557, -0.062278393656015396, -0.057934414595365524, -0.05359043553471565, -0.04924645274877548, -0.04490247368812561, -0.04055849462747574, -0.03621451556682587, -0.031870536506175995, -0.027526557445526123, -0.02318257838487625, -0.01883859932422638, -0.014494618400931358, -0.010150639340281487, -0.005806660279631615, -0.0014626793563365936, 0.002881299704313278, 0.00722527876496315, 0.011569257825613022, 0.015913236886262894, 0.020257217809557915, 0.024601196870207787, 0.02894517593085766, 0.03328915685415268, 0.03763313591480255, 0.041977107524871826, 0.0463210865855217, 0.05066506564617157, 0.05500904470682144, 0.059353023767471313, 0.06369700282812119, 0.06804098188877106, 0.07238496840000153, 0.0767289400100708, 0.08107291907072067, 0.08541689813137054, 0.08976087719202042, 0.09410485625267029, 0.09844883531332016, 0.10279281437397003, 0.1071368008852005, 0.11148077994585037, 0.11582475900650024, 0.12016873806715012, 0.12451271712779999, 0.12885670363903046, 0.13320067524909973, 0.1375446617603302, 0.14188863337039948, 0.14623261988162994, 0.1505766063928604, 0.1549205780029297, 0.15926456451416016, 0.16360853612422943, 0.1679525226354599, 0.17229649424552917, 0.17664048075675964, 0.18098445236682892]}, "gradients/conv2.bias": {"_type": "histogram", "values": [1.0, 0.0, 0.0, 0.0, 0.0, 0.0, 0.0, 0.0, 0.0, 0.0, 0.0, 0.0, 0.0, 0.0, 0.0, 0.0, 0.0, 0.0, 0.0, 0.0, 0.0, 0.0, 0.0, 0.0, 0.0, 0.0, 0.0, 0.0, 0.0, 0.0, 0.0, 1.0, 0.0, 0.0, 0.0, 0.0, 0.0, 0.0, 0.0, 0.0, 0.0, 0.0, 0.0, 0.0, 0.0, 0.0, 0.0, 0.0, 0.0, 0.0, 0.0, 0.0, 0.0, 0.0, 0.0, 0.0, 0.0, 0.0, 0.0, 0.0, 0.0, 0.0, 0.0, 1.0],