{"parameters/conv1.weight": {"_type": "histogram", "values": [1.0, 1.0, 0.0, 1.0, 1.0, 1.0, 1.0, 5.0, 6.0, 6.0, 1.0, 9.0, 10.0, 5.0, 3.0, 6.0, 9.0, 14.0, 7.0, 6.0, 13.0, 10.0, 15.0, 5.0, 10.0, 10.0, 3.0, 4.0, 7.0, 7.0, 10.0, 4.0, 3.0, 7.0, 4.0, 8.0, 11.0, 6.0, 8.0, 6.0, 6.0, 12.0, 17.0, 5.0, 6.0, 8.0, 8.0, 7.0, 6.0, 10.0, 6.0, 5.0, 16.0, 7.0, 6.0, 6.0, 5.0, 9.0, 2.0, 3.0, 1.0, 1.0, 3.0, 1.0], "bins": [-0.26166224479675293, -0.2537613809108734, -0.2458605170249939, -0.23795965313911438, -0.23005877435207367, -0.22215791046619415, -0.21425704658031464, -0.20635618269443512, -0.1984553039073944, -0.1905544400215149, -0.18265357613563538, -0.17475271224975586, -0.16685183346271515, -0.15895096957683563, -0.15105010569095612, -0.1431492418050766, -0.13524837791919708, -0.12734751403331757, -0.11944664269685745, -0.11154577881097794, -0.10364490747451782, -0.0957440435886383, -0.08784317970275879, -0.07994231581687927, -0.07204144448041916, -0.06414058059453964, -0.05623970925807953, -0.04833884537220001, -0.0404379777610302, -0.03253711014986038, -0.024636246263980865, -0.01673537865281105, -0.00883452594280243, -0.0009336592629551888, 0.006967207416892052, 0.014868073165416718, 0.022768940776586533, 0.030669808387756348, 0.038570672273635864, 0.04647153988480568, 0.054372407495975494, 0.06227327510714531, 0.07017414271831512, 0.07807500660419464, 0.08597587049007416, 0.09387674182653427, 0.10177760571241379, 0.1096784770488739, 0.11757934093475342, 0.12548020482063293, 0.13338106870651245, 0.14128193259239197, 0.14918281137943268, 0.1570836752653122, 0.1649845391511917, 0.17288540303707123, 0.18078628182411194, 0.18868714570999146, 0.19658800959587097, 0.2044888734817505, 0.2123897522687912, 0.22029061615467072, 0.22819148004055023, 0.23609234392642975, 0.24399320781230927]}, "parameters/conv1.bias": {"_type": "histogram", "values": [1.0, 0.0, 0.0, 0.0, 0.0, 0.0, 0.0, 0.0, 1.0, 0.0, 0.0, 0.0, 0.0, 0.0, 0.0, 0.0, 0.0, 0.0, 0.0, 0.0, 0.0, 1.0, 1.0, 0.0, 1.0, 0.0, 1.0, 0.0, 0.0, 0.0, 0.0, 0.0, 0.0, 0.0, 1.0, 1.0, 0.0, 0.0, 0.0, 0.0, 0.0, 0.0, 0.0, 0.0, 1.0, 0.0, 0.0, 0.0, 0.0, 0.0, 1.0, 0.0, 1.0, 1.0, 0.0, 0.0, 1.0, 0.0, 0.0, 1.0, 0.0, 1.0, 0.0, 1.0], "bins": [-0.2953091263771057, -0.2869907021522522, -0.2786722779273987, -0.27035388350486755, -0.26203545928001404, -0.2537170350551605, -0.245398610830307, -0.23708020150661469, -0.22876179218292236, -0.22044336795806885, -0.21212495863437653, -0.203806534409523, -0.1954881250858307, -0.18716970086097717, -0.17885127663612366, -0.17053286731243134, -0.16221444308757782, -0.1538960188627243, -0.14557760953903198, -0.13725918531417847, -0.12894077599048615, -0.12062235176563263, -0.11230393499135971, -0.10398551821708679, -0.09566710144281387, -0.08734868466854095, -0.07903026789426804, -0.07071185111999512, -0.0623934306204319, -0.05407501384615898, -0.045756593346595764, -0.037438176572322845, -0.02911977469921112, -0.020801357924938202, -0.012482939288020134, -0.004164520651102066, 0.004153896123170853, 0.012472312897443771, 0.02079073339700699, 0.029109150171279907, 0.037427566945552826, 0.045745983719825745, 0.05406440049409866, 0.06238282099366188, 0.0707012414932251, 0.07901965081691742, 0.08733807504177094, 0.09565649181604385, 0.10397490859031677, 0.11229332536458969, 0.12061174213886261, 0.12893016636371613, 0.13724857568740845, 0.14556699991226196, 0.15388542413711548, 0.1622038334608078, 0.17052224278450012, 0.17884066700935364, 0.18715907633304596, 0.19547750055789948, 0.2037959098815918, 0.2121143341064453, 0.22043275833129883, 0.22875116765499115, 0.23706959187984467]}, "parameters/conv2.weight": {"_type": "histogram", "values": [1.0, 2.0, 0.0, 0.0, 0.0, 0.0, 2.0, 2.0, 0.0, 1.0, 3.0, 6.0, 3.0, 1.0, 3.0, 4.0, 10.0, 10.0, 13.0, 18.0, 17.0, 14.0, 24.0, 25.0, 24.0, 36.0, 42.0, 39.0, 59.0, 40.0, 39.0, 49.0, 47.0, 50.0, 52.0, 49.0, 46.0, 46.0, 52.0, 43.0, 41.0, 36.0, 38.0, 32.0, 35.0, 27.0, 19.0, 12.0, 20.0, 13.0, 14.0, 9.0, 11.0, 7.0, 0.0, 1.0, 3.0, 3.0, 1.0, 1.0, 1.0, 1.0, 1.0, 2.0], "bins": [-0.14294442534446716, -0.13870938122272491, -0.13447433710098267, -0.13023929297924042, -0.12600424885749817, -0.12176920473575592, -0.11753416061401367, -0.11329911649227142, -0.10906407237052917, -0.10482902824878693, -0.10059398412704468, -0.09635894000530243, -0.09212389588356018, -0.08788885176181793, -0.08365380764007568, -0.07941876351833344, -0.07518371939659119, -0.07094867527484894, -0.06671363115310669, -0.06247858703136444, -0.05824354290962219, -0.054008498787879944, -0.049773454666137695, -0.04553841054439545, -0.0413033664226532, -0.03706832230091095, -0.0328332781791687, -0.028598234057426453, -0.024363189935684204, -0.020128145813941956, -0.015893101692199707, -0.011658057570457458, -0.00742301344871521, -0.0031879693269729614, 0.0010470747947692871, 0.005282118916511536, 0.009517163038253784, 0.013752207159996033, 0.01798725128173828, 0.02222229540348053, 0.02645733952522278, 0.030692383646965027, 0.034927427768707275, 0.039162471890449524, 0.04339751601219177, 0.04763256013393402, 0.05186760425567627, 0.05610264837741852, 0.06033769249916077, 0.06457273662090302, 0.06880778074264526, 0.07304282486438751, 0.07727786898612976, 0.08151291310787201, 0.08574795722961426, 0.0899830013513565, 0.09421804547309875, 0.098453089594841, 0.10268813371658325, 0.1069231778383255, 0.11115822196006775, 0.11539326608181, 0.11962831020355225, 0.1238633543252945, 0.12809839844703674]}, "parameters/conv2.bias": {"_type": "histogram", "values": [1.0, 0.0, 0.0, 0.0, 0.0, 0.0, 0.0, 0.0, 0.0, 0.0, 0.0, 0.0, 0.0, 0.0, 0.0, 0.0, 0.0, 0.0, 0.0, 0.0, 0.0, 0.0, 0.0, 0.0, 0.0, 0.0, 0.0, 0.0, 0.0, 0.0, 0.0, 1.0, 0.0, 0.0, 0.0, 0.0, 0.0, 0.0, 0.0, 0.0, 0.0, 0.0, 0.0, 0.0, 0.0, 0.0, 0.0, 0.0, 0.0, 0.0, 0.0, 0.0, 0.0, 0.0, 0.0, 0.0, 0.0, 0.0, 0.0, 0.0, 0.0, 0.0, 0.0, 1.0], "bins": [-0.25931447744369507, -0.2536180913448334, -0.24792170524597168, -0.24222533404827118, -0.23652894794940948, -0.2308325618505478, -0.2251361906528473, -0.2194398045539856, -0.2137434184551239, -0.2080470323562622, -0.2023506462574005, -0.1966542750597, -0.19095788896083832, -0.18526150286197662, -0.17956513166427612, -0.17386874556541443, -0.16817235946655273, -0.16247597336769104, -0.15677958726882935, -0.15108321607112885, -0.14538682997226715, -0.13969044387340546, -0.13399407267570496, -0.12829768657684326, -0.12260130047798157, -0.11690491437911987, -0.11120853573083878, -0.10551215708255768, -0.09981577098369598, -0.09411938488483429, -0.08842300623655319, -0.0827266275882721, -0.0770302340388298, -0.0713338553905487, -0.06563746929168701, -0.059941086918115616, -0.05424470454454422, -0.048548322170972824, -0.04285193979740143, -0.03715555742383003, -0.031459175050258636, -0.02576279267668724, -0.020066410303115845, -0.014370027929544449, -0.008673645555973053, -0.002977263182401657, 0.0027191191911697388, 0.008415501564741135, 0.01411188393831253, 0.019808266311883926, 0.025504648685455322, 0.031201031059026718, 0.036897413432598114, 0.04259379580616951, 0.048290178179740906, 0.0539865605533123, 0.0596829429268837, 0.0653793215751648, 0.07107570767402649, 0.07677209377288818, 0.08246847242116928, 0.08816485106945038, 0.09386123716831207, 0.09955762326717377, 0.10525400191545486]}, "gradients/conv2.bias": {"_type": "histogram", "values": [1.0, 0.0, 0.0, 0.0, 0.0, 0.0, 0.0, 0.0, 0.0, 0.0, 0.0, 0.0, 0.0, 0.0, 0.0, 0.0, 0.0, 0.0, 0.0, 0.0, 0.0, 0.0, 0.0, 0.0, 0.0, 0.0, 0.0, 0.0, 0.0, 0.0, 1.0, 0.0, 0.0, 0.0, 0.0, 0.0, 0.0, 0.0, 0.0, 0.0, 0.0, 0.0, 0.0, 0.0, 0.0, 0.0, 0.0, 0.0, 0.0, 0.0, 0.0, 0.0, 0.0, 0.0, 0.0, 0.0, 0.0, 0.0, 0.0, 0.0, 0.0, 0.0, 0.0, 1.0],