{"parameters/conv1.weight": {"_type": "histogram", "values": [1.0, 0.0, 0.0, 0.0, 0.0, 0.0, 0.0, 0.0, 0.0, 0.0, 1.0, 0.0, 1.0, 0.0, 2.0, 0.0, 1.0, 1.0, 2.0, 1.0, 1.0, 4.0, 5.0, 5.0, 6.0, 2.0, 7.0, 3.0, 2.0, 8.0, 12.0, 12.0, 3.0, 6.0, 5.0, 13.0, 7.0, 6.0, 6.0, 2.0, 1.0, 6.0, 7.0, 3.0, 7.0, 7.0, 12.0, 6.0, 3.0, 5.0, 2.0, 5.0, 2.0, 2.0, 0.0, 3.0, 0.0, 3.0, 0.0, 0.0, 0.0, 0.0, 0.0, 1.0], "bins": [-0.4669017493724823, -0.4540405869483948, -0.44117942452430725, -0.4283182621002197, -0.4154571294784546, -0.40259596705436707, -0.38973480463027954, -0.376873642206192, -0.3640124797821045, -0.35115131735801697, -0.33829015493392944, -0.3254290223121643, -0.3125678598880768, -0.29970669746398926, -0.28684553503990173, -0.2739843726158142, -0.2611232399940491, -0.24826207756996155, -0.23540093004703522, -0.2225397676229477, -0.20967860519886017, -0.19681745767593384, -0.1839562952518463, -0.1710951328277588, -0.15823397040367126, -0.14537280797958374, -0.1325116604566574, -0.11965049803256989, -0.10678933560848236, -0.09392818063497543, -0.0810670256614685, -0.06820586323738098, -0.05534470081329346, -0.04248354211449623, -0.029622385278344154, -0.016761228442192078, -0.0039000697433948517, 0.008961088955402374, 0.021822243928909302, 0.034683406352996826, 0.047544561326503754, 0.06040572002530098, 0.0732668787240982, 0.08612803369760513, 0.09898918867111206, 0.11185035109519958, 0.12471150606870651, 0.13757267594337463, 0.15043382346630096, 0.1632949858903885, 0.17615613341331482, 0.18901729583740234, 0.20187845826148987, 0.2147396206855774, 0.22760076820850372, 0.24046193063259125, 0.2533230781555176, 0.2661842405796051, 0.2790454030036926, 0.29190653562545776, 0.3047676980495453, 0.3176288604736328, 0.33049002289772034, 0.34335118532180786, 0.3562123477458954]}, "parameters/conv1.bias": {"_type": "histogram", "values": [1.0, 0.0, 0.0, 0.0, 0.0, 0.0, 1.0, 0.0, 0.0, 0.0, 0.0, 0.0, 0.0, 0.0, 0.0, 0.0, 0.0, 0.0, 0.0, 0.0, 0.0, 0.0, 0.0, 0.0, 0.0, 1.0, 0.0, 0.0, 0.0, 0.0, 0.0, 0.0, 0.0, 0.0, 0.0, 0.0, 1.0, 0.0, 0.0, 0.0, 0.0, 0.0, 1.0, 1.0, 0.0, 1.0, 0.0, 0.0, 0.0, 0.0, 0.0, 0.0, 0.0, 0.0, 0.0, 0.0, 0.0, 0.0, 0.0, 0.0, 0.0, 0.0, 0.0, 1.0], "bins": [-0.419087678194046, -0.40816447138786316, -0.3972412943840027, -0.3863180875778198, -0.37539491057395935, -0.3644717037677765, -0.353548526763916, -0.34262531995773315, -0.3317021131515503, -0.32077890634536743, -0.30985572934150696, -0.2989325225353241, -0.2880093455314636, -0.27708613872528076, -0.2661629319190979, -0.2552397549152374, -0.24431656301021576, -0.2333933711051941, -0.22247017920017242, -0.21154698729515076, -0.2006237804889679, -0.18970058858394623, -0.17877739667892456, -0.1678541898727417, -0.15693101286888123, -0.14600782096385956, -0.1350846290588379, -0.12416142970323563, -0.11323823034763336, -0.1023150384426117, -0.09139184653759003, -0.08046864718198776, -0.0695454478263855, -0.05862225219607353, -0.047699056565761566, -0.0367758646607399, -0.025852669030427933, -0.014929473400115967, -0.004006281495094299, 0.006916917860507965, 0.017840109765529633, 0.0287633053958416, 0.039686501026153564, 0.05060969293117523, 0.0615328885614872, 0.07245608419179916, 0.08337927609682083, 0.0943024754524231, 0.10522566735744476, 0.11614885926246643, 0.1270720511674881, 0.13799524307250977, 0.14891844987869263, 0.1598416417837143, 0.17076483368873596, 0.18168804049491882, 0.1926112174987793, 0.20353440940380096, 0.21445760130882263, 0.2253808081150055, 0.23630400002002716, 0.24722719192504883, 0.2581503987312317, 0.26907357573509216, 0.279996782541275]}, "parameters/conv2.weight": {"_type": "histogram", "values": [1.0, 1.0, 1.0, 0.0, 0.0, 0.0, 0.0, 0.0, 0.0, 0.0, 1.0, 0.0, 0.0, 0.0, 3.0, 3.0, 0.0, 4.0, 0.0, 4.0, 0.0, 4.0, 9.0, 5.0, 8.0, 9.0, 13.0, 10.0, 8.0, 15.0, 20.0, 23.0, 29.0, 34.0, 31.0, 35.0, 35.0, 35.0, 49.0, 29.0, 29.0, 37.0, 22.0, 16.0, 23.0, 16.0, 8.0, 7.0, 6.0, 2.0, 2.0, 4.0, 2.0, 3.0, 1.0, 1.0, 0.0, 1.0, 0.0, 0.0, 0.0, 0.0, 0.0, 1.0], "bins": [-0.31706544756889343, -0.30833080410957336, -0.2995961606502533, -0.2908615171909332, -0.28212687373161316, -0.2733922600746155, -0.2646576166152954, -0.25592297315597534, -0.24718832969665527, -0.2384536862373352, -0.22971904277801514, -0.22098439931869507, -0.2122497707605362, -0.20351512730121613, -0.19478048384189606, -0.186045840382576, -0.17731119692325592, -0.16857655346393585, -0.15984191000461578, -0.1511072814464569, -0.14237263798713684, -0.13363799452781677, -0.1249033510684967, -0.11616870760917664, -0.10743407160043716, -0.0986994281411171, -0.08996479213237762, -0.08123014867305756, -0.07249550521373749, -0.06376086920499802, -0.05502622574567795, -0.04629158601164818, -0.03755694627761841, -0.02882230654358864, -0.02008766494691372, -0.0113530233502388, -0.00261838361620903, 0.00611625611782074, 0.014850899577140808, 0.023585539311170578, 0.03232017904520035, 0.04105481877923012, 0.04978945851325989, 0.058524101972579956, 0.06725874543190002, 0.0759933814406395, 0.08472802489995956, 0.09346266090869904, 0.1021973043680191, 0.11093194782733917, 0.11966658383607864, 0.12840121984481812, 0.13713586330413818, 0.14587050676345825, 0.15460515022277832, 0.1633397936820984, 0.17207443714141846, 0.18080908060073853, 0.1895437240600586, 0.19827836751937866, 0.20701299607753754, 0.2157476395368576, 0.22448228299617767, 0.23321692645549774, 0.24195155501365662]}, "parameters/conv2.bias": {"_type": "histogram", "values": [1.0, 0.0, 0.0, 0.0, 0.0, 0.0, 0.0, 0.0, 0.0, 0.0, 0.0, 0.0, 0.0, 0.0, 0.0, 0.0, 0.0, 0.0, 0.0, 0.0, 0.0, 0.0, 0.0, 0.0, 0.0, 0.0, 0.0, 1.0, 0.0, 0.0, 0.0, 0.0, 0.0, 0.0, 0.0, 0.0, 0.0, 0.0, 0.0, 0.0, 0.0, 0.0, 0.0, 0.0, 0.0, 0.0, 0.0, 0.0, 0.0, 0.0, 0.0, 0.0, 0.0, 0.0, 0.0, 0.0, 0.0, 0.0, 0.0, 0.0, 0.0, 0.0, 0.0, 1.0], "bins": [-0.18756358325481415, -0.17957167327404022, -0.1715797632932663, -0.16358785331249237, -0.15559594333171844, -0.14760403335094452, -0.1396121084690094, -0.13162019848823547, -0.12362829595804214, -0.11563638597726822, -0.1076444759964943, -0.09965255856513977, -0.09166064858436584, -0.08366873860359192, -0.075676828622818, -0.06768491864204407, -0.05969300866127014, -0.051701098680496216, -0.04370918869972229, -0.035717274993658066, -0.02772536501288414, -0.019733455032110214, -0.01174154132604599, -0.003749631345272064, 0.004242278635501862, 0.012234189547598362, 0.020226100459694862, 0.028218012303113937, 0.03620992228388786, 0.04420183226466179, 0.05219374597072601, 0.06018565595149994, 0.06817755103111267, 0.0761694610118866, 0.08416137099266052, 0.09215328097343445, 0.10014519095420837, 0.1081371009349823, 0.11612901836633682, 0.12412092834711075, 0.13211283087730408, 0.140104740858078, 0.14809665083885193, 0.15608856081962585, 0.16408047080039978, 0.1720723807811737, 0.18006429076194763, 0.18805620074272156, 0.19604812562465668, 0.2040400356054306, 0.21203194558620453, 0.22002385556697845, 0.22801576554775238, 0.2360076755285263, 0.24399960041046143, 0.25199151039123535, 0.2599834203720093, 0.2679753303527832, 0.27596724033355713, 0.28395915031433105, 0.291951060295105, 0.2999429702758789, 0.30793488025665283, 0.31592679023742676, 0.3239187002182007]}, "gradients/conv2.bias": {"_type": "histogram", "values": [1.0, 0.0, 0.0, 0.0, 0.0, 0.0, 0.0, 0.0, 0.0, 0.0, 0.0, 0.0, 0.0, 0.0, 0.0, 0.0, 0.0, 0.0, 0.0, 0.0, 0.0, 0.0, 0.0, 0.0, 0.0, 0.0, 0.0, 0.0, 0.0, 0.0, 0.0, 0.0, 0.0, 0.0, 0.0, 0.0, 0.0, 0.0, 0.0, 0.0, 0.0, 0.0, 0.0, 1.0, 0.0, 0.0, 0.0, 0.0, 0.0, 0.0, 0.0, 0.0, 0.0, 0.0, 0.0, 0.0, 0.0, 0.0, 0.0, 0.0, 0.0, 0.0, 0.0, 1.0],