{"parameters/conv1.weight": {"_type": "histogram", "values": [1.0, 0.0, 1.0, 0.0, 0.0, 2.0, 2.0, 3.0, 6.0, 7.0, 5.0, 5.0, 9.0, 9.0, 5.0, 8.0, 6.0, 10.0, 8.0, 12.0, 14.0, 11.0, 5.0, 14.0, 9.0, 12.0, 10.0, 8.0, 10.0, 17.0, 10.0, 7.0, 12.0, 9.0, 10.0, 13.0, 8.0, 10.0, 4.0, 12.0, 10.0, 6.0, 9.0, 10.0, 10.0, 13.0, 7.0, 7.0, 2.0, 7.0, 5.0, 2.0, 3.0, 2.0, 1.0, 0.0, 0.0, 0.0, 0.0, 1.0, 0.0, 0.0, 0.0, 1.0], "bins": [-0.29873305559158325, -0.2887038588523865, -0.2786746919155121, -0.2686455249786377, -0.2586163282394409, -0.24858714640140533, -0.23855796456336975, -0.22852878272533417, -0.21849960088729858, -0.208470419049263, -0.19844123721122742, -0.18841205537319183, -0.17838287353515625, -0.16835369169712067, -0.15832450985908508, -0.1482953280210495, -0.13826614618301392, -0.12823696434497833, -0.11820778250694275, -0.10817860066890717, -0.09814941883087158, -0.088120236992836, -0.07809105515480042, -0.06806187331676483, -0.05803269147872925, -0.048003509640693665, -0.03797432780265808, -0.027945145964622498, -0.017915964126586914, -0.00788678228855133, 0.002142399549484253, 0.012171581387519836, 0.02220076322555542, 0.032229945063591, 0.04225912690162659, 0.05228830873966217, 0.062317490577697754, 0.07234667241573334, 0.08237585425376892, 0.0924050360918045, 0.10243421792984009, 0.11246339976787567, 0.12249258160591125, 0.13252176344394684, 0.14255094528198242, 0.152580127120018, 0.1626093089580536, 0.17263849079608917, 0.18266767263412476, 0.19269685447216034, 0.20272603631019592, 0.2127552181482315, 0.2227843999862671, 0.23281358182430267, 0.24284276366233826, 0.25287193059921265, 0.2629011273384094, 0.2729303240776062, 0.2829594910144806, 0.292988657951355, 0.30301785469055176, 0.31304705142974854, 0.3230762183666229, 0.3331053853034973, 0.3431345820426941]}, "parameters/conv1.bias": {"_type": "histogram", "values": [1.0, 0.0, 0.0, 1.0, 0.0, 0.0, 0.0, 0.0, 0.0, 0.0, 0.0, 1.0, 0.0, 1.0, 0.0, 0.0, 0.0, 1.0, 0.0, 0.0, 0.0, 1.0, 0.0, 0.0, 0.0, 0.0, 0.0, 0.0, 0.0, 0.0, 0.0, 0.0, 0.0, 0.0, 0.0, 0.0, 0.0, 0.0, 2.0, 0.0, 0.0, 0.0, 0.0, 0.0, 0.0, 2.0, 1.0, 0.0, 0.0, 0.0, 1.0, 1.0, 0.0, 0.0, 0.0, 1.0, 0.0, 1.0, 0.0, 0.0, 0.0, 0.0, 0.0, 1.0], "bins": [-0.34996092319488525, -0.34041815996170044, -0.3308753967285156, -0.3213326334953308, -0.311789870262146, -0.3022471070289612, -0.29270434379577637, -0.28316155076026917, -0.27361878752708435, -0.26407602429389954, -0.2545332610607147, -0.2449904978275299, -0.2354477196931839, -0.22590495645999908, -0.21636219322681427, -0.20681941509246826, -0.19727666676044464, -0.18773390352725983, -0.178191140294075, -0.168648362159729, -0.1591055989265442, -0.14956283569335938, -0.14002007246017456, -0.13047730922698975, -0.12093453854322433, -0.11139177531003952, -0.10184900462627411, -0.0923062413930893, -0.08276347815990448, -0.07322070747613907, -0.06367794424295425, -0.05413517355918884, -0.04459241032600403, -0.035049643367528915, -0.02550687827169895, -0.015964113175868988, -0.006421346217393875, 0.003121420741081238, 0.012664183974266052, 0.022206954658031464, 0.03174971789121628, 0.04129248484969139, 0.050835251808166504, 0.06037801504135132, 0.06992077827453613, 0.07946354895830154, 0.08900631219148636, 0.09854908287525177, 0.10809184610843658, 0.1176346093416214, 0.1271773725748062, 0.13672015070915222, 0.14626291394233704, 0.15580567717552185, 0.16534844040870667, 0.17489120364189148, 0.1844339668750763, 0.1939767301082611, 0.20351949334144592, 0.21306225657463074, 0.22260503470897675, 0.23214779794216156, 0.24169056117534637, 0.2512333393096924, 0.2607761025428772]}, "parameters/conv2.weight": {"_type": "histogram", "values": [1.0, 0.0, 2.0, 2.0, 2.0, 8.0, 5.0, 8.0, 4.0, 10.0, 5.0, 8.0, 18.0, 18.0, 16.0, 17.0, 36.0, 41.0, 39.0, 50.0, 39.0, 47.0, 64.0, 41.0, 55.0, 61.0, 47.0, 44.0, 50.0, 51.0, 59.0, 40.0, 30.0, 38.0, 43.0, 34.0, 23.0, 34.0, 19.0, 23.0, 12.0, 7.0, 10.0, 8.0, 4.0, 5.0, 1.0, 3.0, 4.0, 2.0, 2.0, 2.0, 0.0, 2.0, 1.0, 1.0, 0.0, 0.0, 0.0, 1.0, 1.0, 0.0, 1.0, 1.0], "bins": [-0.1375829428434372, -0.13240039348602295, -0.1272178292274475, -0.12203527987003326, -0.11685273051261902, -0.11167018115520477, -0.10648762434720993, -0.10130506753921509, -0.09612251818180084, -0.0909399688243866, -0.08575741201639175, -0.08057485520839691, -0.07539230585098267, -0.07020975649356842, -0.06502719968557358, -0.059844646602869034, -0.05466209352016449, -0.049479540437459946, -0.0442969873547554, -0.03911443427205086, -0.033931881189346313, -0.02874932810664177, -0.023566775023937225, -0.01838422194123268, -0.013201668858528137, -0.008019115775823593, -0.002836562693119049, 0.002345990389585495, 0.007528543472290039, 0.012711096554994583, 0.017893649637699127, 0.02307620272040367, 0.028258755803108215, 0.03344130888581276, 0.0386238619685173, 0.04380641505122185, 0.04898896813392639, 0.054171521216630936, 0.05935407429933548, 0.06453663110733032, 0.06971918046474457, 0.07490172982215881, 0.08008428663015366, 0.0852668434381485, 0.09044939279556274, 0.09563194215297699, 0.10081449896097183, 0.10599705576896667, 0.11117960512638092, 0.11636215448379517, 0.12154471129179001, 0.12672726809978485, 0.1319098174571991, 0.13709236681461334, 0.1422749161720276, 0.14745748043060303, 0.15264002978801727, 0.15782257914543152, 0.16300514340400696, 0.1681876927614212, 0.17337024211883545, 0.1785527914762497, 0.18373534083366394, 0.18891790509223938, 0.19410045444965363]}, "parameters/conv2.bias": {"_type": "histogram", "values": [1.0, 0.0, 0.0, 0.0, 0.0, 0.0, 0.0, 0.0, 0.0, 0.0, 0.0, 0.0, 0.0, 0.0, 0.0, 0.0, 0.0, 0.0, 0.0, 0.0, 0.0, 0.0, 0.0, 0.0, 0.0, 0.0, 0.0, 0.0, 0.0, 1.0, 0.0, 0.0, 0.0, 0.0, 0.0, 0.0, 0.0, 0.0, 0.0, 0.0, 0.0, 0.0, 0.0, 0.0, 0.0, 0.0, 0.0, 0.0, 0.0, 0.0, 0.0, 0.0, 0.0, 0.0, 0.0, 0.0, 0.0, 0.0, 0.0, 0.0, 0.0, 0.0, 0.0, 1.0], "bins": [-0.3075680732727051, -0.3017496168613434, -0.2959311306476593, -0.2901126742362976, -0.2842941880226135, -0.27847573161125183, -0.27265727519989014, -0.26683878898620605, -0.26102033257484436, -0.25520187616348267, -0.24938338994979858, -0.2435649335384369, -0.237746462225914, -0.2319279909133911, -0.22610951960086823, -0.22029104828834534, -0.21447257697582245, -0.20865410566329956, -0.20283563435077667, -0.19701716303825378, -0.1911987066268921, -0.1853802353143692, -0.1795617640018463, -0.17374329268932343, -0.16792482137680054, -0.16210635006427765, -0.15628787875175476, -0.15046942234039307, -0.14465095102787018, -0.1388324797153473, -0.1330140084028244, -0.1271955370903015, -0.12137706577777863, -0.11555859446525574, -0.10974013060331345, -0.10392165929079056, -0.09810319542884827, -0.09228472411632538, -0.08646625280380249, -0.0806477814912796, -0.07482931762933731, -0.06901084631681442, -0.06319238245487213, -0.05737391114234924, -0.05155544355511665, -0.045736975967884064, -0.039918504655361176, -0.034100037068128586, -0.028281569480895996, -0.022463101893663406, -0.016644632443785667, -0.010826162993907928, -0.005007695406675339, 0.000810772180557251, 0.006629243493080139, 0.012447711080312729, 0.01826617866754532, 0.02408464625477791, 0.029903115704655647, 0.035721585154533386, 0.041540052741765976, 0.047358520328998566, 0.053176991641521454, 0.058995459228754044, 0.06481392681598663]}, "gradients/conv2.bias": {"_type": "histogram", "values": [1.0, 0.0, 0.0, 0.0, 0.0, 0.0, 0.0, 0.0, 0.0, 0.0, 0.0, 0.0, 0.0, 0.0, 0.0, 0.0, 0.0, 0.0, 0.0, 0.0, 0.0, 0.0, 1.0, 0.0, 0.0, 0.0, 0.0, 0.0, 0.0, 0.0, 0.0, 0.0, 0.0, 0.0, 0.0, 0.0, 0.0, 0.0, 0.0, 0.0, 0.0, 0.0, 0.0, 0.0, 0.0, 0.0, 0.0, 0.0, 0.0, 0.0, 0.0, 0.0, 0.0, 0.0, 0.0, 0.0, 0.0, 0.0, 0.0, 0.0, 0.0, 0.0, 0.0, 1.0],