{"parameters/conv1.weight": {"_type": "histogram", "values": [1.0, 0.0, 0.0, 0.0, 0.0, 1.0, 0.0, 3.0, 7.0, 6.0, 9.0, 10.0, 8.0, 9.0, 10.0, 4.0, 4.0, 8.0, 8.0, 9.0, 11.0, 6.0, 6.0, 10.0, 8.0, 9.0, 9.0, 12.0, 10.0, 9.0, 9.0, 8.0, 12.0, 11.0, 9.0, 10.0, 3.0, 15.0, 4.0, 9.0, 6.0, 10.0, 8.0, 8.0, 5.0, 9.0, 10.0, 7.0, 11.0, 9.0, 3.0, 9.0, 8.0, 9.0, 4.0, 2.0, 0.0, 4.0, 0.0, 0.0, 0.0, 0.0, 0.0, 1.0], "bins": [-0.2779070734977722, -0.2690957188606262, -0.26028433442115784, -0.25147294998168945, -0.24266159534454346, -0.23385022580623627, -0.22503885626792908, -0.2162274867296219, -0.2074161171913147, -0.1986047476530075, -0.18979337811470032, -0.18098200857639313, -0.17217063903808594, -0.16335926949977875, -0.15454789996147156, -0.14573653042316437, -0.13692516088485718, -0.12811379134655, -0.1193024218082428, -0.11049105226993561, -0.10167968273162842, -0.09286831319332123, -0.08405694365501404, -0.07524557411670685, -0.06643420457839966, -0.05762283504009247, -0.04881146550178528, -0.04000009596347809, -0.0311887264251709, -0.02237735688686371, -0.013565987348556519, -0.004754617810249329, 0.004056751728057861, 0.012868121266365051, 0.02167949080467224, 0.03049086034297943, 0.03930222988128662, 0.04811359941959381, 0.056924968957901, 0.06573633849620819, 0.07454770803451538, 0.08335907757282257, 0.09217044711112976, 0.10098181664943695, 0.10979318618774414, 0.11860455572605133, 0.12741592526435852, 0.1362272948026657, 0.1450386643409729, 0.1538500338792801, 0.16266140341758728, 0.17147277295589447, 0.18028414249420166, 0.18909551203250885, 0.19790688157081604, 0.20671825110912323, 0.21552962064743042, 0.2243409901857376, 0.2331523597240448, 0.241963729262352, 0.2507750988006592, 0.2595864534378052, 0.26839783787727356, 0.27720922231674194, 0.28602057695388794]}, "parameters/conv1.bias": {"_type": "histogram", "values": [1.0, 0.0, 1.0, 0.0, 1.0, 0.0, 0.0, 0.0, 1.0, 0.0, 0.0, 0.0, 0.0, 0.0, 1.0, 0.0, 0.0, 0.0, 0.0, 0.0, 0.0, 1.0, 0.0, 0.0, 0.0, 0.0, 0.0, 0.0, 0.0, 0.0, 0.0, 1.0, 0.0, 0.0, 1.0, 1.0, 0.0, 0.0, 0.0, 0.0, 1.0, 0.0, 0.0, 0.0, 0.0, 0.0, 0.0, 1.0, 0.0, 0.0, 0.0, 1.0, 2.0, 0.0, 0.0, 0.0, 0.0, 0.0, 0.0, 0.0, 0.0, 1.0, 0.0, 1.0], "bins": [-0.19762228429317474, -0.19027692079544067, -0.1829315423965454, -0.17558617889881134, -0.16824081540107727, -0.160895437002182, -0.15355007350444794, -0.14620471000671387, -0.1388593316078186, -0.13151396811008453, -0.12416859716176987, -0.1168232262134552, -0.10947786271572113, -0.10213249176740646, -0.0947871208190918, -0.08744175732135773, -0.08009639382362366, -0.07275102287530899, -0.06540565937757492, -0.058060288429260254, -0.050714921206235886, -0.04336955398321152, -0.03602418303489685, -0.028678815811872482, -0.021333448588848114, -0.013988080434501171, -0.006642712280154228, 0.0007026568055152893, 0.008048024028539658, 0.015393391251564026, 0.022738762199878693, 0.03008412942290306, 0.037429481744766235, 0.044774848967790604, 0.05212021619081497, 0.05946558713912964, 0.06681095063686371, 0.07415632158517838, 0.08150169253349304, 0.08884705603122711, 0.09619242697954178, 0.10353779792785645, 0.11088316142559052, 0.11822853237390518, 0.12557390332221985, 0.13291926681995392, 0.140264630317688, 0.14761000871658325, 0.15495537221431732, 0.1623007357120514, 0.16964611411094666, 0.17699147760868073, 0.1843368411064148, 0.19168221950531006, 0.19902758300304413, 0.2063729465007782, 0.21371832489967346, 0.22106368839740753, 0.2284090667963028, 0.23575443029403687, 0.24309979379177094, 0.250445157289505, 0.25779053568840027, 0.26513591408729553, 0.2724812626838684]}, "parameters/conv2.weight": {"_type": "histogram", "values": [1.0, 0.0, 1.0, 1.0, 1.0, 0.0, 2.0, 2.0, 0.0, 3.0, 4.0, 3.0, 15.0, 15.0, 13.0, 8.0, 15.0, 26.0, 30.0, 31.0, 34.0, 36.0, 42.0, 31.0, 50.0, 42.0, 39.0, 48.0, 45.0, 45.0, 39.0, 36.0, 49.0, 42.0, 43.0, 44.0, 43.0, 41.0, 45.0, 29.0, 30.0, 29.0, 15.0, 37.0, 21.0, 16.0, 11.0, 5.0, 8.0, 10.0, 2.0, 5.0, 2.0, 2.0, 4.0, 2.0, 1.0, 1.0, 1.0, 2.0, 0.0, 0.0, 0.0, 2.0], "bins": [-0.12079539149999619, -0.11689220368862152, -0.11298901587724686, -0.10908582806587219, -0.10518264770507812, -0.10127945989370346, -0.0973762720823288, -0.09347308427095413, -0.08956989645957947, -0.0856667086482048, -0.08176352083683014, -0.07786034047603607, -0.07395715266466141, -0.07005396485328674, -0.06615077704191208, -0.062247589230537415, -0.05834440886974335, -0.05444122105836868, -0.05053803697228432, -0.04663484916090965, -0.04273166507482529, -0.03882847726345062, -0.03492528945207596, -0.031022103503346443, -0.027118917554616928, -0.023215731605887413, -0.019312545657157898, -0.015409357845783234, -0.011506171897053719, -0.0076029859483242035, -0.003699798136949539, 0.0002033878117799759, 0.004106566309928894, 0.008009752258658409, 0.011912939138710499, 0.01581612601876259, 0.019719311967492104, 0.02362249791622162, 0.027525685727596283, 0.03142887353897095, 0.03533205762505531, 0.03923524543642998, 0.04313842952251434, 0.04704161733388901, 0.05094480514526367, 0.05484798923134804, 0.0587511770427227, 0.06265436112880707, 0.06655754894018173, 0.0704607367515564, 0.07436392456293106, 0.07826711237430573, 0.08217029273509979, 0.08607348054647446, 0.08997666835784912, 0.09387985616922379, 0.09778304398059845, 0.10168623179197311, 0.10558941960334778, 0.10949259996414185, 0.11339578777551651, 0.11729897558689117, 0.12120216339826584, 0.1251053512096405, 0.12900853157043457]}, "parameters/conv2.bias": {"_type": "histogram", "values": [1.0, 0.0, 0.0, 0.0, 0.0, 0.0, 0.0, 0.0, 0.0, 0.0, 0.0, 0.0, 0.0, 0.0, 0.0, 0.0, 0.0, 0.0, 0.0, 0.0, 0.0, 0.0, 0.0, 0.0, 0.0, 0.0, 0.0, 0.0, 0.0, 0.0, 0.0, 0.0, 1.0, 0.0, 0.0, 0.0, 0.0, 0.0, 0.0, 0.0, 0.0, 0.0, 0.0, 0.0, 0.0, 0.0, 0.0, 0.0, 0.0, 0.0, 0.0, 0.0, 0.0, 0.0, 0.0, 0.0, 0.0, 0.0, 0.0, 0.0, 0.0, 0.0, 0.0, 1.0], "bins": [-0.20014725625514984, -0.19632217288017273, -0.1924971044063568, -0.1886720210313797, -0.1848469376564026, -0.18102186918258667, -0.17719678580760956, -0.17337171733379364, -0.16954663395881653, -0.16572155058383942, -0.1618964821100235, -0.1580713987350464, -0.15424633026123047, -0.15042124688625336, -0.14659616351127625, -0.14277109503746033, -0.13894601166248322, -0.1351209282875061, -0.13129585981369019, -0.12747077643871307, -0.12364570051431656, -0.11982062458992004, -0.11599554121494293, -0.11217046529054642, -0.1083453893661499, -0.10452031344175339, -0.10069523751735687, -0.09687015414237976, -0.09304507821798325, -0.08922000229358673, -0.08539491891860962, -0.0815698429942131, -0.07774476706981659, -0.07391969114542007, -0.07009461522102356, -0.06626953184604645, -0.06244445592164993, -0.05861937999725342, -0.054794300347566605, -0.05096922069787979, -0.04714414104819298, -0.043319061398506165, -0.03949398547410965, -0.035668909549713135, -0.03184382990002632, -0.028018752112984657, -0.024193674325942993, -0.02036859653890133, -0.016543518751859665, -0.012718440964818, -0.008893363177776337, -0.0050682853907346725, -0.0012432076036930084, 0.0025818701833486557, 0.00640694797039032, 0.010232025757431984, 0.014057103544473648, 0.017882181331515312, 0.021707259118556976, 0.02553233690559864, 0.029357414692640305, 0.03318249434232712, 0.03700757026672363, 0.04083264619112015, 0.04465772584080696]}, "gradients/conv2.bias": {"_type": "histogram", "values": [1.0, 0.0, 0.0, 0.0, 0.0, 0.0, 0.0, 0.0, 0.0, 0.0, 0.0, 0.0, 0.0, 0.0, 0.0, 0.0, 0.0, 0.0, 0.0, 0.0, 0.0, 0.0, 0.0, 0.0, 0.0, 0.0, 0.0, 0.0, 0.0, 0.0, 0.0, 0.0, 0.0, 0.0, 0.0, 0.0, 0.0, 0.0, 0.0, 0.0, 0.0, 0.0, 0.0, 0.0, 0.0, 0.0, 0.0, 0.0, 0.0, 0.0, 0.0, 0.0, 1.0, 0.0, 0.0, 0.0, 0.0, 0.0, 0.0, 0.0, 0.0, 0.0, 0.0, 1.0],