{"parameters/conv1.weight": {"_type": "histogram", "values": [1.0, 0.0, 0.0, 2.0, 5.0, 3.0, 6.0, 10.0, 3.0, 8.0, 7.0, 9.0, 9.0, 6.0, 7.0, 10.0, 10.0, 9.0, 13.0, 11.0, 8.0, 11.0, 13.0, 12.0, 14.0, 8.0, 4.0, 14.0, 15.0, 12.0, 8.0, 8.0, 6.0, 7.0, 12.0, 12.0, 9.0, 7.0, 6.0, 10.0, 7.0, 8.0, 11.0, 5.0, 9.0, 10.0, 6.0, 5.0, 7.0, 3.0, 1.0, 0.0, 0.0, 2.0, 0.0, 0.0, 0.0, 0.0, 0.0, 0.0, 0.0, 0.0, 0.0, 1.0], "bins": [-0.2594121992588043, -0.24995385110378265, -0.24049551784992218, -0.2310371696949005, -0.22157883644104004, -0.21212048828601837, -0.2026621401309967, -0.19320380687713623, -0.18374545872211456, -0.1742871105670929, -0.16482877731323242, -0.15537042915821075, -0.1459120810031891, -0.1364537477493286, -0.12699539959430695, -0.11753705888986588, -0.1080787181854248, -0.09862037748098373, -0.08916203677654266, -0.079703688621521, -0.07024534791707993, -0.060787007212638855, -0.051328662782907486, -0.04187031835317612, -0.032411977648735046, -0.022953635081648827, -0.013495292514562607, -0.004036949947476387, 0.005421392619609833, 0.014879733324050903, 0.024338077753782272, 0.03379642218351364, 0.0432547926902771, 0.05271313339471817, 0.06217147782444954, 0.07162982225418091, 0.08108816295862198, 0.09054650366306305, 0.10000485181808472, 0.10946319252252579, 0.11892153322696686, 0.12837988138198853, 0.137838214635849, 0.14729656279087067, 0.15675491094589233, 0.1662132441997528, 0.17567159235477448, 0.18512994050979614, 0.19458827376365662, 0.20404662191867828, 0.21350495517253876, 0.22296330332756042, 0.2324216365814209, 0.24187998473644257, 0.25133833289146423, 0.2607966661453247, 0.27025502920150757, 0.27971336245536804, 0.2891717255115509, 0.2986300587654114, 0.30808839201927185, 0.3175467252731323, 0.3270050883293152, 0.33646342158317566, 0.34592175483703613]}, "parameters/conv1.bias": {"_type": "histogram", "values": [1.0, 0.0, 0.0, 0.0, 0.0, 0.0, 1.0, 1.0, 0.0, 0.0, 0.0, 0.0, 1.0, 0.0, 0.0, 0.0, 1.0, 0.0, 0.0, 0.0, 0.0, 0.0, 0.0, 0.0, 0.0, 0.0, 0.0, 0.0, 0.0, 2.0, 0.0, 0.0, 0.0, 0.0, 0.0, 0.0, 0.0, 0.0, 1.0, 1.0, 0.0, 0.0, 0.0, 0.0, 0.0, 0.0, 0.0, 0.0, 1.0, 0.0, 2.0, 1.0, 0.0, 0.0, 1.0, 0.0, 0.0, 0.0, 0.0, 0.0, 1.0, 0.0, 0.0, 1.0], "bins": [-0.33611661195755005, -0.3265436589717865, -0.31697073578834534, -0.3073977828025818, -0.29782482981681824, -0.2882518768310547, -0.2786789536476135, -0.26910600066185, -0.2595330476760864, -0.24996010959148407, -0.24038715660572052, -0.23081421852111816, -0.22124126553535461, -0.21166832745075226, -0.2020953893661499, -0.19252243638038635, -0.1829495131969452, -0.17337657511234283, -0.16380362212657928, -0.15423068404197693, -0.14465773105621338, -0.13508479297161102, -0.12551185488700867, -0.11593890935182571, -0.10636596381664276, -0.09679301828145981, -0.08722007274627686, -0.0776471346616745, -0.06807418912649155, -0.058501243591308594, -0.04892830178141594, -0.039355359971523285, -0.029782414436340332, -0.02020947076380253, -0.010636527091264725, -0.001063583418726921, 0.008509360253810883, 0.018082305788993835, 0.02765524759888649, 0.037228189408779144, 0.0468011349439621, 0.05637408047914505, 0.065947026014328, 0.07551996409893036, 0.08509290963411331, 0.09466585516929626, 0.10423879325389862, 0.11381173878908157, 0.12338468432426453, 0.13295762240886688, 0.14253057539463043, 0.1521035134792328, 0.16167646646499634, 0.1712494045495987, 0.18082234263420105, 0.1903952956199646, 0.19996823370456696, 0.2095411717891693, 0.21911412477493286, 0.22868706285953522, 0.23826000094413757, 0.24783295392990112, 0.2574059069156647, 0.26697883009910583, 0.2765517830848694]}, "parameters/conv2.weight": {"_type": "histogram", "values": [1.0, 0.0, 0.0, 1.0, 4.0, 1.0, 1.0, 2.0, 5.0, 6.0, 8.0, 3.0, 11.0, 15.0, 23.0, 25.0, 30.0, 33.0, 56.0, 55.0, 60.0, 61.0, 71.0, 67.0, 69.0, 60.0, 61.0, 75.0, 73.0, 47.0, 62.0, 43.0, 42.0, 31.0, 22.0, 18.0, 14.0, 8.0, 9.0, 5.0, 3.0, 5.0, 1.0, 2.0, 3.0, 2.0, 1.0, 0.0, 0.0, 1.0, 1.0, 0.0, 0.0, 1.0, 0.0, 0.0, 0.0, 1.0, 0.0, 0.0, 0.0, 0.0, 0.0, 1.0], "bins": [-0.154983788728714, -0.14882521331310272, -0.14266663789749146, -0.13650807738304138, -0.13034950196743011, -0.12419092655181885, -0.11803235113620758, -0.11187378317117691, -0.10571521520614624, -0.09955663979053497, -0.0933980718255043, -0.08723949640989304, -0.08108092844486237, -0.0749223530292511, -0.06876377761363983, -0.06260520964860916, -0.056446634232997894, -0.050288062542676926, -0.04412949085235596, -0.03797091543674469, -0.03181234747171402, -0.025653773918747902, -0.019495200365781784, -0.013336628675460815, -0.007178056985139847, -0.0010194848291575909, 0.005139087326824665, 0.011297659948468208, 0.017456231638789177, 0.023614803329110146, 0.029773376882076263, 0.03593194857239723, 0.0420905202627182, 0.04824909195303917, 0.05440766364336014, 0.060566239058971405, 0.06672480702400208, 0.07288338243961334, 0.07904195785522461, 0.08520052582025528, 0.09135909378528595, 0.09751766920089722, 0.10367623716592789, 0.10983481258153915, 0.11599338054656982, 0.12215195596218109, 0.12831053137779236, 0.13446909189224243, 0.1406276822090149, 0.14678625762462616, 0.15294483304023743, 0.1591033935546875, 0.16526196897029877, 0.17142054438591003, 0.1775791198015213, 0.18373769521713257, 0.18989625573158264, 0.1960548311471939, 0.20221340656280518, 0.20837196707725525, 0.21453054249286652, 0.22068911790847778, 0.22684769332408905, 0.23300626873970032, 0.2391648292541504]}, "parameters/conv2.bias": {"_type": "histogram", "values": [1.0, 0.0, 0.0, 0.0, 0.0, 0.0, 0.0, 0.0, 0.0, 0.0, 0.0, 0.0, 0.0, 0.0, 0.0, 0.0, 0.0, 0.0, 0.0, 0.0, 0.0, 0.0, 0.0, 0.0, 0.0, 0.0, 0.0, 0.0, 0.0, 0.0, 0.0, 0.0, 0.0, 1.0, 0.0, 0.0, 0.0, 0.0, 0.0, 0.0, 0.0, 0.0, 0.0, 0.0, 0.0, 0.0, 0.0, 0.0, 0.0, 0.0, 0.0, 0.0, 0.0, 0.0, 0.0, 0.0, 0.0, 0.0, 0.0, 0.0, 0.0, 0.0, 0.0, 1.0], "bins": [-0.22144217789173126, -0.2161678522825241, -0.21089354157447815, -0.205619215965271, -0.20034489035606384, -0.1950705647468567, -0.18979625403881073, -0.18452192842960358, -0.17924761772155762, -0.17397329211235046, -0.1686989814043045, -0.16342465579509735, -0.1581503301858902, -0.15287601947784424, -0.14760169386863708, -0.14232736825942993, -0.13705304265022278, -0.13177871704101562, -0.12650440633296967, -0.12123008072376251, -0.11595575511455536, -0.1106814369559288, -0.10540711879730225, -0.10013279318809509, -0.09485847502946854, -0.08958415687084198, -0.08430983126163483, -0.07903551310300827, -0.07376119494438171, -0.06848686933517456, -0.063212551176548, -0.05793822929263115, -0.05266391485929489, -0.047389592975378036, -0.04211527109146118, -0.036840952932834625, -0.03156663104891777, -0.026292309165000916, -0.02101799100637436, -0.015743669122457504, -0.01046934723854065, -0.005195026285946369, 7.929466664791107e-05, 0.005353614687919617, 0.010627936571836472, 0.015902258455753326, 0.021176576614379883, 0.026450898498296738, 0.03172522038221359, 0.03699954226613045, 0.0422738641500473, 0.04754818230867386, 0.052822504192590714, 0.05809682607650757, 0.06337114423513412, 0.06864546239376068, 0.07391978800296783, 0.07919410616159439, 0.08446843177080154, 0.0897427499294281, 0.09501707553863525, 0.10029139369726181, 0.10556571185588837, 0.11084003746509552, 0.11611435562372208]}, "gradients/conv2.bias": {"_type": "histogram", "values": [1.0, 0.0, 0.0, 0.0, 0.0, 0.0, 0.0, 0.0, 0.0, 0.0, 0.0, 0.0, 0.0, 0.0, 0.0, 1.0, 0.0, 0.0, 0.0, 0.0, 0.0, 0.0, 0.0, 0.0, 0.0, 0.0, 0.0, 0.0, 0.0, 0.0, 0.0, 0.0, 0.0, 0.0, 0.0, 0.0, 0.0, 0.0, 0.0, 0.0, 0.0, 0.0, 0.0, 0.0, 0.0, 0.0, 0.0, 0.0, 0.0, 0.0, 0.0, 0.0, 0.0, 0.0, 0.0, 0.0, 0.0, 0.0, 0.0, 0.0, 0.0, 0.0, 0.0, 1.0],