{"parameters/conv1.weight": {"_type": "histogram", "values": [2.0, 0.0, 1.0, 0.0, 2.0, 2.0, 1.0, 1.0, 2.0, 0.0, 2.0, 0.0, 2.0, 0.0, 0.0, 1.0, 0.0, 2.0, 2.0, 0.0, 3.0, 1.0, 2.0, 2.0, 3.0, 3.0, 1.0, 2.0, 0.0, 1.0, 3.0, 0.0, 1.0, 2.0, 2.0, 2.0, 1.0, 2.0, 1.0, 0.0, 1.0, 0.0, 1.0, 0.0, 1.0, 3.0, 1.0, 3.0, 0.0, 0.0, 1.0, 0.0, 1.0, 2.0, 0.0, 1.0, 1.0, 0.0, 1.0, 1.0, 1.0, 0.0, 0.0, 1.0], "bins": [-0.3657279908657074, -0.3547886610031128, -0.3438493609428406, -0.33291003108024597, -0.32197070121765137, -0.31103137135505676, -0.30009204149246216, -0.28915274143218994, -0.27821341156959534, -0.26727408170700073, -0.2563347816467285, -0.2453954517841339, -0.2344561219215393, -0.2235167920589447, -0.2125774770975113, -0.20163816213607788, -0.19069883227348328, -0.17975950241088867, -0.16882018744945526, -0.15788087248802185, -0.14694154262542725, -0.13600221276283264, -0.12506289780139923, -0.11412357538938522, -0.10318425297737122, -0.09224493056535721, -0.0813056081533432, -0.0703662857413292, -0.059426963329315186, -0.04848764091730118, -0.03754831850528717, -0.026608996093273163, -0.015669673681259155, -0.004730351269245148, 0.00620897114276886, 0.017148293554782867, 0.028087615966796875, 0.03902693837881088, 0.04996626079082489, 0.0609055832028389, 0.0718449056148529, 0.08278422802686691, 0.09372355043888092, 0.10466287285089493, 0.11560219526290894, 0.12654152512550354, 0.13748084008693695, 0.14842015504837036, 0.15935948491096497, 0.17029881477355957, 0.18123812973499298, 0.1921774446964264, 0.203116774559021, 0.2140561044216156, 0.224995419383049, 0.23593473434448242, 0.24687406420707703, 0.25781339406967163, 0.26875269412994385, 0.27969202399253845, 0.29063135385513306, 0.30157068371772766, 0.31251001358032227, 0.3234493136405945, 0.3343886435031891]}, "parameters/conv1.bias": {"_type": "histogram", "values": [1.0, 0.0, 1.0, 0.0, 0.0, 0.0, 1.0, 1.0, 0.0, 0.0, 0.0, 0.0, 0.0, 0.0, 0.0, 0.0, 0.0, 1.0, 0.0, 0.0, 0.0, 0.0, 0.0, 0.0, 0.0, 0.0, 0.0, 0.0, 0.0, 0.0, 0.0, 0.0, 0.0, 0.0, 1.0, 0.0, 0.0, 0.0, 0.0, 0.0, 1.0, 0.0, 0.0, 0.0, 0.0, 0.0, 0.0, 0.0, 0.0, 0.0, 0.0, 0.0, 0.0, 0.0, 0.0, 0.0, 0.0, 0.0, 0.0, 0.0, 0.0, 0.0, 0.0, 1.0], "bins": [-0.31239354610443115, -0.2995752692222595, -0.2867570221424103, -0.27393874526023865, -0.2611204981803894, -0.24830222129821777, -0.23548395931720734, -0.2226656973361969, -0.20984743535518646, -0.19702917337417603, -0.1842109113931656, -0.17139264941215515, -0.15857437252998352, -0.14575612545013428, -0.13293784856796265, -0.12011958658695221, -0.10730132460594177, -0.09448306262493134, -0.0816648006439209, -0.06884653121232986, -0.05602826923131943, -0.04321000725030899, -0.030391737818717957, -0.01757347583770752, -0.0047552138566970825, 0.008063049986958504, 0.02088131383061409, 0.033699579536914825, 0.04651784151792526, 0.0593361034989357, 0.07215437293052673, 0.08497263491153717, 0.09779089689254761, 0.11060915887355804, 0.12342742085456848, 0.1362456977367401, 0.14906394481658936, 0.161882221698761, 0.17470048367977142, 0.18751874566078186, 0.2003370076417923, 0.21315526962280273, 0.22597353160381317, 0.2387917935848236, 0.25161007046699524, 0.2644283175468445, 0.2772465944290161, 0.29006487131118774, 0.302883118391037, 0.3157013952732086, 0.32851964235305786, 0.3413379192352295, 0.35415616631507874, 0.36697444319725037, 0.3797926902770996, 0.39261096715927124, 0.40542924404144287, 0.4182475209236145, 0.43106576800346375, 0.4438840448856354, 0.4567022919654846, 0.46952056884765625, 0.4823388457298279, 0.4951570928096771, 0.5079753398895264]}, "parameters/conv2.weight": {"_type": "histogram", "values": [2.0, 0.0, 0.0, 1.0, 1.0, 0.0, 1.0, 2.0, 0.0, 2.0, 1.0, 0.0, 5.0, 2.0, 2.0, 5.0, 3.0, 5.0, 3.0, 6.0, 4.0, 4.0, 2.0, 4.0, 7.0, 8.0, 3.0, 2.0, 8.0, 3.0, 5.0, 0.0, 7.0, 2.0, 5.0, 4.0, 8.0, 4.0, 5.0, 3.0, 6.0, 2.0, 1.0, 8.0, 3.0, 2.0, 8.0, 5.0, 6.0, 5.0, 3.0, 3.0, 2.0, 4.0, 9.0, 3.0, 0.0, 5.0, 1.0, 3.0, 2.0, 4.0, 0.0, 2.0], "bins": [-0.19253034889698029, -0.18751633167266846, -0.18250232934951782, -0.1774883270263672, -0.17247430980205536, -0.16746029257774353, -0.1624462902545929, -0.15743228793144226, -0.15241827070713043, -0.1474042534828186, -0.14239025115966797, -0.13737624883651733, -0.1323622316122055, -0.12734821438789368, -0.12233421206474304, -0.11732020229101181, -0.11230619251728058, -0.10729218274354935, -0.10227817296981812, -0.09726416319608688, -0.09225015342235565, -0.08723614364862442, -0.08222213387489319, -0.07720812410116196, -0.07219411432743073, -0.0671801045536995, -0.06216609477996826, -0.05715208500623703, -0.0521380752325058, -0.04712406545877457, -0.042110055685043335, -0.0370960459113121, -0.032082051038742065, -0.027068041265010834, -0.022054031491279602, -0.01704002171754837, -0.012026011943817139, -0.007012002170085907, -0.0019979923963546753, 0.0030160173773765564, 0.008030027151107788, 0.01304403692483902, 0.01805804669857025, 0.023072056472301483, 0.028086066246032715, 0.03310007601976395, 0.03811408579349518, 0.04312809556722641, 0.04814210534095764, 0.05315611511468887, 0.058170124888420105, 0.06318413466215134, 0.06819814443588257, 0.0732121542096138, 0.07822616398334503, 0.08324017375707626, 0.0882541835308075, 0.09326819330453873, 0.09828220307826996, 0.10329621285200119, 0.10831022262573242, 0.11332423239946365, 0.11833824217319489, 0.12335225194692612, 0.12836626172065735]}, "parameters/conv2.bias": {"_type": "histogram", "values": [1.0, 0.0, 0.0, 0.0, 0.0, 0.0, 0.0, 0.0, 0.0, 0.0, 0.0, 0.0, 0.0, 0.0, 0.0, 0.0, 0.0, 0.0, 0.0, 0.0, 0.0, 0.0, 0.0, 0.0, 0.0, 0.0, 0.0, 1.0, 0.0, 0.0, 0.0, 0.0, 0.0, 0.0, 0.0, 0.0, 0.0, 0.0, 0.0, 0.0, 0.0, 0.0, 0.0, 0.0, 0.0, 0.0, 0.0, 0.0, 0.0, 0.0, 0.0, 0.0, 0.0, 0.0, 0.0, 0.0, 0.0, 0.0, 0.0, 0.0, 0.0, 0.0, 0.0, 1.0], "bins": [0.21821720898151398, 0.2260347604751587, 0.2338523268699646, 0.2416698932647705, 0.24948744475841522, 0.25730499625205994, 0.26512256264686584, 0.27294012904167175, 0.2807576656341553, 0.2885752320289612, 0.2963927984237671, 0.3042103350162506, 0.3120279014110565, 0.3198454678058624, 0.32766300439834595, 0.33548057079315186, 0.34329813718795776, 0.35111570358276367, 0.3589332699775696, 0.3667508065700531, 0.374568372964859, 0.3823859393596649, 0.39020347595214844, 0.39802104234695435, 0.40583860874176025, 0.41365617513656616, 0.42147374153137207, 0.4292912781238556, 0.4371088445186615, 0.4449264109134674, 0.4527439475059509, 0.46056151390075684, 0.46837908029556274, 0.47619664669036865, 0.48401421308517456, 0.4918317496776581, 0.499649316072464, 0.5074668526649475, 0.5152844190597534, 0.5231019854545593, 0.5309195518493652, 0.5387371182441711, 0.546554684638977, 0.554372251033783, 0.5621898174285889, 0.57000732421875, 0.5778248906135559, 0.5856424570083618, 0.5934600234031677, 0.6012775897979736, 0.6090951561927795, 0.6169127225875854, 0.6247302293777466, 0.6325477957725525, 0.6403653621673584, 0.6481829285621643, 0.6560004949569702, 0.6638180613517761, 0.671635627746582, 0.6794531941413879, 0.6872707605361938, 0.695088267326355, 0.7029058337211609, 0.7107234001159668, 0.7185409665107727]}, "gradients/conv2.bias": {"_type": "histogram", "values": [1.0, 0.0, 0.0, 0.0, 1.0, 0.0, 0.0, 0.0, 0.0, 0.0, 0.0, 0.0, 0.0, 0.0, 0.0, 0.0, 0.0, 0.0, 0.0, 0.0, 0.0, 0.0, 0.0, 0.0, 0.0, 0.0, 0.0, 0.0, 0.0, 0.0, 0.0, 0.0, 0.0, 0.0, 0.0, 0.0, 0.0, 0.0, 0.0, 0.0, 0.0, 0.0, 0.0, 0.0, 0.0, 0.0, 0.0, 0.0, 0.0, 0.0, 0.0, 0.0, 0.0, 0.0, 0.0, 0.0, 0.0, 0.0, 0.0, 0.0, 0.0, 0.0, 0.0, 1.0],