{"parameters/conv1.weight": {"_type": "histogram", "values": [2.0, 0.0, 5.0, 2.0, 4.0, 4.0, 1.0, 4.0, 0.0, 3.0, 0.0, 1.0, 6.0, 2.0, 3.0, 3.0, 2.0, 4.0, 3.0, 3.0, 4.0, 1.0, 2.0, 4.0, 5.0, 1.0, 4.0, 2.0, 3.0, 3.0, 4.0, 3.0, 5.0, 4.0, 2.0, 3.0, 3.0, 2.0, 2.0, 2.0, 3.0, 6.0, 3.0, 5.0, 4.0, 7.0, 1.0, 6.0, 4.0, 4.0, 2.0, 4.0, 1.0, 5.0, 3.0, 4.0, 2.0, 3.0, 5.0, 9.0, 2.0, 4.0, 0.0, 2.0], "bins": [-0.20924414694309235, -0.20278725028038025, -0.19633036851882935, -0.18987347185611725, -0.18341657519340515, -0.17695967853069305, -0.17050278186798096, -0.16404590010643005, -0.15758900344371796, -0.15113210678100586, -0.14467522501945496, -0.13821832835674286, -0.13176143169403076, -0.12530453503131866, -0.11884764581918716, -0.11239075660705566, -0.10593385994434357, -0.09947696328163147, -0.09302007406949997, -0.08656318485736847, -0.08010628819465637, -0.07364939153194427, -0.06719250231981277, -0.060735609382390976, -0.05427871644496918, -0.04782182350754738, -0.04136493057012558, -0.03490803763270378, -0.028451144695281982, -0.021994251757860184, -0.015537358820438385, -0.009080465883016586, -0.0026235878467559814, 0.0038333050906658173, 0.010290198028087616, 0.016747090965509415, 0.023203983902931213, 0.029660876840353012, 0.03611776977777481, 0.04257466271519661, 0.04903155565261841, 0.05548844859004021, 0.061945341527462006, 0.0684022307395935, 0.0748591274023056, 0.0813160240650177, 0.0877729132771492, 0.0942298024892807, 0.1006866991519928, 0.1071435958147049, 0.1136004850268364, 0.1200573742389679, 0.12651427090168, 0.1329711675643921, 0.139428049325943, 0.1458849459886551, 0.1523418426513672, 0.15879873931407928, 0.16525563597679138, 0.17171251773834229, 0.17816941440105438, 0.18462631106376648, 0.19108319282531738, 0.19754008948802948, 0.20399698615074158]}, "parameters/conv1.bias": {"_type": "histogram", "values": [1.0, 0.0, 0.0, 0.0, 0.0, 0.0, 0.0, 0.0, 0.0, 0.0, 0.0, 0.0, 0.0, 0.0, 0.0, 0.0, 0.0, 0.0, 0.0, 0.0, 0.0, 0.0, 1.0, 0.0, 0.0, 1.0, 0.0, 0.0, 0.0, 0.0, 0.0, 1.0, 0.0, 0.0, 0.0, 0.0, 0.0, 0.0, 0.0, 0.0, 0.0, 0.0, 0.0, 0.0, 0.0, 0.0, 0.0, 0.0, 0.0, 0.0, 0.0, 0.0, 0.0, 1.0, 0.0, 0.0, 0.0, 1.0, 0.0, 0.0, 0.0, 1.0, 0.0, 1.0], "bins": [-0.21977053582668304, -0.21240979433059692, -0.205049067735672, -0.19768832623958588, -0.19032759964466095, -0.18296685814857483, -0.1756061315536499, -0.16824539005756378, -0.16088464856147766, -0.15352390706539154, -0.1461631804704666, -0.1388024389743805, -0.13144171237945557, -0.12408097088336945, -0.11672023683786392, -0.1093595027923584, -0.10199877619743347, -0.09463804215192795, -0.08727730810642242, -0.0799165666103363, -0.07255584001541138, -0.06519509851932526, -0.05783436447381973, -0.05047363042831421, -0.043112896382808685, -0.03575216233730316, -0.02839142642915249, -0.021030690521001816, -0.013669956475496292, -0.006309222429990768, 0.0010515153408050537, 0.008412249386310577, 0.015772998332977295, 0.02313373237848282, 0.03049446828663349, 0.037855204194784164, 0.04521593824028969, 0.05257667228579521, 0.059937410056591034, 0.06729814410209656, 0.07465887814760208, 0.0820196121931076, 0.08938034623861313, 0.09674108028411865, 0.10410182178020477, 0.1114625483751297, 0.11882328987121582, 0.12618401646614075, 0.13354475796222687, 0.140905499458313, 0.14826622605323792, 0.15562696754932404, 0.16298769414424896, 0.17034843564033508, 0.17770916223526, 0.18506990373134613, 0.19243064522743225, 0.19979138672351837, 0.2071521133184433, 0.21451285481452942, 0.22187358140945435, 0.22923432290554047, 0.2365950644016266, 0.2439557909965515, 0.25131651759147644]}, "parameters/conv2.weight": {"_type": "histogram", "values": [1.0, 0.0, 0.0, 1.0, 1.0, 0.0, 0.0, 0.0, 1.0, 1.0, 1.0, 1.0, 1.0, 0.0, 6.0, 7.0, 8.0, 8.0, 12.0, 10.0, 8.0, 17.0, 17.0, 6.0, 14.0, 16.0, 9.0, 20.0, 18.0, 12.0, 11.0, 15.0, 4.0, 19.0, 16.0, 15.0, 17.0, 13.0, 14.0, 19.0, 15.0, 13.0, 19.0, 12.0, 10.0, 18.0, 17.0, 12.0, 13.0, 17.0, 9.0, 10.0, 8.0, 12.0, 21.0, 11.0, 12.0, 8.0, 5.0, 5.0, 8.0, 4.0, 1.0, 1.0], "bins": [-0.12744192779064178, -0.12394246459007263, -0.12044300884008408, -0.11694354563951492, -0.11344408988952637, -0.10994462668895721, -0.10644516348838806, -0.1029457077383995, -0.09944624453783035, -0.0959467813372612, -0.09244732558727264, -0.08894786238670349, -0.08544840663671494, -0.08194894343614578, -0.07844948768615723, -0.07495002448558807, -0.07145056128501892, -0.06795109808444977, -0.06445164233446121, -0.06095217913389206, -0.057452719658613205, -0.05395326018333435, -0.050453800708055496, -0.04695434123277664, -0.043454885482788086, -0.03995542600750923, -0.03645596653223038, -0.032956503331661224, -0.02945704385638237, -0.025957584381103516, -0.02245812490582466, -0.018958663567900658, -0.015459202229976654, -0.011959741823375225, -0.008460281416773796, -0.004960821941494942, -0.0014613615348935127, 0.0020380988717079163, 0.005537558346986771, 0.009037019684910774, 0.012536479160189629, 0.016035938635468483, 0.019535399973392487, 0.02303485944867134, 0.026534318923950195, 0.0300337802618742, 0.033533237874507904, 0.03703270107507706, 0.04053216055035591, 0.044031620025634766, 0.04753107950091362, 0.051030538976192474, 0.05453000217676163, 0.05802946165204048, 0.061528921127319336, 0.06502838432788849, 0.06852784007787704, 0.0720273032784462, 0.07552675902843475, 0.0790262222290039, 0.08252567797899246, 0.08602514117956161, 0.08952459692955017, 0.09302406013011932, 0.09652352333068848]}, "parameters/conv2.bias": {"_type": "histogram", "values": [1.0, 0.0, 0.0, 0.0, 0.0, 0.0, 0.0, 0.0, 0.0, 0.0, 0.0, 0.0, 0.0, 0.0, 0.0, 0.0, 0.0, 0.0, 0.0, 0.0, 0.0, 0.0, 0.0, 0.0, 0.0, 0.0, 0.0, 0.0, 0.0, 0.0, 0.0, 0.0, 0.0, 0.0, 1.0, 0.0, 0.0, 0.0, 0.0, 0.0, 0.0, 0.0, 0.0, 0.0, 0.0, 0.0, 0.0, 0.0, 0.0, 0.0, 0.0, 0.0, 0.0, 0.0, 0.0, 0.0, 0.0, 0.0, 0.0, 0.0, 0.0, 0.0, 0.0, 1.0], "bins": [-0.17634576559066772, -0.17201100289821625, -0.16767624020576477, -0.1633414775133133, -0.15900671482086182, -0.15467193722724915, -0.15033717453479767, -0.1460024118423462, -0.14166764914989471, -0.13733288645744324, -0.13299812376499176, -0.12866336107254028, -0.12432859092950821, -0.11999382823705673, -0.11565905809402466, -0.11132429540157318, -0.1069895327091217, -0.10265477001667023, -0.09832000732421875, -0.09398523718118668, -0.0896504744887352, -0.08531571179628372, -0.08098094165325165, -0.07664617896080017, -0.0723114162683487, -0.06797665357589722, -0.06364189088344574, -0.059307120740413666, -0.05497235804796219, -0.05063759535551071, -0.046302828937768936, -0.04196806252002716, -0.03763329237699509, -0.03329852968454361, -0.028963763266801834, -0.024628998711705208, -0.02029423415660858, -0.015959469601511955, -0.011624705046415329, -0.007289940491318703, -0.0029551759362220764, 0.0013795886188745499, 0.005714353173971176, 0.010049117729067802, 0.014383882284164429, 0.018718646839261055, 0.02305341139435768, 0.027388175949454308, 0.031722940504550934, 0.03605770319700241, 0.040392469614744186, 0.04472723603248596, 0.04906199872493744, 0.053396761417388916, 0.05773152783513069, 0.06206629425287247, 0.06640105694532394, 0.07073581963777542, 0.0750705897808075, 0.07940535247325897, 0.08374011516571045, 0.08807487785816193, 0.0924096405506134, 0.09674441069364548, 0.10107917338609695]}, "gradients/conv2.bias": {"_type": "histogram", "values": [1.0, 0.0, 0.0, 0.0, 0.0, 0.0, 0.0, 0.0, 0.0, 0.0, 0.0, 0.0, 0.0, 0.0, 0.0, 0.0, 0.0, 0.0, 0.0, 0.0, 0.0, 0.0, 0.0, 0.0, 0.0, 0.0, 0.0, 0.0, 0.0, 0.0, 0.0, 0.0, 0.0, 0.0, 0.0, 0.0, 0.0, 0.0, 0.0, 0.0, 0.0, 0.0, 0.0, 0.0, 0.0, 0.0, 0.0, 0.0, 0.0, 0.0, 0.0, 0.0, 1.0, 0.0, 0.0, 0.0, 0.0, 0.0, 0.0, 0.0, 0.0, 0.0, 0.0, 1.0],