{"parameters/graph_1conv1.weight": {"_type": "histogram", "values": [1.0, 0.0, 1.0, 0.0, 3.0, 1.0, 0.0, 3.0, 1.0, 2.0, 0.0, 0.0, 0.0, 0.0, 0.0, 0.0, 0.0, 0.0, 0.0, 0.0, 2.0, 0.0, 2.0, 0.0, 2.0, 1.0, 1.0, 1.0, 1.0, 0.0, 1.0, 0.0, 1.0, 0.0, 0.0, 0.0, 0.0, 0.0, 0.0, 0.0, 0.0, 0.0, 0.0, 0.0, 0.0, 0.0, 0.0, 0.0, 0.0, 0.0, 0.0, 0.0, 0.0, 1.0, 0.0, 0.0, 0.0, 0.0, 0.0, 0.0, 1.0, 0.0, 0.0, 1.0], "bins": [-0.17963354289531708, -0.16560184955596924, -0.1515701562166214, -0.13753846287727356, -0.12350676953792572, -0.10947507619857788, -0.09544338285923004, -0.0814116895198822, -0.06737999618053436, -0.05334830284118652, -0.039316609501838684, -0.025284916162490845, -0.011253222823143005, 0.002778470516204834, 0.016810163855552673, 0.030841857194900513, 0.04487355053424835, 0.05890524387359619, 0.07293693721294403, 0.08696863055229187, 0.10100032389163971, 0.11503201723098755, 0.1290637105703354, 0.14309540390968323, 0.15712709724903107, 0.1711587905883789, 0.18519048392772675, 0.19922217726707458, 0.21325387060642242, 0.22728556394577026, 0.2413172572851181, 0.25534895062446594, 0.2693806290626526, 0.2834123373031616, 0.29744401574134827, 0.3114756941795349, 0.32550740242004395, 0.339539110660553, 0.3535707890987396, 0.36760246753692627, 0.3816341757774353, 0.39566588401794434, 0.409697562456131, 0.4237292408943176, 0.43776094913482666, 0.4517926573753357, 0.46582433581352234, 0.479856014251709, 0.493887722492218, 0.507919430732727, 0.5219510793685913, 0.5359827876091003, 0.5500144958496094, 0.5640462040901184, 0.5780779123306274, 0.5921095609664917, 0.6061412692070007, 0.6201729774475098, 0.634204626083374, 0.6482363343238831, 0.6622680425643921, 0.6762997508049011, 0.6903314590454102, 0.7043631076812744, 0.7183948159217834]}, "parameters/graph_1conv1.bias": {"_type": "histogram", "values": [1.0, 0.0, 0.0, 0.0, 0.0, 0.0, 0.0, 0.0, 0.0, 0.0, 0.0, 0.0, 0.0, 0.0, 0.0, 0.0, 0.0, 0.0, 0.0, 0.0, 0.0, 0.0, 1.0, 0.0, 0.0, 0.0, 0.0, 0.0, 0.0, 0.0, 0.0, 0.0, 0.0, 0.0, 0.0, 0.0, 0.0, 0.0, 0.0, 0.0, 0.0, 0.0, 0.0, 0.0, 0.0, 0.0, 0.0, 0.0, 0.0, 0.0, 0.0, 0.0, 0.0, 0.0, 0.0, 0.0, 0.0, 0.0, 0.0, 0.0, 0.0, 0.0, 0.0, 1.0], "bins": [-0.25545141100883484, -0.24749426543712616, -0.23953711986541748, -0.2315799742937088, -0.22362282872200012, -0.21566569805145264, -0.20770855247974396, -0.19975140690803528, -0.1917942613363266, -0.18383711576461792, -0.17587997019290924, -0.16792282462120056, -0.15996569395065308, -0.1520085334777832, -0.14405140280723572, -0.13609425723552704, -0.12813711166381836, -0.12017996609210968, -0.112222820520401, -0.10426568239927292, -0.09630853682756424, -0.08835139125585556, -0.08039425313472748, -0.0724371075630188, -0.06447996199131012, -0.05652281641960144, -0.04856567457318306, -0.04060853272676468, -0.032651387155056, -0.02469424158334732, -0.01673709973692894, -0.008779957890510559, -0.0008227825164794922, 0.007134361192584038, 0.015091504901647568, 0.023048648610711098, 0.031005792319774628, 0.03896293789148331, 0.04692007973790169, 0.05487722158432007, 0.06283436715602875, 0.07079151272773743, 0.0787486582994461, 0.08670579642057419, 0.09466294199228287, 0.10262008756399155, 0.11057722568511963, 0.11853437125682831, 0.126491516828537, 0.13444866240024567, 0.14240580797195435, 0.15036295354366302, 0.1583200991153717, 0.1662772297859192, 0.17423437535762787, 0.18219152092933655, 0.19014866650104523, 0.1981058120727539, 0.20606295764446259, 0.21402010321617126, 0.22197723388671875, 0.22993439435958862, 0.2378915250301361, 0.2458486706018448, 0.25380581617355347]}, "gradients/graph_1conv1.bias": {"_type": "histogram", "values": [1.0, 0.0, 0.0, 0.0, 0.0, 0.0, 0.0, 0.0, 0.0, 0.0, 0.0, 0.0, 0.0, 0.0, 0.0, 0.0, 0.0, 0.0, 0.0, 0.0, 0.0, 0.0, 0.0, 0.0, 0.0, 0.0, 0.0, 0.0, 0.0, 0.0, 0.0, 0.0, 0.0, 0.0, 0.0, 0.0, 0.0, 0.0, 0.0, 0.0, 0.0, 0.0, 0.0, 0.0, 0.0, 0.0, 0.0, 0.0, 1.0, 0.0, 0.0, 0.0, 0.0, 0.0, 0.0, 0.0, 0.0, 0.0, 0.0, 0.0, 0.0, 0.0, 0.0, 1.0], "bins": [-0.0154319629073143, -0.01510559767484665, -0.014779233373701572, -0.014452868141233921, -0.01412650290876627, -0.013800138607621193, -0.013473773375153542, -0.01314740814268589, -0.012821043841540813, -0.012494678609073162, -0.012168314307928085, -0.011841949075460434, -0.011515583842992783, -0.011189219541847706, -0.010862854309380054, -0.010536490008234978, -0.010210124775767326, -0.009883759543299675, -0.009557395242154598, -0.009231030009686947, -0.008904664777219296, -0.008578300476074219, -0.008251935243606567, -0.007925570011138916, -0.007599204778671265, -0.007272840011864901, -0.006946474779397249, -0.006620110012590885, -0.006293745245784521, -0.005967380478978157, -0.005641015246510506, -0.005314650479704142, -0.0049882857128977776, -0.0046619209460914135, -0.004335555713623762, -0.004009190946817398, -0.003682826180011034, -0.0033564611803740263, -0.0030300961807370186, -0.0027037314139306545, -0.002377366414293647, -0.002051001414656639, -0.001724636647850275, -0.0013982716482132673, -0.0010719067649915814, -0.0007455418817698956, -0.00041917688213288784, -9.281211532652378e-05, 0.00023355288431048393, 0.0005599177675321698, 0.0008862827089615166, 0.0012126476503908634, 0.0015390125336125493, 0.0018653774168342352, 0.002191742416471243, 0.002518107183277607, 0.0028444721829146147, 0.0031708371825516224, 0.0034972019493579865, 0.003823566948994994, 0.004149931948632002, 0.004476296715438366, 0.004802661947906017, 0.005129026249051094, 0.005455391481518745]}, "gradients/graph_1conv1.weight": {"_type": "histogram", "values": [2.0, 1.0, 1.0, 1.0, 2.0, 1.0, 1.0, 0.0, 0.0, 0.0, 0.0, 0.0, 0.0, 0.0, 0.0, 0.0, 0.0, 0.0, 0.0, 0.0, 0.0, 0.0, 0.0, 0.0, 0.0, 0.0, 0.0, 0.0, 0.0, 0.0, 0.0, 0.0, 0.0, 0.0, 0.0, 0.0, 0.0, 0.0, 0.0, 0.0, 0.0, 0.0, 0.0, 0.0, 0.0, 0.0, 0.0, 0.0, 0.0, 0.0, 0.0, 0.0, 0.0, 0.0, 0.0, 0.0, 0.0, 4.0, 2.0, 1.0, 2.0, 3.0, 3.0, 3.0], "bins": [-0.008301114663481712, -0.008113517425954342, -0.007925920188426971, -0.007738322485238314, -0.007550724782049656, -0.0073631275445222855, -0.007175530306994915, -0.006987932603806257, -0.0068003349006175995, -0.006612737663090229, -0.006425139959901571, -0.006237542722374201, -0.006049945019185543, -0.005862347781658173, -0.005674750544130802, -0.005487152840942144, -0.005299555603414774, -0.0051119583658874035, -0.004924360662698746, -0.004736763425171375, -0.0045491657219827175, -0.004361568484455347, -0.004173970781266689, -0.003986373543739319, -0.0037987760733813047, -0.0036111786030232906, -0.0034235811326652765, -0.0032359836623072624, -0.003048386424779892, -0.002860788721591234, -0.0026731914840638638, -0.0024855940137058496, -0.0022979960776865482, -0.002110398607328534, -0.00192280113697052, -0.0017352037830278277, -0.0015476063126698136, -0.0013600088423117995, -0.0011724114883691072, -0.0009848140180110931, -0.000797216547653079, -0.0006096190772950649, -0.00042202166514471173, -0.00023442425299435854, -4.682678263634443e-05, 0.00014077068772166967, 0.00032836804166436195, 0.0005159655120223761, 0.0007035629823803902, 0.0008911604527384043, 0.0010787579230964184, 0.0012663552770391107, 0.0014539527473971248, 0.0016415502177551389, 0.0018291475716978312, 0.0020167450420558453, 0.0022043425124138594, 0.0023919399827718735, 0.0025795374531298876, 0.0027671349234879017, 0.002954732161015272, 0.00314232986420393, 0.0033299271017313004, 0.0035175245720893145, 0.0037051220424473286]}, "epoch": 100, "train_loss": 0.00911528671312488, "valid_loss": 0.009283716614561854, "_runtime": 1090, "_timestamp": 1643004270, "_step": 99, "_wandb": {"runtime": 1347}}