{"parameters/conv1.weight": {"_type": "histogram", "values": [1.0, 0.0, 0.0, 1.0, 0.0, 0.0, 0.0, 1.0, 1.0, 0.0, 1.0, 0.0, 0.0, 2.0, 1.0, 3.0, 0.0, 0.0, 1.0, 0.0, 0.0, 0.0, 0.0, 1.0, 1.0, 0.0, 0.0, 1.0, 1.0, 0.0, 0.0, 3.0, 1.0, 0.0, 0.0, 0.0, 0.0, 1.0, 0.0, 0.0, 0.0, 1.0, 0.0, 0.0, 1.0, 0.0, 0.0, 1.0, 0.0, 0.0, 0.0, 0.0, 0.0, 0.0, 0.0, 0.0, 0.0, 0.0, 0.0, 2.0, 0.0, 0.0, 0.0, 1.0], "bins": [-0.27395468950271606, -0.2592734694480896, -0.24459223449230194, -0.22991099953651428, -0.21522977948188782, -0.20054855942726135, -0.1858673244714737, -0.17118608951568604, -0.15650486946105957, -0.1418236494064331, -0.12714241445064545, -0.11246118694543839, -0.09777995944023132, -0.08309873193502426, -0.0684175044298172, -0.05373627692461014, -0.039055049419403076, -0.024373821914196014, -0.009692594408988953, 0.004988633096218109, 0.01966986060142517, 0.03435108810663223, 0.049032315611839294, 0.06371354311704636, 0.07839477062225342, 0.09307599812746048, 0.10775722563266754, 0.1224384531378746, 0.13711968064308167, 0.15180090069770813, 0.1664821356534958, 0.18116337060928345, 0.1958445906639099, 0.21052581071853638, 0.22520704567432404, 0.2398882806301117, 0.25456950068473816, 0.2692507207393646, 0.2839319705963135, 0.29861319065093994, 0.3132944107055664, 0.32797563076019287, 0.34265685081481934, 0.3573381006717682, 0.37201932072639465, 0.3867005407810211, 0.40138179063796997, 0.41606301069259644, 0.4307442307472229, 0.44542545080184937, 0.46010667085647583, 0.4747879207134247, 0.48946914076805115, 0.504150390625, 0.5188316106796265, 0.5335128307342529, 0.5481940507888794, 0.5628752708435059, 0.5775564908981323, 0.5922377109527588, 0.6069189310073853, 0.6216002106666565, 0.636281430721283, 0.6509626507759094, 0.6656438708305359]}, "parameters/conv1.bias": {"_type": "histogram", "values": [1.0, 0.0, 0.0, 0.0, 0.0, 0.0, 0.0, 0.0, 0.0, 0.0, 0.0, 0.0, 0.0, 0.0, 0.0, 0.0, 0.0, 0.0, 0.0, 0.0, 0.0, 0.0, 0.0, 0.0, 1.0, 0.0, 0.0, 0.0, 0.0, 0.0, 0.0, 0.0, 0.0, 0.0, 0.0, 0.0, 0.0, 0.0, 0.0, 0.0, 0.0, 0.0, 0.0, 0.0, 0.0, 0.0, 0.0, 0.0, 0.0, 0.0, 0.0, 0.0, 0.0, 0.0, 0.0, 0.0, 0.0, 0.0, 0.0, 0.0, 0.0, 0.0, 0.0, 1.0], "bins": [-0.33915069699287415, -0.3295821249485016, -0.32001352310180664, -0.3104449510574341, -0.3008763790130615, -0.29130780696868896, -0.2817392349243164, -0.27217063307762146, -0.2626020610332489, -0.25303348898887634, -0.2434649020433426, -0.23389631509780884, -0.22432774305343628, -0.21475917100906372, -0.20519058406352997, -0.19562199711799622, -0.18605342507362366, -0.1764848530292511, -0.16691626608371735, -0.1573476791381836, -0.14777910709381104, -0.13821053504943848, -0.12864194810390472, -0.11907336860895157, -0.10950478911399841, -0.09993620961904526, -0.0903676301240921, -0.08079905062913895, -0.07123047113418579, -0.061661891639232635, -0.05209331214427948, -0.042524732649326324, -0.03295612335205078, -0.023387543857097626, -0.01381896436214447, -0.004250384867191315, 0.005318194627761841, 0.014886774122714996, 0.024455353617668152, 0.03402393311262131, 0.04359251260757446, 0.05316109210252762, 0.06272967159748077, 0.07229825109243393, 0.08186683058738708, 0.09143541008234024, 0.1010039895772934, 0.11057256907224655, 0.12014114856719971, 0.12970972061157227, 0.13927830755710602, 0.14884689450263977, 0.15841546654701233, 0.1679840385913849, 0.17755262553691864, 0.1871212124824524, 0.19668978452682495, 0.2062583565711975, 0.21582694351673126, 0.22539553046226501, 0.23496410250663757, 0.24453267455101013, 0.2541012763977051, 0.26366984844207764, 0.2732384204864502]}, "gradients/conv1.bias": {"_type": "histogram", "values": [1.0, 0.0, 0.0, 0.0, 0.0, 0.0, 0.0, 0.0, 0.0, 0.0, 0.0, 0.0, 0.0, 0.0, 0.0, 0.0, 0.0, 0.0, 0.0, 0.0, 0.0, 0.0, 0.0, 0.0, 0.0, 0.0, 0.0, 0.0, 0.0, 0.0, 0.0, 0.0, 0.0, 0.0, 0.0, 0.0, 0.0, 0.0, 0.0, 0.0, 0.0, 0.0, 1.0, 0.0, 0.0, 0.0, 0.0, 0.0, 0.0, 0.0, 0.0, 0.0, 0.0, 0.0, 0.0, 0.0, 0.0, 0.0, 0.0, 0.0, 0.0, 0.0, 0.0, 1.0], "bins": [-0.004301484674215317, -0.0042192949913442135, -0.004137104842811823, -0.00405491515994072, -0.003972725011408329, -0.0038905353285372257, -0.0038083456456661224, -0.0037261557299643755, -0.0036439658142626286, -0.0035617758985608816, -0.0034795859828591347, -0.0033973962999880314, -0.0033152063842862844, -0.0032330164685845375, -0.0031508267857134342, -0.0030686368700116873, -0.0029864469543099403, -0.0029042570386081934, -0.0028220671229064465, -0.002739877440035343, -0.0026576875243335962, -0.0025754976086318493, -0.002493307925760746, -0.002411118010058999, -0.002328928094357252, -0.002246738178655505, -0.0021645482629537582, -0.002082358580082655, -0.002000168664380908, -0.001917978748679161, -0.001835788949392736, -0.0017535991501063108, -0.001671409117989242, -0.001589219318702817, -0.00150702940300107, -0.001424839487299323, -0.001342649688012898, -0.0012604598887264729, -0.001178269973024726, -0.001096080057322979, -0.0010138902580365539, -0.0009317004005424678, -0.0008495105430483818, -0.0007673206855542958, -0.0006851308280602098, -0.0006029409705661237, -0.0005207511130720377, -0.00043856125557795167, -0.00035637139808386564, -0.0002741815405897796, -0.0001919916830956936, -0.00010980182560160756, -2.7611968107521534e-05, 5.457788938656449e-05, 0.00013676774688065052, 0.00021895760437473655, 0.0003011474618688226, 0.0003833373193629086, 0.00046552717685699463, 0.0005477170343510807, 0.0006299068918451667, 0.0007120967493392527, 0.0007942866068333387, 0.0008764764643274248, 0.0009586663218215108]}, "gradients/conv1.weight": {"_type": "histogram", "values": [2.0, 1.0, 2.0, 1.0, 2.0, 0.0, 1.0, 0.0, 0.0, 0.0, 0.0, 0.0, 0.0, 0.0, 0.0, 0.0, 0.0, 0.0, 0.0, 0.0, 0.0, 0.0, 0.0, 0.0, 0.0, 0.0, 0.0, 1.0, 0.0, 0.0, 0.0, 0.0, 1.0, 0.0, 0.0, 1.0, 0.0, 0.0, 0.0, 0.0, 0.0, 0.0, 0.0, 1.0, 0.0, 0.0, 0.0, 0.0, 0.0, 1.0, 0.0, 0.0, 1.0, 0.0, 1.0, 2.0, 2.0, 2.0, 2.0, 1.0, 0.0, 1.0, 0.0, 1.0], "bins": [-0.0015194552252069116, -0.0014886745484545827, -0.0014578938717022538, -0.001427113194949925, -0.0013963324017822742, -0.0013655517250299454, -0.0013347710482776165, -0.0013039903715252876, -0.0012732096947729588, -0.0012424290180206299, -0.001211648341268301, -0.0011808676645159721, -0.0011500869877636433, -0.0011193061945959926, -0.0010885255178436637, -0.0010577448410913348, -0.001026964164339006, -0.000996183487586677, -0.0009654028108343482, -0.0009346220758743584, -0.0009038413991220295, -0.0008730607223697007, -0.0008422799874097109, -0.000811499310657382, -0.0007807186339050531, -0.0007499379571527243, -0.0007191572804003954, -0.0006883765454404056, -0.0006575958686880767, -0.0006268151919357479, -0.0005960344569757581, -0.0005652537802234292, -0.0005344731616787612, -0.0005036924849264324, -0.00047291177907027304, -0.0004421310732141137, -0.00041135039646178484, -0.00038056971970945597, -0.00034978901385329664, -0.0003190083079971373, -0.00028822763124480844, -0.00025744695449247956, -0.00022666624863632023, -0.00019588555733207613, -0.00016510486602783203, -0.00013432417472358793, -0.00010354348341934383, -7.276279211509973e-05, -4.198210081085563e-05, -1.1201409506611526e-05, 1.9579281797632575e-05, 5.0359973101876676e-05, 8.114066440612078e-05, 0.00011192135571036488, 0.00014270204701460898, 0.00017348273831885308, 0.00020426342962309718, 0.00023504412092734128, 0.0002658248122315854, 0.0002966055180877447, 0.0003273861948400736, 0.00035816687159240246, 0.0003889475774485618, 0.0004197282833047211, 0.00045050896005705]}, "epoch": 100, "train_loss": 0.09414779020874123, "valid_loss": 0.09524686757242307, "_runtime": 803, "_timestamp": 1643000509, "_step": 99, "_wandb": {"runtime": 803}}