{"parameters/conv1.weight": {"_type": "histogram", "values": [1.0, 0.0, 0.0, 0.0, 1.0, 0.0, 0.0, 0.0, 0.0, 1.0, 1.0, 2.0, 6.0, 6.0, 3.0, 5.0, 10.0, 9.0, 10.0, 4.0, 7.0, 8.0, 7.0, 4.0, 6.0, 8.0, 8.0, 4.0, 7.0, 11.0, 10.0, 11.0, 17.0, 4.0, 8.0, 8.0, 14.0, 6.0, 19.0, 16.0, 14.0, 17.0, 7.0, 8.0, 9.0, 9.0, 14.0, 16.0, 15.0, 11.0, 8.0, 10.0, 2.0, 5.0, 0.0, 5.0, 2.0, 3.0, 2.0, 0.0, 0.0, 0.0, 0.0, 1.0], "bins": [-0.35514044761657715, -0.34496039152145386, -0.33478033542633057, -0.32460030913352966, -0.31442025303840637, -0.3042401969432831, -0.2940601408481598, -0.2838801145553589, -0.2737000584602356, -0.2635200023651123, -0.253339946269989, -0.24315990507602692, -0.23297986388206482, -0.22279980778694153, -0.21261975169181824, -0.20243971049785614, -0.19225965440273285, -0.18207959830760956, -0.17189955711364746, -0.16171950101852417, -0.15153945982456207, -0.14135940372943878, -0.13117936253547668, -0.1209993064403534, -0.1108192577958107, -0.100639209151268, -0.09045916050672531, -0.08027911186218262, -0.07009905576705933, -0.05991901084780693, -0.04973895847797394, -0.039558909833431244, -0.02937886118888855, -0.019198812544345856, -0.009018762037158012, 0.001161288470029831, 0.011341337114572525, 0.02152138575911522, 0.03170143812894821, 0.041881486773490906, 0.0520615354180336, 0.062241584062576294, 0.07242163270711899, 0.08260168135166168, 0.09278173744678497, 0.10296177864074707, 0.11314183473587036, 0.12332188338041306, 0.13350193202495575, 0.14368198812007904, 0.15386202931404114, 0.16404208540916443, 0.17422212660312653, 0.18440218269824982, 0.19458222389221191, 0.2047622799873352, 0.2149423360824585, 0.2251223921775818, 0.23530243337154388, 0.24548248946666718, 0.2556625306606293, 0.26584258675575256, 0.27602264285087585, 0.28620266914367676, 0.29638272523880005]}, "parameters/conv1.bias": {"_type": "histogram", "values": [2.0, 0.0, 0.0, 0.0, 0.0, 0.0, 0.0, 1.0, 0.0, 0.0, 1.0, 0.0, 0.0, 0.0, 0.0, 1.0, 1.0, 0.0, 0.0, 0.0, 0.0, 0.0, 0.0, 0.0, 0.0, 0.0, 0.0, 0.0, 0.0, 0.0, 0.0, 0.0, 1.0, 1.0, 0.0, 0.0, 0.0, 0.0, 0.0, 0.0, 0.0, 1.0, 0.0, 2.0, 0.0, 0.0, 0.0, 0.0, 1.0, 0.0, 0.0, 0.0, 1.0, 0.0, 0.0, 0.0, 0.0, 0.0, 0.0, 0.0, 1.0, 0.0, 1.0, 1.0], "bins": [-0.27150043845176697, -0.26399925351142883, -0.2564980387687683, -0.24899685382843018, -0.24149565398693085, -0.23399445414543152, -0.22649326920509338, -0.21899206936359406, -0.21149086952209473, -0.2039896696805954, -0.19648848474025726, -0.18898728489875793, -0.1814860850572586, -0.17398488521575928, -0.16648370027542114, -0.15898250043392181, -0.15148131549358368, -0.14398011565208435, -0.13647893071174622, -0.1289777308702469, -0.12147653102874756, -0.11397533863782883, -0.1064741462469101, -0.09897294640541077, -0.09147175401449203, -0.0839705616235733, -0.07646936178207397, -0.06896816939115524, -0.06146697327494621, -0.05396577715873718, -0.04646458476781845, -0.03896338865160942, -0.0314621776342392, -0.023960981518030167, -0.016459787264466286, -0.008958593010902405, -0.0014573968946933746, 0.0060437992215156555, 0.013544991612434387, 0.021046187728643417, 0.028547383844852448, 0.03604857996106148, 0.04354977607727051, 0.05105096846818924, 0.05855216458439827, 0.0660533607006073, 0.07355455309152603, 0.08105574548244476, 0.08855694532394409, 0.09605813771486282, 0.10355933755636215, 0.11106052994728088, 0.11856172978878021, 0.12606292963027954, 0.13356411457061768, 0.141065314412117, 0.14856651425361633, 0.15606771409511566, 0.1635688990354538, 0.17107009887695312, 0.17857129871845245, 0.18607249855995178, 0.19357368350028992, 0.20107488334178925, 0.20857606828212738]}, "parameters/conv2.weight": {"_type": "histogram", "values": [2.0, 1.0, 0.0, 0.0, 1.0, 1.0, 3.0, 0.0, 1.0, 1.0, 1.0, 0.0, 3.0, 1.0, 8.0, 5.0, 7.0, 6.0, 16.0, 15.0, 14.0, 30.0, 30.0, 33.0, 24.0, 49.0, 38.0, 51.0, 70.0, 49.0, 76.0, 68.0, 64.0, 62.0, 68.0, 69.0, 51.0, 57.0, 44.0, 28.0, 24.0, 22.0, 26.0, 22.0, 15.0, 9.0, 6.0, 5.0, 7.0, 5.0, 5.0, 0.0, 3.0, 1.0, 2.0, 0.0, 0.0, 0.0, 0.0, 0.0, 0.0, 0.0, 0.0, 1.0], "bins": [-0.17141486704349518, -0.16604205965995789, -0.1606692671775818, -0.1552964597940445, -0.1499236673116684, -0.1445508599281311, -0.139178067445755, -0.1338052600622177, -0.1284324675798416, -0.12305966764688492, -0.11768686771392822, -0.11231406778097153, -0.10694126784801483, -0.10156846791505814, -0.09619566798210144, -0.09082286059856415, -0.08545006066560745, -0.08007726073265076, -0.07470446079969406, -0.06933166086673737, -0.06395886093378067, -0.058586061000823975, -0.05321325734257698, -0.047840457409620285, -0.04246765747666359, -0.037094857543706894, -0.0317220576107502, -0.026349255815148354, -0.020976455882191658, -0.015603655949234962, -0.010230854153633118, -0.004858054220676422, 0.0005147457122802734, 0.005887546110898256, 0.01126034650951624, 0.01663314737379551, 0.022005947306752205, 0.0273787472397089, 0.032751549035310745, 0.03812434896826744, 0.043497148901224136, 0.04886994883418083, 0.05424274876713753, 0.05961555242538452, 0.06498835235834122, 0.07036115229129791, 0.07573395222425461, 0.0811067521572113, 0.086479552090168, 0.0918523520231247, 0.09722515195608139, 0.10259795188903809, 0.10797075182199478, 0.11334355175495148, 0.11871635913848877, 0.12408915162086487, 0.12946195900440216, 0.13483476638793945, 0.14020755887031555, 0.14558036625385284, 0.15095315873622894, 0.15632596611976624, 0.16169875860214233, 0.16707156598567963, 0.17244435846805573]}, "parameters/conv2.bias": {"_type": "histogram", "values": [1.0, 0.0, 0.0, 0.0, 0.0, 0.0, 0.0, 0.0, 0.0, 0.0, 0.0, 0.0, 0.0, 0.0, 0.0, 0.0, 0.0, 0.0, 0.0, 0.0, 0.0, 0.0, 0.0, 0.0, 0.0, 0.0, 0.0, 0.0, 0.0, 0.0, 0.0, 1.0, 0.0, 0.0, 0.0, 0.0, 0.0, 0.0, 0.0, 0.0, 0.0, 0.0, 0.0, 0.0, 0.0, 0.0, 0.0, 0.0, 0.0, 0.0, 0.0, 0.0, 0.0, 0.0, 0.0, 0.0, 0.0, 0.0, 0.0, 0.0, 0.0, 0.0, 0.0, 1.0], "bins": [-0.2441946417093277, -0.23782487213611603, -0.23145510256290436, -0.2250853329896927, -0.21871556341648102, -0.21234579384326935, -0.20597602427005768, -0.199606254696846, -0.19323648512363434, -0.18686671555042267, -0.180496945977211, -0.17412717640399933, -0.16775740683078766, -0.161387637257576, -0.15501786768436432, -0.14864809811115265, -0.14227832853794098, -0.1359085589647293, -0.12953878939151764, -0.12316901981830597, -0.1167992502450943, -0.11042948067188263, -0.10405971109867096, -0.09768994152545929, -0.09132017195224762, -0.08495040237903595, -0.07858063280582428, -0.07221086323261261, -0.06584109365940094, -0.05947132408618927, -0.0531015545129776, -0.04673178493976593, -0.04036201536655426, -0.03399224579334259, -0.02762247622013092, -0.02125270664691925, -0.01488293707370758, -0.00851316750049591, -0.0021433979272842407, 0.004226371645927429, 0.010596141219139099, 0.01696591079235077, 0.02333568036556244, 0.02970544993877411, 0.03607521951198578, 0.04244498908519745, 0.04881475865840912, 0.05518452823162079, 0.06155429780483246, 0.06792406737804413, 0.0742938369512558, 0.08066360652446747, 0.08703337609767914, 0.09340314567089081, 0.09977291524410248, 0.10614268481731415, 0.11251245439052582, 0.11888222396373749, 0.12525199353694916, 0.13162176311016083, 0.1379915326833725, 0.14436130225658417, 0.15073107182979584, 0.1571008414030075, 0.16347061097621918]}, "gradients/conv2.bias": {"_type": "histogram", "values": [1.0, 0.0, 0.0, 0.0, 0.0, 0.0, 0.0, 0.0, 0.0, 0.0, 0.0, 0.0, 0.0, 0.0, 0.0, 0.0, 0.0, 0.0, 0.0, 0.0, 0.0, 1.0, 0.0, 0.0, 0.0, 0.0, 0.0, 0.0, 0.0, 0.0, 0.0, 0.0, 0.0, 0.0, 0.0, 0.0, 0.0, 0.0, 0.0, 0.0, 0.0, 0.0, 0.0, 0.0, 0.0, 0.0, 0.0, 0.0, 0.0, 0.0, 0.0, 0.0, 0.0, 0.0, 0.0, 0.0, 0.0, 0.0, 0.0, 0.0, 0.0, 0.0, 0.0, 1.0],