{"parameters/conv1.weight": {"_type": "histogram", "values": [1.0, 0.0, 0.0, 1.0, 2.0, 1.0, 0.0, 4.0, 0.0, 3.0, 7.0, 4.0, 4.0, 3.0, 6.0, 7.0, 13.0, 10.0, 7.0, 14.0, 9.0, 7.0, 11.0, 11.0, 7.0, 7.0, 6.0, 4.0, 9.0, 4.0, 8.0, 7.0, 4.0, 7.0, 8.0, 3.0, 9.0, 7.0, 10.0, 4.0, 11.0, 9.0, 7.0, 7.0, 7.0, 7.0, 6.0, 7.0, 2.0, 6.0, 13.0, 6.0, 10.0, 7.0, 1.0, 14.0, 5.0, 14.0, 8.0, 7.0, 10.0, 0.0, 5.0, 2.0], "bins": [-0.26925787329673767, -0.2616201341152191, -0.25398242473602295, -0.2463447004556656, -0.23870697617530823, -0.23106925189495087, -0.2234315276145935, -0.21579378843307495, -0.20815607905387878, -0.20051835477352142, -0.19288063049316406, -0.1852429062128067, -0.17760518193244934, -0.16996745765209198, -0.16232973337173462, -0.15469199419021606, -0.1470542699098587, -0.13941654562950134, -0.13177882134914398, -0.12414109706878662, -0.11650337278842926, -0.1088656485080719, -0.10122791677713394, -0.09359019249677658, -0.08595246821641922, -0.07831474393606186, -0.0706770196557045, -0.06303928792476654, -0.05540156736969948, -0.04776384308934212, -0.04012611508369446, -0.0324883908033371, -0.024850666522979736, -0.017212942242622375, -0.009575216099619865, -0.0019374899566173553, 0.0057002343237400055, 0.013337958604097366, 0.020975686609745026, 0.028613410890102386, 0.03625113517045975, 0.04388885945081711, 0.05152658373117447, 0.05916431173682213, 0.06680203974246979, 0.07443976402282715, 0.08207748830318451, 0.08971521258354187, 0.09735293686389923, 0.10499066114425659, 0.11262838542461395, 0.12026610970497131, 0.12790383398532867, 0.13554155826568604, 0.1431792974472046, 0.15081700682640076, 0.1584547460079193, 0.16609247028827667, 0.17373019456863403, 0.1813679188489914, 0.18900564312934875, 0.19664336740970612, 0.20428109169006348, 0.21191883087158203, 0.2195565402507782]}, "parameters/conv1.bias": {"_type": "histogram", "values": [1.0, 0.0, 0.0, 0.0, 0.0, 1.0, 0.0, 0.0, 0.0, 2.0, 0.0, 0.0, 0.0, 0.0, 0.0, 0.0, 0.0, 1.0, 0.0, 0.0, 0.0, 0.0, 0.0, 0.0, 1.0, 0.0, 0.0, 1.0, 0.0, 0.0, 0.0, 0.0, 0.0, 0.0, 0.0, 1.0, 0.0, 0.0, 0.0, 0.0, 1.0, 0.0, 0.0, 0.0, 0.0, 0.0, 0.0, 1.0, 1.0, 0.0, 1.0, 0.0, 1.0, 0.0, 0.0, 2.0, 0.0, 0.0, 0.0, 0.0, 0.0, 0.0, 0.0, 1.0], "bins": [-0.23125632107257843, -0.2235976606607437, -0.2159390151500702, -0.20828035473823547, -0.20062169432640076, -0.19296303391456604, -0.18530437350273132, -0.1776457279920578, -0.16998706758022308, -0.16232840716838837, -0.15466976165771484, -0.14701110124588013, -0.1393524408340454, -0.1316937804222107, -0.12403512746095657, -0.11637647449970245, -0.10871781408786774, -0.10105915367603302, -0.0934005007147789, -0.08574184775352478, -0.07808318734169006, -0.07042452692985535, -0.06276587396860123, -0.05510721728205681, -0.04744856059551239, -0.03978990390896797, -0.03213124722242355, -0.024472590535879135, -0.016813933849334717, -0.009155277162790298, -0.0014966204762458801, 0.006162036210298538, 0.01382070779800415, 0.02147936448454857, 0.029138021171092987, 0.036796677857637405, 0.044455334544181824, 0.05211399123072624, 0.05977264791727066, 0.06743130087852478, 0.0750899612903595, 0.08274862170219421, 0.09040727466344833, 0.09806592762470245, 0.10572458803653717, 0.11338324844837189, 0.12104190140962601, 0.12870055437088013, 0.13635921478271484, 0.14401787519454956, 0.15167653560638428, 0.1593351811170578, 0.16699384152889252, 0.17465250194072723, 0.18231114745140076, 0.18996980786323547, 0.1976284682750702, 0.2052871286869049, 0.21294578909873962, 0.22060443460941315, 0.22826309502124786, 0.23592175543308258, 0.2435804009437561, 0.2512390613555908, 0.25889772176742554]}, "parameters/conv2.weight": {"_type": "histogram", "values": [1.0, 1.0, 2.0, 2.0, 3.0, 2.0, 1.0, 4.0, 2.0, 3.0, 10.0, 9.0, 10.0, 5.0, 9.0, 10.0, 15.0, 17.0, 20.0, 31.0, 22.0, 30.0, 44.0, 38.0, 43.0, 40.0, 34.0, 32.0, 38.0, 44.0, 43.0, 53.0, 45.0, 37.0, 54.0, 35.0, 44.0, 26.0, 36.0, 33.0, 30.0, 34.0, 37.0, 32.0, 32.0, 25.0, 17.0, 15.0, 13.0, 8.0, 3.0, 4.0, 7.0, 7.0, 3.0, 0.0, 1.0, 0.0, 0.0, 1.0, 1.0, 0.0, 0.0, 2.0], "bins": [-0.11234135925769806, -0.10875685513019562, -0.10517235100269318, -0.10158784687519073, -0.0980033427476883, -0.09441883862018585, -0.09083433449268341, -0.08724983036518097, -0.08366532623767853, -0.08008082211017609, -0.07649631798267365, -0.0729118138551712, -0.06932730972766876, -0.06574280560016632, -0.06215829774737358, -0.05857379361987114, -0.0549892857670784, -0.05140478163957596, -0.04782027751207352, -0.044235773384571075, -0.040651269257068634, -0.03706676512956619, -0.03348225727677345, -0.02989775314927101, -0.02631324902176857, -0.02272874489426613, -0.019144240766763687, -0.015559734776616096, -0.011975230649113655, -0.008390726521611214, -0.004806220531463623, -0.0012217164039611816, 0.002362780272960663, 0.0059472848661243916, 0.00953178945928812, 0.013116294518113136, 0.016700798645615578, 0.02028530277311802, 0.02386980876326561, 0.02745431289076805, 0.031038817018270493, 0.034623321145772934, 0.038207825273275375, 0.041792333126068115, 0.04537683725357056, 0.048961341381073, 0.05254584550857544, 0.05613034963607788, 0.05971485376358032, 0.06329935789108276, 0.0668838620185852, 0.07046836614608765, 0.07405287027359009, 0.07763737440109253, 0.08122187852859497, 0.08480638265609741, 0.08839088678359985, 0.0919753909111023, 0.09555989503860474, 0.09914439916610718, 0.10272890329360962, 0.10631340742111206, 0.1098979115486145, 0.11348241567611694, 0.11706692725419998]}, "parameters/conv2.bias": {"_type": "histogram", "values": [1.0, 0.0, 0.0, 0.0, 0.0, 0.0, 0.0, 0.0, 0.0, 0.0, 0.0, 0.0, 0.0, 0.0, 0.0, 0.0, 0.0, 0.0, 0.0, 0.0, 0.0, 0.0, 0.0, 0.0, 0.0, 0.0, 0.0, 0.0, 1.0, 0.0, 0.0, 0.0, 0.0, 0.0, 0.0, 0.0, 0.0, 0.0, 0.0, 0.0, 0.0, 0.0, 0.0, 0.0, 0.0, 0.0, 0.0, 0.0, 0.0, 0.0, 0.0, 0.0, 0.0, 0.0, 0.0, 0.0, 0.0, 0.0, 0.0, 0.0, 0.0, 0.0, 0.0, 1.0], "bins": [-0.15063908696174622, -0.145616814494133, -0.14059454202651978, -0.13557226955890656, -0.13054999709129333, -0.12552772462368011, -0.1205054521560669, -0.11548317968845367, -0.11046090722084045, -0.10543863475322723, -0.10041636228561401, -0.0953940898180008, -0.09037181735038757, -0.08534954488277435, -0.08032727241516113, -0.07530499994754791, -0.07028272747993469, -0.06526045501232147, -0.06023818254470825, -0.05521591007709503, -0.05019363760948181, -0.04517136514186859, -0.04014909267425537, -0.03512682020664215, -0.03010454773902893, -0.02508227527141571, -0.02006000280380249, -0.01503773033618927, -0.01001545786857605, -0.00499318540096283, 2.9087066650390625e-05, 0.005051359534263611, 0.010073617100715637, 0.015095889568328857, 0.020118162035942078, 0.025140434503555298, 0.030162706971168518, 0.03518497943878174, 0.04020725190639496, 0.04522952437400818, 0.0502517968416214, 0.05527406930923462, 0.06029634177684784, 0.06531861424446106, 0.07034088671207428, 0.0753631591796875, 0.08038543164730072, 0.08540770411491394, 0.09042997658252716, 0.09545224905014038, 0.1004745215177536, 0.10549679398536682, 0.11051906645298004, 0.11554133892059326, 0.12056361138820648, 0.1255858838558197, 0.13060815632343292, 0.13563042879104614, 0.14065270125865936, 0.14567497372627258, 0.1506972461938858, 0.15571951866149902, 0.16074179112911224, 0.16576406359672546, 0.17078633606433868]}, "gradients/conv2.bias": {"_type": "histogram", "values": [1.0, 0.0, 0.0, 0.0, 0.0, 1.0, 0.0, 0.0, 0.0, 0.0, 0.0, 0.0, 0.0, 0.0, 0.0, 0.0, 0.0, 0.0, 0.0, 0.0, 0.0, 0.0, 0.0, 0.0, 0.0, 0.0, 0.0, 0.0, 0.0, 0.0, 0.0, 0.0, 0.0, 0.0, 0.0, 0.0, 0.0, 0.0, 0.0, 0.0, 0.0, 0.0, 0.0, 0.0, 0.0, 0.0, 0.0, 0.0, 0.0, 0.0, 0.0, 0.0, 0.0, 0.0, 0.0, 0.0, 0.0, 0.0, 0.0, 0.0, 0.0, 0.0, 0.0, 1.0],