{"parameters/graph_2conv1.weight": {"_type": "histogram", "values": [1.0, 0.0, 0.0, 0.0, 0.0, 0.0, 0.0, 1.0, 1.0, 1.0, 0.0, 0.0, 0.0, 2.0, 1.0, 0.0, 0.0, 1.0, 0.0, 0.0, 0.0, 0.0, 0.0, 0.0, 2.0, 0.0, 0.0, 2.0, 2.0, 1.0, 1.0, 0.0, 1.0, 0.0, 0.0, 1.0, 1.0, 0.0, 0.0, 0.0, 0.0, 1.0, 0.0, 0.0, 0.0, 0.0, 0.0, 1.0, 0.0, 0.0, 1.0, 0.0, 0.0, 0.0, 0.0, 0.0, 0.0, 1.0, 1.0, 0.0, 0.0, 0.0, 0.0, 3.0], "bins": [-0.1359197348356247, -0.1280457079410553, -0.12017166614532471, -0.11229763180017471, -0.10442359745502472, -0.09654956310987473, -0.08867552876472473, -0.08080149441957474, -0.07292746007442474, -0.06505342572927475, -0.057179391384124756, -0.04930535703897476, -0.04143132269382477, -0.033557288348674774, -0.02568325400352478, -0.017809219658374786, -0.009935185313224792, -0.0020611509680747986, 0.005812883377075195, 0.01368691772222519, 0.021560952067375183, 0.029434986412525177, 0.03730902075767517, 0.045183055102825165, 0.05305708944797516, 0.06093112379312515, 0.06880515813827515, 0.07667919248342514, 0.08455322682857513, 0.09242726117372513, 0.10030129551887512, 0.10817532986402512, 0.11604934930801392, 0.12392338365316391, 0.1317974179983139, 0.1396714448928833, 0.1475454866886139, 0.15541952848434448, 0.16329355537891388, 0.17116758227348328, 0.17904162406921387, 0.18691566586494446, 0.19478969275951385, 0.20266371965408325, 0.21053776144981384, 0.21841180324554443, 0.22628583014011383, 0.23415985703468323, 0.24203389883041382, 0.2499079406261444, 0.257781982421875, 0.2656559944152832, 0.2735300362110138, 0.2814040780067444, 0.2892780900001526, 0.2971521317958832, 0.30502617359161377, 0.31290021538734436, 0.32077425718307495, 0.32864826917648315, 0.33652231097221375, 0.34439635276794434, 0.35227036476135254, 0.36014440655708313, 0.3680184483528137]}, "parameters/graph_2conv1.bias": {"_type": "histogram", "values": [1.0, 0.0, 0.0, 0.0, 0.0, 0.0, 0.0, 0.0, 0.0, 0.0, 0.0, 0.0, 0.0, 0.0, 0.0, 0.0, 0.0, 0.0, 0.0, 0.0, 0.0, 1.0, 0.0, 0.0, 0.0, 0.0, 0.0, 0.0, 0.0, 0.0, 0.0, 0.0, 0.0, 0.0, 0.0, 0.0, 0.0, 0.0, 0.0, 0.0, 0.0, 0.0, 0.0, 0.0, 0.0, 0.0, 0.0, 0.0, 0.0, 0.0, 0.0, 0.0, 0.0, 0.0, 0.0, 0.0, 0.0, 0.0, 0.0, 0.0, 0.0, 0.0, 0.0, 1.0], "bins": [-0.2469278872013092, -0.23920243978500366, -0.23147700726985931, -0.22375155985355377, -0.21602612733840942, -0.20830067992210388, -0.20057523250579834, -0.1928497850894928, -0.18512435257434845, -0.1773989051580429, -0.16967347264289856, -0.16194802522659302, -0.15422257781028748, -0.14649714529514313, -0.13877169787883759, -0.13104626536369324, -0.1233208179473877, -0.11559537798166275, -0.1078699380159378, -0.10014449059963226, -0.09241905063390732, -0.08469361066818237, -0.07696816325187683, -0.06924272328615189, -0.06151728332042694, -0.053791843354701996, -0.04606639966368675, -0.03834095597267151, -0.030615516006946564, -0.02289007604122162, -0.015164632350206375, -0.007439188659191132, 0.0002862662076950073, 0.008011708036065102, 0.015737149864435196, 0.02346259169280529, 0.031188033521175385, 0.03891347348690033, 0.04663891717791557, 0.05436436086893082, 0.06208980083465576, 0.0698152408003807, 0.07754068076610565, 0.0852661281824112, 0.09299156814813614, 0.10071700811386108, 0.10844245553016663, 0.11616789549589157, 0.12389333546161652, 0.13161878287792206, 0.1393442153930664, 0.14706966280937195, 0.1547951102256775, 0.16252054274082184, 0.17024599015712738, 0.17797142267227173, 0.18569687008857727, 0.1934223175048828, 0.20114775002002716, 0.2088731974363327, 0.21659862995147705, 0.2243240773677826, 0.23204952478408813, 0.23977497220039368, 0.24750040471553802]}, "gradients/graph_2conv1.bias": {"_type": "histogram", "values": [1.0, 0.0, 0.0, 0.0, 0.0, 0.0, 0.0, 0.0, 0.0, 0.0, 0.0, 0.0, 0.0, 0.0, 0.0, 0.0, 0.0, 0.0, 0.0, 0.0, 0.0, 0.0, 0.0, 0.0, 0.0, 0.0, 0.0, 0.0, 0.0, 0.0, 0.0, 0.0, 0.0, 0.0, 0.0, 0.0, 0.0, 0.0, 0.0, 0.0, 0.0, 0.0, 0.0, 0.0, 0.0, 0.0, 0.0, 0.0, 0.0, 0.0, 0.0, 0.0, 0.0, 0.0, 0.0, 0.0, 0.0, 0.0, 0.0, 0.0, 0.0, 1.0, 0.0, 1.0], "bins": [-0.028171159327030182, -0.027549171820282936, -0.02692718431353569, -0.026305196806788445, -0.0256832093000412, -0.025061223655939102, -0.024439236149191856, -0.02381724864244461, -0.023195261135697365, -0.02257327362895012, -0.021951286122202873, -0.021329298615455627, -0.02070731297135353, -0.020085325464606285, -0.01946333795785904, -0.018841350451111794, -0.018219362944364548, -0.017597375437617302, -0.016975387930870056, -0.01635340042412281, -0.015731412917375565, -0.015109426341950893, -0.014487439766526222, -0.013865452259778976, -0.01324346475303173, -0.012621477246284485, -0.011999489739537239, -0.011377503164112568, -0.010755515657365322, -0.010133528150618076, -0.009511541575193405, -0.00888955406844616, -0.008267567493021488, -0.007645579986274242, -0.007023592945188284, -0.0064016059041023254, -0.00577961839735508, -0.005157630890607834, -0.004535643849521875, -0.003913656808435917, -0.003291669301688671, -0.002669682027772069, -0.002047694753855467, -0.0014257074799388647, -0.0008037202060222626, -0.00018173293210566044, 0.0004402543418109417, 0.0010622413828969002, 0.001684228889644146, 0.002306216163560748, 0.0029282034374773502, 0.0035501907113939524, 0.0041721779853105545, 0.0047941654920578, 0.005416152533143759, 0.006038139574229717, 0.006660127080976963, 0.007282114587724209, 0.00790410116314888, 0.008526088669896126, 0.009148076176643372, 0.009770063683390617, 0.010392051190137863, 0.011014037765562534, 0.01163602527230978]}, "gradients/graph_2conv1.weight": {"_type": "histogram", "values": [1.0, 0.0, 1.0, 0.0, 1.0, 1.0, 0.0, 0.0, 1.0, 1.0, 0.0, 0.0, 1.0, 0.0, 0.0, 0.0, 0.0, 1.0, 2.0, 1.0, 0.0, 1.0, 1.0, 2.0, 0.0, 0.0, 1.0, 1.0, 0.0, 1.0, 0.0, 0.0, 0.0, 1.0, 0.0, 0.0, 1.0, 0.0, 0.0, 0.0, 0.0, 1.0, 0.0, 1.0, 0.0, 2.0, 0.0, 0.0, 0.0, 1.0, 0.0, 0.0, 1.0, 0.0, 0.0, 0.0, 0.0, 0.0, 0.0, 0.0, 0.0, 0.0, 0.0, 1.0], "bins": [-0.0018633443396538496, -0.0017536572413519025, -0.0016439701430499554, -0.0015342829283326864, -0.0014245959464460611, -0.0013149087317287922, -0.001205221633426845, -0.001095534535124898, -0.0009858474368229508, -0.0008761603385210037, -0.0007664732402190566, -0.0006567860837094486, -0.0005470989854075015, -0.00043741188710555434, -0.0003277247305959463, -0.0002180376322939992, -0.00010835053399205208, 1.336578861810267e-06, 0.00011102369171567261, 0.00022071081912145019, 0.0003303979174233973, 0.0004400850157253444, 0.0005497721722349524, 0.0006594592705368996, 0.0007691463688388467, 0.0008788334671407938, 0.000988520565442741, 0.001098207663744688, 0.001207894878461957, 0.0013175818603485823, 0.0014272690750658512, 0.0015369561733677983, 0.001646643504500389, 0.0017563306028023362, 0.0018660177011042833, 0.0019757049158215523, 0.0020853918977081776, 0.0021950791124254465, 0.0023047663271427155, 0.0024144533090293407, 0.002524140290915966, 0.002633827505633235, 0.0027435144875198603, 0.002853201702237129, 0.0029628886841237545, 0.0030725758988410234, 0.0031822631135582924, 0.0032919500954449177, 0.0034016373101621866, 0.0035113245248794556, 0.003621011506766081, 0.00373069872148335, 0.003840385703369975, 0.003950072918087244, 0.004059759899973869, 0.004169447347521782, 0.004279134329408407, 0.0043888213112950325, 0.004498508758842945, 0.00460819574072957, 0.004717882722616196, 0.004827569704502821, 0.0049372571520507336, 0.005046944133937359, 0.005156631115823984]}, "epoch": 100, "train_loss": 0.0007335236498114289, "valid_loss": 0.0007432074379175902, "_runtime": 619, "_timestamp": 1643006968, "_step": 99, "_wandb": {"runtime": 620}}