{"parameters/conv1.weight": {"_type": "histogram", "values": [1.0, 3.0, 1.0, 0.0, 0.0, 0.0, 1.0, 0.0, 3.0, 2.0, 2.0, 1.0, 0.0, 1.0, 0.0, 3.0, 4.0, 0.0, 0.0, 3.0, 2.0, 2.0, 1.0, 1.0, 0.0, 1.0, 2.0, 1.0, 3.0, 3.0, 0.0, 4.0, 1.0, 0.0, 2.0, 1.0, 6.0, 2.0, 1.0, 1.0, 1.0, 0.0, 3.0, 2.0, 1.0, 3.0, 1.0, 3.0, 2.0, 1.0, 4.0, 3.0, 5.0, 1.0, 2.0, 2.0, 3.0, 1.0, 1.0, 0.0, 1.0, 0.0, 0.0, 1.0], "bins": [-0.2054593414068222, -0.1987665444612503, -0.1920737326145172, -0.1853809356689453, -0.1786881387233734, -0.17199532687664032, -0.16530252993106842, -0.15860971808433533, -0.15191692113876343, -0.14522412419319153, -0.13853131234645844, -0.13183851540088654, -0.12514570355415344, -0.11845290660858154, -0.11176010966300964, -0.10506730526685715, -0.09837450087070465, -0.09168169647455215, -0.08498889207839966, -0.07829609513282776, -0.07160329073667526, -0.06491048634052277, -0.05821768566966057, -0.05152488499879837, -0.044832080602645874, -0.03813927620649338, -0.03144647553563118, -0.024753673002123833, -0.018060870468616486, -0.01136806607246399, -0.004675265401601791, 0.0020175352692604065, 0.008710339665412903, 0.01540314219892025, 0.022095944732427597, 0.028788747265934944, 0.03548154979944229, 0.04217435419559479, 0.048867154866456985, 0.05555995553731918, 0.06225275993347168, 0.06894556432962418, 0.07563836872577667, 0.08233116567134857, 0.08902397006750107, 0.09571677446365356, 0.10240957140922546, 0.10910237580537796, 0.11579518020153046, 0.12248798459768295, 0.12918078899383545, 0.13587358593940735, 0.14256638288497925, 0.14925919473171234, 0.15595199167728424, 0.16264480352401733, 0.16933760046958923, 0.17603039741516113, 0.18272320926189423, 0.18941600620746613, 0.19610881805419922, 0.20280161499977112, 0.20949441194534302, 0.21618720889091492, 0.222880020737648]}, "parameters/conv1.bias": {"_type": "histogram", "values": [1.0, 0.0, 0.0, 0.0, 0.0, 0.0, 1.0, 0.0, 0.0, 0.0, 0.0, 0.0, 0.0, 1.0, 0.0, 0.0, 0.0, 0.0, 0.0, 0.0, 0.0, 0.0, 0.0, 0.0, 0.0, 0.0, 0.0, 0.0, 0.0, 0.0, 0.0, 0.0, 0.0, 0.0, 0.0, 0.0, 0.0, 0.0, 0.0, 0.0, 0.0, 0.0, 0.0, 0.0, 0.0, 0.0, 0.0, 0.0, 0.0, 0.0, 0.0, 0.0, 0.0, 0.0, 0.0, 0.0, 0.0, 0.0, 0.0, 0.0, 0.0, 0.0, 0.0, 1.0], "bins": [0.15373921394348145, 0.15752673149108887, 0.16131426393985748, 0.1651017814874649, 0.16888929903507233, 0.17267681658267975, 0.17646434903144836, 0.1802518665790558, 0.1840393841266632, 0.18782690167427063, 0.19161443412303925, 0.19540195167064667, 0.1991894692182541, 0.2029769867658615, 0.20676451921463013, 0.21055203676223755, 0.21433955430984497, 0.2181270718574524, 0.221914604306221, 0.22570212185382843, 0.22948963940143585, 0.23327715694904327, 0.2370646893978119, 0.2408522069454193, 0.24463973939418793, 0.24842725694179535, 0.25221478939056396, 0.2560023069381714, 0.2597898244857788, 0.26357734203338623, 0.26736485958099365, 0.2711523771286011, 0.2749398946762085, 0.2787274122238159, 0.28251492977142334, 0.28630244731903076, 0.29008999466896057, 0.293877512216568, 0.2976650297641754, 0.30145254731178284, 0.30524009466171265, 0.30902761220932007, 0.3128151297569275, 0.3166026473045349, 0.3203901946544647, 0.32417771220207214, 0.32796522974967957, 0.331752747297287, 0.3355402648448944, 0.33932778239250183, 0.34311529994010925, 0.3469028174877167, 0.3506903648376465, 0.3544778823852539, 0.35826539993286133, 0.36205291748046875, 0.36584043502807617, 0.3696279525756836, 0.373415470123291, 0.37720298767089844, 0.38099053502082825, 0.38477805256843567, 0.3885655701160431, 0.3923530876636505, 0.39614060521125793]}, "parameters/conv2.weight": {"_type": "histogram", "values": [1.0, 1.0, 0.0, 0.0, 1.0, 1.0, 1.0, 3.0, 2.0, 4.0, 5.0, 4.0, 3.0, 3.0, 5.0, 4.0, 8.0, 11.0, 10.0, 7.0, 11.0, 9.0, 5.0, 9.0, 4.0, 5.0, 7.0, 7.0, 11.0, 6.0, 8.0, 6.0, 5.0, 6.0, 3.0, 7.0, 4.0, 5.0, 4.0, 10.0, 6.0, 3.0, 10.0, 4.0, 7.0, 4.0, 8.0, 5.0, 7.0, 4.0, 4.0, 5.0, 11.0, 3.0, 2.0, 2.0, 3.0, 1.0, 1.0, 1.0, 2.0, 0.0, 0.0, 1.0], "bins": [-0.12109912931919098, -0.1167629137635231, -0.11242669075727463, -0.10809047520160675, -0.10375425219535828, -0.0994180366396904, -0.09508182108402252, -0.09074559807777405, -0.08640937507152557, -0.0820731595158577, -0.07773693650960922, -0.07340072095394135, -0.06906449794769287, -0.064728282392025, -0.06039206311106682, -0.05605584383010864, -0.051719628274440765, -0.04738340899348259, -0.043047189712524414, -0.03871097415685654, -0.03437475115060806, -0.030038533732295036, -0.02570231631398201, -0.021366097033023834, -0.01702987775206566, -0.012693658471107483, -0.008357440121471882, -0.004021221771836281, 0.00031499750912189484, 0.0046512167900800705, 0.008987434208393097, 0.013323653489351273, 0.017659872770309448, 0.021996092051267624, 0.0263323113322258, 0.030668528750538826, 0.03500474989414215, 0.03934096544981003, 0.043677184730768204, 0.04801340401172638, 0.052349623292684555, 0.05668584257364273, 0.061022061854600906, 0.06535828113555908, 0.06969449669122696, 0.07403071969747543, 0.07836693525314331, 0.08270315825939178, 0.08703937381505966, 0.09137558937072754, 0.09571181237697601, 0.10004802793264389, 0.10438425093889236, 0.10872046649456024, 0.11305668950080872, 0.11739290505647659, 0.12172912061214447, 0.12606534361839294, 0.13040155172348022, 0.1347377747297287, 0.13907399773597717, 0.14341022074222565, 0.14774642884731293, 0.1520826518535614, 0.15641887485980988]}, "parameters/conv2.bias": {"_type": "histogram", "values": [1.0, 0.0, 0.0, 0.0, 0.0, 0.0, 0.0, 0.0, 0.0, 0.0, 0.0, 0.0, 0.0, 0.0, 0.0, 0.0, 0.0, 0.0, 1.0, 0.0, 0.0, 0.0, 0.0, 0.0, 0.0, 0.0, 0.0, 0.0, 0.0, 0.0, 0.0, 0.0, 0.0, 0.0, 0.0, 0.0, 0.0, 0.0, 0.0, 0.0, 0.0, 0.0, 0.0, 0.0, 0.0, 0.0, 0.0, 0.0, 0.0, 0.0, 0.0, 0.0, 0.0, 0.0, 0.0, 0.0, 0.0, 0.0, 0.0, 0.0, 0.0, 0.0, 0.0, 1.0], "bins": [-0.671951949596405, -0.6660139560699463, -0.6600760221481323, -0.6541380286216736, -0.6482000350952148, -0.6422620415687561, -0.6363240480422974, -0.6303861141204834, -0.6244481205940247, -0.6185101270675659, -0.612572193145752, -0.6066341996192932, -0.6006962060928345, -0.5947582125663757, -0.588820219039917, -0.582882285118103, -0.5769442915916443, -0.5710062980651855, -0.5650683641433716, -0.5591303706169128, -0.5531923770904541, -0.5472543835639954, -0.5413163900375366, -0.5353784561157227, -0.5294404625892639, -0.5235024690628052, -0.5175645351409912, -0.5116265416145325, -0.5056885480880737, -0.499750554561615, -0.49381259083747864, -0.4878746271133423, -0.48193663358688354, -0.4759986400604248, -0.47006067633628845, -0.4641227126121521, -0.45818471908569336, -0.4522467255592346, -0.44630876183509827, -0.4403707981109619, -0.4344328045845032, -0.42849481105804443, -0.4225568473339081, -0.41661888360977173, -0.410680890083313, -0.40474289655685425, -0.3988049328327179, -0.39286696910858154, -0.3869289755821228, -0.38099098205566406, -0.3750530183315277, -0.36911505460739136, -0.3631770610809326, -0.3572390675544739, -0.3513011038303375, -0.34536314010620117, -0.33942514657974243, -0.3334871530532837, -0.32754918932914734, -0.321611225605011, -0.31567323207855225, -0.3097352385520935, -0.30379727482795715, -0.2978593111038208, -0.29192131757736206]}, "gradients/conv2.bias": {"_type": "histogram", "values": [1.0, 0.0, 0.0, 0.0, 0.0, 0.0, 0.0, 0.0, 0.0, 0.0, 0.0, 0.0, 0.0, 1.0, 0.0, 0.0, 0.0, 0.0, 0.0, 0.0, 0.0, 0.0, 0.0, 0.0, 0.0, 0.0, 0.0, 0.0, 0.0, 0.0, 0.0, 0.0, 0.0, 0.0, 0.0, 0.0, 0.0, 0.0, 0.0, 0.0, 0.0, 0.0, 0.0, 0.0, 0.0, 0.0, 0.0, 0.0, 0.0, 0.0, 0.0, 0.0, 0.0, 0.0, 0.0, 0.0, 0.0, 0.0, 0.0, 0.0, 0.0, 0.0, 0.0, 1.0],