{"parameters/conv1.weight": {"_type": "histogram", "values": [2.0, 1.0, 6.0, 4.0, 7.0, 6.0, 9.0, 5.0, 7.0, 3.0, 9.0, 5.0, 7.0, 7.0, 5.0, 12.0, 7.0, 9.0, 4.0, 5.0, 7.0, 6.0, 8.0, 8.0, 12.0, 5.0, 4.0, 15.0, 9.0, 3.0, 7.0, 6.0, 4.0, 7.0, 4.0, 6.0, 8.0, 9.0, 6.0, 2.0, 7.0, 6.0, 11.0, 8.0, 8.0, 4.0, 5.0, 11.0, 9.0, 7.0, 6.0, 3.0, 3.0, 6.0, 9.0, 4.0, 5.0, 7.0, 7.0, 2.0, 5.0, 6.0, 3.0, 2.0], "bins": [-0.2207018882036209, -0.21385890245437622, -0.20701591670513153, -0.20017293095588684, -0.19332994520664215, -0.18648695945739746, -0.17964397370815277, -0.17280098795890808, -0.1659580022096634, -0.1591150164604187, -0.152272030711174, -0.14542904496192932, -0.13858605921268463, -0.13174307346343994, -0.12490008771419525, -0.11805710196495056, -0.11121411621570587, -0.10437113046646118, -0.09752814471721649, -0.0906851589679718, -0.08384217321872711, -0.07699918746948242, -0.07015620172023773, -0.06331321597099304, -0.05647023022174835, -0.04962724447250366, -0.04278425872325897, -0.03594127297401428, -0.029098287224769592, -0.022255301475524902, -0.015412315726280212, -0.008569329977035522, -0.0017263293266296387, 0.005116656422615051, 0.011959642171859741, 0.01880262792110443, 0.02564561367034912, 0.03248859941959381, 0.0393315851688385, 0.04617457091808319, 0.05301755666732788, 0.05986054241657257, 0.06670352816581726, 0.07354651391506195, 0.08038949966430664, 0.08723248541355133, 0.09407547116279602, 0.10091845691204071, 0.1077614426612854, 0.11460442841053009, 0.12144741415977478, 0.12829039990901947, 0.13513338565826416, 0.14197637140750885, 0.14881935715675354, 0.15566234290599823, 0.16250532865524292, 0.1693483144044876, 0.1761913001537323, 0.183034285902977, 0.18987727165222168, 0.19672025740146637, 0.20356324315071106, 0.21040622889995575, 0.21724921464920044]}, "parameters/conv1.bias": {"_type": "histogram", "values": [1.0, 0.0, 0.0, 0.0, 0.0, 0.0, 1.0, 2.0, 0.0, 1.0, 0.0, 0.0, 0.0, 0.0, 0.0, 0.0, 2.0, 0.0, 0.0, 0.0, 0.0, 0.0, 0.0, 1.0, 0.0, 0.0, 0.0, 0.0, 0.0, 0.0, 0.0, 1.0, 0.0, 2.0, 0.0, 0.0, 1.0, 0.0, 0.0, 1.0, 0.0, 0.0, 0.0, 0.0, 0.0, 0.0, 0.0, 1.0, 1.0, 0.0, 0.0, 0.0, 0.0, 0.0, 0.0, 0.0, 0.0, 0.0, 0.0, 0.0, 0.0, 0.0, 0.0, 1.0], "bins": [-0.19535279273986816, -0.18794818222522736, -0.18054355680942535, -0.17313894629478455, -0.16573433578014374, -0.15832971036434174, -0.15092509984970093, -0.14352047443389893, -0.13611586391925812, -0.1287112534046173, -0.1213066354393959, -0.1139020174741745, -0.1064973995089531, -0.09909278154373169, -0.09168817102909088, -0.08428355306386948, -0.07687894254922867, -0.06947432458400726, -0.06206971034407616, -0.05466509610414505, -0.047260478138923645, -0.03985586389899254, -0.03245124965906143, -0.025046631693840027, -0.01764201745390892, -0.010237401351332664, -0.0028327861800789833, 0.004571828991174698, 0.011976445093750954, 0.01938106119632721, 0.026785675436258316, 0.03419029340147972, 0.04159490764141083, 0.048999521881341934, 0.05640413984656334, 0.06380875408649445, 0.07121337205171585, 0.07861799001693726, 0.08602260053157806, 0.09342721849679947, 0.10083183646202087, 0.10823645442724228, 0.11564106494188309, 0.12304568290710449, 0.1304502934217453, 0.1378549188375473, 0.1452595293521881, 0.1526641547679901, 0.16006875038146973, 0.16747336089611053, 0.17487798631191254, 0.18228259682655334, 0.18968720734119415, 0.19709183275699615, 0.20449644327163696, 0.21190106868743896, 0.21930567920207977, 0.22671028971672058, 0.23411491513252258, 0.2415195256471634, 0.2489241361618042, 0.2563287615776062, 0.2637333869934082, 0.2711379826068878, 0.2785426080226898]}, "parameters/conv2.weight": {"_type": "histogram", "values": [3.0, 0.0, 0.0, 2.0, 3.0, 6.0, 2.0, 2.0, 5.0, 5.0, 8.0, 9.0, 16.0, 18.0, 22.0, 21.0, 23.0, 31.0, 26.0, 27.0, 27.0, 27.0, 37.0, 27.0, 35.0, 26.0, 37.0, 40.0, 35.0, 25.0, 35.0, 29.0, 33.0, 46.0, 35.0, 28.0, 31.0, 32.0, 36.0, 25.0, 40.0, 21.0, 20.0, 33.0, 20.0, 35.0, 24.0, 26.0, 20.0, 23.0, 20.0, 8.0, 10.0, 8.0, 3.0, 2.0, 4.0, 0.0, 2.0, 0.0, 2.0, 0.0, 2.0, 2.0], "bins": [-0.08704142272472382, -0.08431889116764069, -0.08159635961055756, -0.07887382805347443, -0.0761513039469719, -0.07342877238988876, -0.07070624083280563, -0.0679837092757225, -0.06526118516921997, -0.06253865361213684, -0.05981612578034401, -0.05709359422326088, -0.05437106639146805, -0.05164853483438492, -0.04892600327730179, -0.04620347172021866, -0.04348094016313553, -0.0407584086060524, -0.03803588077425957, -0.03531334921717644, -0.032590821385383606, -0.029868289828300476, -0.027145758271217346, -0.024423228576779366, -0.021700698882341385, -0.018978169187903404, -0.016255639493465424, -0.013533107936382294, -0.010810578241944313, -0.008088048547506332, -0.0053655169904232025, -0.002642987295985222, 7.953494787216187e-05, 0.00280206510797143, 0.005524595268070698, 0.008247125893831253, 0.010969655588269234, 0.013692185282707214, 0.016414716839790344, 0.019137246534228325, 0.021859776228666306, 0.024582305923104286, 0.027304835617542267, 0.030027367174625397, 0.03274989873170853, 0.03547242656350136, 0.03819495812058449, 0.04091748595237732, 0.04364001750946045, 0.04636254906654358, 0.04908507689833641, 0.05180760845541954, 0.05453013628721237, 0.0572526678442955, 0.05997519940137863, 0.06269773095846176, 0.0654202550649643, 0.06814278662204742, 0.07086531817913055, 0.07358784973621368, 0.07631037384271622, 0.07903290539979935, 0.08175543695688248, 0.0844779685139656, 0.08720050007104874]}, "parameters/conv2.bias": {"_type": "histogram", "values": [1.0, 0.0, 0.0, 0.0, 0.0, 0.0, 0.0, 0.0, 0.0, 0.0, 0.0, 0.0, 0.0, 0.0, 0.0, 0.0, 0.0, 0.0, 0.0, 0.0, 1.0, 0.0, 0.0, 0.0, 0.0, 0.0, 0.0, 0.0, 0.0, 0.0, 0.0, 0.0, 0.0, 0.0, 0.0, 0.0, 0.0, 0.0, 0.0, 0.0, 0.0, 0.0, 0.0, 0.0, 0.0, 0.0, 0.0, 0.0, 0.0, 0.0, 0.0, 0.0, 0.0, 0.0, 0.0, 0.0, 0.0, 0.0, 0.0, 0.0, 0.0, 0.0, 0.0, 1.0], "bins": [-0.03319187089800835, -0.03070668876171112, -0.028221506625413895, -0.02573632448911667, -0.023251142352819443, -0.020765960216522217, -0.01828077621757984, -0.015795594081282616, -0.01331041194498539, -0.010825229808688164, -0.008340047672390938, -0.005854864604771137, -0.0033696824684739113, -0.0008845003321766853, 0.0016006827354431152, 0.004085864871740341, 0.006571047008037567, 0.009056229144334793, 0.011541411280632019, 0.01402659434825182, 0.01651177555322647, 0.018996957689523697, 0.021482141688466072, 0.023967323824763298, 0.026452505961060524, 0.02893768809735775, 0.031422872096300125, 0.03390805423259735, 0.03639323636889458, 0.0388784185051918, 0.04136360064148903, 0.043848782777786255, 0.04633396118879318, 0.04881914332509041, 0.051304325461387634, 0.05378950759768486, 0.056274689733982086, 0.05875987187027931, 0.06124505400657654, 0.06373023986816406, 0.06621541827917099, 0.06870060414075851, 0.07118578255176544, 0.07367096841335297, 0.0761561468243599, 0.07864133268594742, 0.08112651109695435, 0.08361169695854187, 0.0860968828201294, 0.08858206868171692, 0.09106724709272385, 0.09355243295431137, 0.0960376113653183, 0.09852279722690582, 0.10100797563791275, 0.10349316149950027, 0.1059783399105072, 0.10846352577209473, 0.11094870418310165, 0.11343389004468918, 0.1159190684556961, 0.11840425431728363, 0.12088943272829056, 0.12337461858987808, 0.125859797000885]}, "gradients/conv2.bias": {"_type": "histogram", "values": [1.0, 0.0, 0.0, 0.0, 0.0, 0.0, 0.0, 0.0, 0.0, 0.0, 0.0, 0.0, 0.0, 0.0, 0.0, 0.0, 0.0, 0.0, 0.0, 0.0, 0.0, 0.0, 0.0, 0.0, 0.0, 0.0, 0.0, 0.0, 0.0, 0.0, 0.0, 0.0, 0.0, 0.0, 0.0, 0.0, 0.0, 0.0, 0.0, 0.0, 0.0, 0.0, 0.0, 0.0, 0.0, 0.0, 0.0, 0.0, 0.0, 0.0, 0.0, 0.0, 0.0, 0.0, 0.0, 0.0, 0.0, 0.0, 0.0, 1.0, 0.0, 0.0, 0.0, 1.0],