{"parameters/conv1.weight": {"_type": "histogram", "values": [1.0, 0.0, 0.0, 0.0, 1.0, 0.0, 0.0, 0.0, 0.0, 2.0, 2.0, 0.0, 0.0, 5.0, 0.0, 0.0, 1.0, 1.0, 4.0, 0.0, 1.0, 3.0, 0.0, 1.0, 2.0, 0.0, 1.0, 2.0, 1.0, 1.0, 2.0, 1.0, 0.0, 0.0, 0.0, 1.0, 0.0, 1.0, 1.0, 0.0, 2.0, 2.0, 1.0, 0.0, 1.0, 0.0, 1.0, 0.0, 0.0, 1.0, 4.0, 0.0, 1.0, 0.0, 0.0, 0.0, 1.0, 0.0, 0.0, 0.0, 0.0, 0.0, 0.0, 1.0], "bins": [-0.2214992344379425, -0.21452663838863373, -0.20755402743816376, -0.20058143138885498, -0.193608820438385, -0.18663622438907623, -0.17966362833976746, -0.17269101738929749, -0.16571840643882751, -0.15874581038951874, -0.15177319943904877, -0.14480060338974, -0.13782799243927002, -0.13085539638996124, -0.12388279289007187, -0.1169101893901825, -0.10993759334087372, -0.10296498984098434, -0.09599238634109497, -0.0890197902917862, -0.08204717934131622, -0.07507458329200745, -0.06810197979211807, -0.0611293762922287, -0.054156772792339325, -0.04718416929244995, -0.04021156579256058, -0.0332389660179615, -0.02626636251807213, -0.019293759018182755, -0.01232115924358368, -0.005348555743694305, 0.0016240328550338745, 0.008596635423600674, 0.015569237992167473, 0.022541839629411697, 0.02951444312930107, 0.036487046629190445, 0.04345964640378952, 0.050432249903678894, 0.05740485340356827, 0.06437745690345764, 0.07135006040334702, 0.07832266390323639, 0.08529525995254517, 0.09226787090301514, 0.09924046695232391, 0.10621307045221329, 0.11318567395210266, 0.12015827745199203, 0.1271308809518814, 0.13410347700119019, 0.14107608795166016, 0.14804868400096893, 0.1550212800502777, 0.16199389100074768, 0.16896650195121765, 0.17593909800052643, 0.1829117089509964, 0.18988430500030518, 0.19685691595077515, 0.20382951200008392, 0.2108021080493927, 0.21777471899986267, 0.22474731504917145]}, "parameters/conv1.bias": {"_type": "histogram", "values": [1.0, 0.0, 0.0, 0.0, 0.0, 0.0, 0.0, 0.0, 0.0, 0.0, 0.0, 0.0, 0.0, 0.0, 0.0, 0.0, 0.0, 0.0, 0.0, 0.0, 0.0, 0.0, 0.0, 0.0, 0.0, 0.0, 0.0, 0.0, 0.0, 0.0, 0.0, 0.0, 0.0, 0.0, 0.0, 0.0, 0.0, 0.0, 0.0, 0.0, 0.0, 0.0, 0.0, 0.0, 0.0, 0.0, 0.0, 0.0, 0.0, 0.0, 0.0, 0.0, 0.0, 0.0, 0.0, 0.0, 0.0, 0.0, 0.0, 0.0, 0.0, 0.0, 0.0, 1.0], "bins": [-0.16626328229904175, -0.15763802826404572, -0.14901278913021088, -0.14038753509521484, -0.13176229596138, -0.12313704192638397, -0.11451179534196854, -0.1058865487575531, -0.09726130217313766, -0.08863605558872223, -0.0800108090043068, -0.07138556241989136, -0.06276030838489532, -0.05413506552577019, -0.04550981521606445, -0.03688456863164902, -0.02825932204723358, -0.019634075462818146, -0.01100882701575756, -0.0023835785686969757, 0.00624166801571846, 0.014866914600133896, 0.02349216490983963, 0.032117411494255066, 0.0407426580786705, 0.04936790466308594, 0.05799315124750137, 0.06661839783191681, 0.07524365186691284, 0.08386889100074768, 0.09249414503574371, 0.10111939162015915, 0.10974463820457458, 0.11836988478899002, 0.12699513137340546, 0.1356203854084015, 0.14424562454223633, 0.15287087857723236, 0.1614961326122284, 0.17012137174606323, 0.17874661087989807, 0.1873718649148941, 0.19599710404872894, 0.20462235808372498, 0.21324759721755981, 0.22187285125255585, 0.23049810528755188, 0.23912334442138672, 0.24774859845638275, 0.2563738524913788, 0.2649990916252136, 0.27362433075904846, 0.2822495996952057, 0.2908748388290405, 0.29950007796287537, 0.3081253170967102, 0.31675058603286743, 0.32537582516670227, 0.3340010941028595, 0.34262633323669434, 0.3512515723705292, 0.359876811504364, 0.36850208044052124, 0.3771273195743561, 0.3857525587081909]}, "parameters/conv2.weight": {"_type": "histogram", "values": [1.0, 0.0, 2.0, 1.0, 1.0, 0.0, 3.0, 1.0, 0.0, 1.0, 0.0, 0.0, 1.0, 3.0, 2.0, 3.0, 3.0, 6.0, 1.0, 4.0, 2.0, 0.0, 3.0, 7.0, 2.0, 3.0, 4.0, 4.0, 5.0, 4.0, 2.0, 2.0, 4.0, 4.0, 5.0, 2.0, 1.0, 3.0, 4.0, 3.0, 3.0, 3.0, 9.0, 3.0, 1.0, 1.0, 3.0, 4.0, 5.0, 4.0, 1.0, 0.0, 3.0, 0.0, 2.0, 4.0, 2.0, 0.0, 1.0, 2.0, 0.0, 0.0, 0.0, 2.0], "bins": [-0.21210862696170807, -0.2065761387348175, -0.20104365050792694, -0.19551116228103638, -0.1899786740541458, -0.18444618582725525, -0.17891369760036469, -0.17338120937347412, -0.16784872114658356, -0.162316232919693, -0.15678374469280243, -0.15125125646591187, -0.1457187682390213, -0.14018628001213074, -0.13465379178524017, -0.1291213035583496, -0.12358880788087845, -0.11805631965398788, -0.11252383142709732, -0.10699134320020676, -0.10145885497331619, -0.09592636674642563, -0.09039387106895447, -0.0848613828420639, -0.07932889461517334, -0.07379640638828278, -0.06826391816139221, -0.06273142993450165, -0.057198941707611084, -0.05166645348072052, -0.04613396152853966, -0.040601473301649094, -0.03506898880004883, -0.029536500573158264, -0.0240040123462677, -0.018471522256731987, -0.012939034029841423, -0.007406545802950859, -0.0018740557134151459, 0.003658432513475418, 0.009190920740365982, 0.014723408967256546, 0.02025589719414711, 0.025788387283682823, 0.031320877373218536, 0.0368533656001091, 0.042385853826999664, 0.04791834205389023, 0.05345083028078079, 0.058983318507671356, 0.06451580673456192, 0.07004829496145248, 0.07558078318834305, 0.08111327141523361, 0.08664576709270477, 0.09217825531959534, 0.0977107435464859, 0.10324323177337646, 0.10877572000026703, 0.11430820822715759, 0.11984069645404816, 0.12537318468093872, 0.13090567290782928, 0.13643816113471985, 0.1419706493616104]}, "parameters/conv2.bias": {"_type": "histogram", "values": [1.0, 0.0, 0.0, 0.0, 0.0, 0.0, 0.0, 0.0, 0.0, 0.0, 0.0, 0.0, 0.0, 0.0, 0.0, 0.0, 0.0, 0.0, 0.0, 0.0, 0.0, 0.0, 0.0, 1.0, 0.0, 0.0, 0.0, 0.0, 0.0, 0.0, 0.0, 0.0, 0.0, 0.0, 0.0, 0.0, 0.0, 0.0, 0.0, 0.0, 0.0, 0.0, 0.0, 0.0, 0.0, 0.0, 0.0, 0.0, 0.0, 0.0, 0.0, 0.0, 0.0, 0.0, 0.0, 0.0, 0.0, 0.0, 0.0, 0.0, 0.0, 0.0, 0.0, 1.0], "bins": [0.1434270143508911, 0.15250346064567566, 0.161579892039299, 0.17065632343292236, 0.1797327697277069, 0.18880921602249146, 0.1978856474161148, 0.20696207880973816, 0.2160385251045227, 0.22511497139930725, 0.2341914027929306, 0.24326783418655396, 0.2523442804813385, 0.26142072677612305, 0.2704971432685852, 0.27957358956336975, 0.2886500358581543, 0.29772648215293884, 0.3068029284477234, 0.31587934494018555, 0.3249557912349701, 0.33403223752975464, 0.3431086540222168, 0.35218510031700134, 0.3612615466117859, 0.37033799290657043, 0.379414439201355, 0.38849085569381714, 0.3975673019886017, 0.40664374828338623, 0.4157201647758484, 0.42479661107063293, 0.4338730573654175, 0.442949503660202, 0.4520259499549866, 0.46110236644744873, 0.4701788127422333, 0.4792552590370178, 0.48833167552948, 0.4974081218242645, 0.5064845681190491, 0.5155609846115112, 0.5246374607086182, 0.5337138772010803, 0.5427902936935425, 0.5518667697906494, 0.5609431862831116, 0.5700196623802185, 0.5790960788726807, 0.5881724953651428, 0.5972489714622498, 0.6063253879547119, 0.6154018640518188, 0.624478280544281, 0.6335546970367432, 0.6426311731338501, 0.6517075896263123, 0.6607840061187744, 0.6698604822158813, 0.6789368987083435, 0.6880133152008057, 0.6970897912979126, 0.7061662077903748, 0.7152426838874817, 0.7243191003799438]}, "gradients/conv2.bias": {"_type": "histogram", "values": [1.0, 0.0, 0.0, 0.0, 0.0, 0.0, 0.0, 0.0, 0.0, 0.0, 1.0, 0.0, 0.0, 0.0, 0.0, 0.0, 0.0, 0.0, 0.0, 0.0, 0.0, 0.0, 0.0, 0.0, 0.0, 0.0, 0.0, 0.0, 0.0, 0.0, 0.0, 0.0, 0.0, 0.0, 0.0, 0.0, 0.0, 0.0, 0.0, 0.0, 0.0, 0.0, 0.0, 0.0, 0.0, 0.0, 0.0, 0.0, 0.0, 0.0, 0.0, 0.0, 0.0, 0.0, 0.0, 0.0, 0.0, 0.0, 0.0, 0.0, 0.0, 0.0, 0.0, 1.0],