{"parameters/conv1.weight": {"_type": "histogram", "values": [2.0, 2.0, 2.0, 0.0, 0.0, 2.0, 0.0, 0.0, 13.0, 5.0, 5.0, 5.0, 12.0, 12.0, 9.0, 7.0, 9.0, 9.0, 8.0, 9.0, 9.0, 7.0, 9.0, 10.0, 5.0, 11.0, 9.0, 8.0, 6.0, 9.0, 12.0, 6.0, 9.0, 8.0, 5.0, 13.0, 7.0, 8.0, 5.0, 11.0, 10.0, 12.0, 12.0, 9.0, 11.0, 6.0, 7.0, 12.0, 9.0, 6.0, 5.0, 6.0, 6.0, 2.0, 3.0, 2.0, 1.0, 0.0, 0.0, 1.0, 1.0, 0.0, 0.0, 1.0], "bins": [-0.27131012082099915, -0.26241210103034973, -0.2535141110420227, -0.2446160912513733, -0.23571808636188507, -0.22682008147239685, -0.21792206168174744, -0.20902405679225922, -0.200126051902771, -0.19122804701328278, -0.18233004212379456, -0.17343202233314514, -0.16453401744365692, -0.1556360125541687, -0.1467379927635193, -0.13783998787403107, -0.12894198298454285, -0.12004397809505463, -0.11114596575498581, -0.10224795341491699, -0.09334994852542877, -0.08445194363594055, -0.07555393129587173, -0.06665591895580292, -0.0577579140663147, -0.04885990545153618, -0.03996189683675766, -0.03106388822197914, -0.022165879607200623, -0.013267870992422104, -0.004369862377643585, 0.0045281462371349335, 0.013426154851913452, 0.02232416346669197, 0.03122217208147049, 0.04012018069624901, 0.04901818931102753, 0.057916197925806046, 0.06681420654058456, 0.07571221888065338, 0.0846102237701416, 0.09350822865962982, 0.10240624099969864, 0.11130425333976746, 0.12020225822925568, 0.1291002631187439, 0.1379982829093933, 0.14689628779888153, 0.15579429268836975, 0.16469229757785797, 0.1735903024673462, 0.1824883222579956, 0.19138632714748383, 0.20028433203697205, 0.20918235182762146, 0.21808035671710968, 0.2269783616065979, 0.23587636649608612, 0.24477437138557434, 0.25367239117622375, 0.2625703811645508, 0.2714684009552002, 0.2803664207458496, 0.28926441073417664, 0.29816243052482605]}, "parameters/conv1.bias": {"_type": "histogram", "values": [2.0, 0.0, 0.0, 0.0, 0.0, 0.0, 0.0, 0.0, 2.0, 0.0, 1.0, 0.0, 0.0, 0.0, 1.0, 0.0, 0.0, 0.0, 1.0, 0.0, 0.0, 0.0, 2.0, 0.0, 0.0, 1.0, 0.0, 0.0, 0.0, 0.0, 0.0, 0.0, 0.0, 0.0, 1.0, 0.0, 0.0, 0.0, 0.0, 1.0, 0.0, 1.0, 0.0, 0.0, 0.0, 0.0, 0.0, 0.0, 1.0, 0.0, 0.0, 0.0, 0.0, 0.0, 0.0, 1.0, 0.0, 0.0, 0.0, 0.0, 0.0, 0.0, 0.0, 1.0], "bins": [-0.2255697101354599, -0.21741412580013275, -0.2092585265636444, -0.20110294222831726, -0.19294734299182892, -0.18479175865650177, -0.17663615942001343, -0.16848057508468628, -0.16032499074935913, -0.15216940641403198, -0.14401380717754364, -0.1358582228422165, -0.12770262360572815, -0.119547039270401, -0.11139144748449326, -0.10323585569858551, -0.09508025646209717, -0.08692466467618942, -0.07876907289028168, -0.07061348855495453, -0.062457893043756485, -0.05430230125784874, -0.04614671319723129, -0.03799112141132355, -0.029835529625415802, -0.021679937839508057, -0.01352434791624546, -0.005368757992982864, 0.002786833792924881, 0.010942425578832626, 0.019098013639450073, 0.02725360542535782, 0.03540921211242676, 0.0435648038983345, 0.05172039568424225, 0.059875983744859695, 0.06803157925605774, 0.07618716359138489, 0.08434275537729263, 0.09249834716320038, 0.10065393894910812, 0.10880953073501587, 0.11696512252092361, 0.12512071430683136, 0.1332762986421585, 0.14143189787864685, 0.149587482213974, 0.15774306654930115, 0.1658986657857895, 0.17405425012111664, 0.18220984935760498, 0.19036543369293213, 0.19852103292942047, 0.20667661726474762, 0.21483221650123596, 0.2229878008365631, 0.23114338517189026, 0.2392989695072174, 0.24745456874370575, 0.2556101679801941, 0.26376575231552124, 0.2719213366508484, 0.28007692098617554, 0.2882325053215027, 0.2963881194591522]}, "parameters/conv2.weight": {"_type": "histogram", "values": [1.0, 0.0, 0.0, 0.0, 0.0, 0.0, 0.0, 0.0, 0.0, 1.0, 2.0, 2.0, 1.0, 3.0, 7.0, 6.0, 4.0, 5.0, 6.0, 6.0, 16.0, 5.0, 18.0, 13.0, 28.0, 28.0, 29.0, 38.0, 37.0, 32.0, 36.0, 52.0, 65.0, 55.0, 47.0, 56.0, 46.0, 54.0, 50.0, 61.0, 57.0, 57.0, 45.0, 31.0, 33.0, 31.0, 19.0, 24.0, 23.0, 15.0, 11.0, 5.0, 10.0, 7.0, 2.0, 5.0, 4.0, 4.0, 2.0, 1.0, 1.0, 1.0, 0.0, 2.0], "bins": [-0.16522938013076782, -0.1606742888689041, -0.1561191976070404, -0.1515641063451767, -0.147009015083313, -0.14245392382144928, -0.13789883255958557, -0.13334374129772186, -0.12878865003585815, -0.12423355877399445, -0.11967846751213074, -0.11512337625026703, -0.11056828498840332, -0.10601319372653961, -0.1014581024646759, -0.0969030112028122, -0.09234791994094849, -0.08779282867908478, -0.08323773741722107, -0.07868264615535736, -0.07412755489349365, -0.06957246363162994, -0.06501737236976624, -0.06046228110790253, -0.05590718984603882, -0.05135209858417511, -0.0467970073223114, -0.04224191606044769, -0.037686824798583984, -0.033131733536720276, -0.028576642274856567, -0.02402155101299286, -0.019466474652290344, -0.014911383390426636, -0.010356292128562927, -0.005801200866699219, -0.0012461096048355103, 0.0033089816570281982, 0.007864072918891907, 0.012419164180755615, 0.016974255442619324, 0.021529346704483032, 0.02608443796634674, 0.03063952922821045, 0.03519462049007416, 0.039749711751937866, 0.044304803013801575, 0.04885989427566528, 0.05341498553752899, 0.0579700767993927, 0.06252516806125641, 0.06708025932312012, 0.07163535058498383, 0.07619044184684753, 0.08074553310871124, 0.08530062437057495, 0.08985571563243866, 0.09441080689430237, 0.09896589815616608, 0.10352098941802979, 0.1080760806798935, 0.1126311719417572, 0.11718626320362091, 0.12174135446548462, 0.12629644572734833]}, "parameters/conv2.bias": {"_type": "histogram", "values": [1.0, 0.0, 0.0, 0.0, 0.0, 0.0, 0.0, 0.0, 0.0, 0.0, 0.0, 0.0, 0.0, 0.0, 0.0, 0.0, 0.0, 0.0, 0.0, 0.0, 0.0, 0.0, 1.0, 0.0, 0.0, 0.0, 0.0, 0.0, 0.0, 0.0, 0.0, 0.0, 0.0, 0.0, 0.0, 0.0, 0.0, 0.0, 0.0, 0.0, 0.0, 0.0, 0.0, 0.0, 0.0, 0.0, 0.0, 0.0, 0.0, 0.0, 0.0, 0.0, 0.0, 0.0, 0.0, 0.0, 0.0, 0.0, 0.0, 0.0, 0.0, 0.0, 0.0, 1.0], "bins": [-0.15655234456062317, -0.1511153131723404, -0.1456782966852188, -0.14024126529693604, -0.13480424880981445, -0.12936721742153168, -0.1239301934838295, -0.11849316954612732, -0.11305614560842514, -0.10761912167072296, -0.10218209773302078, -0.0967450737953186, -0.09130804240703583, -0.08587102591991425, -0.08043399453163147, -0.07499697059392929, -0.06955994665622711, -0.06412292271852493, -0.058685898780822754, -0.053248871117830276, -0.0478118471801281, -0.04237482324242592, -0.03693779557943344, -0.03150077164173126, -0.026063747704029083, -0.020626723766326904, -0.015189697965979576, -0.009752672165632248, -0.004315648227930069, 0.00112137570977211, 0.006558403372764587, 0.011995427310466766, 0.017432451248168945, 0.022869475185871124, 0.028306500986218452, 0.03374352678656578, 0.03918055072426796, 0.04461757466197014, 0.050054602324962616, 0.055491626262664795, 0.060928650200366974, 0.06636567413806915, 0.07180269807577133, 0.07723972201347351, 0.08267675340175629, 0.08811376988887787, 0.09355080127716064, 0.09898782521486282, 0.104424849152565, 0.10986187309026718, 0.11529889702796936, 0.12073592841625214, 0.12617294490337372, 0.1316099762916565, 0.13704699277877808, 0.14248402416706085, 0.14792105555534363, 0.1533580869436264, 0.15879510343074799, 0.16423213481903076, 0.16966915130615234, 0.17510618269443512, 0.1805432140827179, 0.18598023056983948, 0.19141724705696106]}, "gradients/conv2.bias": {"_type": "histogram", "values": [1.0, 0.0, 0.0, 0.0, 0.0, 0.0, 0.0, 0.0, 0.0, 0.0, 0.0, 0.0, 0.0, 0.0, 0.0, 0.0, 0.0, 0.0, 0.0, 0.0, 0.0, 0.0, 0.0, 0.0, 1.0, 0.0, 0.0, 0.0, 0.0, 0.0, 0.0, 0.0, 0.0, 0.0, 0.0, 0.0, 0.0, 0.0, 0.0, 0.0, 0.0, 0.0, 0.0, 0.0, 0.0, 0.0, 0.0, 0.0, 0.0, 0.0, 0.0, 0.0, 0.0, 0.0, 0.0, 0.0, 0.0, 0.0, 0.0, 0.0, 0.0, 0.0, 0.0, 1.0],